order_id,customer_id,order_date,customer_first_name,customer_last_name,city,customer_segment,sales_channel,product,quantity,unit_price,discount,shipping_fee,tax_rate,cost_per_unit,campaign,payment_method,order_status,sales_rep,total_amount,gross_amount
ORD-0005838,C10913,2024-03-27 00:00:00,Chloe,Naidoo,Cape Town,Consumer,Store,Keyboard,3.0,429.6,0.05,99.32,0.15,310.67,None,EFT,Completed,Rep C,1507.32,
ORD-0003746,C10344,2024-11-25 00:00:00,Fatima,Khumalo,Benoni,Small Business,Marketplace,SSD,1.0,1817.4,0.0,98.97,0.15,1272.7,None,Cash,Returned,,2188.98,
ORD-0001771,C10474,2024-09-14 00:00:00,Priya,Nkosi,Pretoria,Consumer,Marketplace,SSD,4.0,2079.13,0.2,52.72,0.15,1637.88,None,Card,Pending,,7703.93,
ORD-0002839,C11037,2025-03-05 00:00:00,Fatima,Mthembu,Benoni,Corporate,Online,Tablet,1.0,6889.86,0.08,135.16,0.15,5472.13,None,Mobile Wallet,Completed,,7424.63,6889.86
ORD-0000629,C11634,2024-09-09 00:00:00,Lerato,Khumalo,Pretoria,Corporate,Online,Laptop,4.0,21067.91,0.0,31.42,0.15,12375.85,None,Card,Returned,,96943.79,
ORD-0003739,C10181,05 Nov 2024,Daniel,Naidoo,Bloemfontein,Small Business,Online,Printer,3.0,3112.57,0.0,61.14,0.15,2383.49,Summer Sale,Bank Transfer,Completed,,10799.51,
ORD-0000017,C10533,2024-05-09 00:00:00,Aisha,Mthembu,Polokwane,Consumer,Online,Headset,2.0,1971.24,0.08,167.94,0.15,1340.83,None,EFT,Returned,,4339.09,
ORD-0002868,C12947,2024-02-10 00:00:00,Andile,Nkosi,Durban,Small Business,Marketplace,Keyboard,6.0,417.08,0.1,128.64,0.15,290.29,New Customer,Mobile Wallet,Pending,,2718.71,
ORD-0002446,C11466,2025-04-24 00:00:00,Megan,Dlamini,Bloemfontein,Corporate,Store,Tablet,2.0,9763.33,0.2,97.64,0.15,6393.16,None,EFT,Completed,Rep E,18062.17,
ORD-0001666,C12259,2024-06-16 00:00:00,Siyanda,Mthembu,Bloemfontein,Consumer,Marketplace,Keyboard,2.0,1187.79,0.08,87.07,0.15,1015.58,New Customer,Card,Completed,,2600.43,
ORD-0002822,C11998,2024-10-21 00:00:00,Nomsa,Mokoena,Nelspruit,Corporate,Online,Router,1.0,1658.74,0.0,202.68,0.15,1160.5,None,Card,Completed,,2110.23,
ORD-0002730,C10008,2025-01-24 00:00:00,Megan,Patel,Johannesburg,Small Business,Online,Headset,3.0,715.13,,1.91,0.15,564.9,None,Mobile Wallet,Completed,,1975.66,
ORD-0000168,C11829,2025-12-17 00:00:00,Fatima,Naidoo,Polokwane,Consumer,Online,Keyboard,1.0,1110.89,0.0,170.5,0.15,657.85,None,Card,Completed,,1448.03,
ORD-0005924,C10964,2025-09-25 00:00:00,Priya,Khumalo,Gqeberha,Small Business,Online,Printer,1.0,4454.77,0.08,219.82,0.15,3356.95,None,Card,Returned,,4932.96,
ORD-0003484,C12447,2024-05-18 00:00:00,Zanele,Khumalo,Durban,Corporate,Online,Router,5.0,1111.86,0.1,126.38,0.15,851.17,Black Friday,EFT,Cancelled,,5880.25,
ORD-0003689,C12010,2024-06-17 00:00:00,Lerato,Patel,Durban,Corporate,Store,Printer,1.0,6287.17,0.05,100.2,0.15,4330.75,None,EFT,Completed,Rep C,6968.94,
ORD-0004655,C10965,2025-01-22 00:00:00,Jason,Williams,Pretoria,Consumer,Online,Webcam,2.0,2379.88,0.08,85.36,0.15,1574.38,Black Friday,Card,Completed,,5121.2,
ORD-0003251,C11622,2025-01-22 00:00:00,Megan,Dlamini,Durban,Consumer,Marketplace,Headset,4.0,1021.86,0.08,9.97,0.15,725.55,None,Bank Transfer,Returned,,4334.5,
ORD-0005914,C11046,2024-04-30 00:00:00,Priya,Khumalo,Benoni,Consumer,Online,Monitor,2.0,8449.65,0.1,170.63,0.0,4970.87,None,Card, returned ,,15380.0,
ORD-0001281,C11918,2024-12-05 00:00:00,Fatima,Molefe,Durban,Small Business,Phone,Keyboard,7.0,1174.39,0.03,35.61,0.15,997.87,New Customer,Card,Cancelled,,9205.8,
ORD-0002430,C12053,2025-05-25 00:00:00,Priya,Smith,Pretoria,Consumer,Online,SSD,1.0,2705.83,0.2,80.98,0.15,1930.91,Payday Promo,Cash,Completed,,2570.34,
ORD-0004387,C12752,2024-10-09 00:00:00,Siyanda,Nkosi,Cape Town,Consumer,Online,Mouse,2.0,253.08,0.05,92.65,0.0,192.73,Payday Promo,Mobile Wallet,Completed,,573.49,
ORD-0000749,C12099,2024-08-15 00:00:00,Sipho,Naidoo,Benoni,Consumer,Store,Webcam,1.0,1445.44,0.1,85.82,0.15,988.56,Payday Promo,Cash,Completed,Rep B,1581.85,
ORD-0004589,C10973,2024-11-08 00:00:00,Megan,Dlamini,Benoni,Consumer,Marketplace,Monitor,1.0,3964.78,0.15,90.53,0.0,3254.9,None,Card,Pending,,3460.59,
ORD-0004698,C11995,2024-01-28 00:00:00,Mpho,Pillay,Nelspruit,Consumer,Online,SSD,3.0,1619.91,0.03,113.03,0.15,1119.19,None,Card,Returned,,5534.05,
ORD-0001262,C11327,2025-08-21 00:00:00,Andile,Molefe,Johannesburg,Small Business,Online,Laptop,1.0,18849.09,0.05,50.78,0.15,12338.63,None,Bank Transfer,Completed,,20643.41,
ORD-0003377,C12640,2024-09-20 00:00:00,Fatima,Botha,Benoni,Small Business,Online,SSD,1.0,1004.25,0.0,101.41,0.15,752.22,None,EFT,Completed,,1256.3,
ORD-0005614,C12178,2024-04-10 00:00:00,Mpho,Naidoo,Johannesburg,Consumer,Online,Webcam,3.0,538.41,0.03,129.17,0.15,313.17,None,Mobile Wallet,Cancelled,,1930.95,
ORD-0003016,C10255,2025-06-17 00:00:00,Mpho,Nkosi,Cape Town,Consumer,Online,Mouse,1.0,421.16,0.1,45.54,0.15,339.06,None,Card,Cancelled,,481.44,
ORD-0004958,C11535,2025-03-31 00:00:00,Thabo,Pillay,Nelspruit,Small Business,Online,Headset,2.0,1373.5,0.1,201.98,0.15,990.5,None,Card,Completed,,3045.12,
ORD-0005895,C12340,2025-06-19 00:00:00,Fatima,Botha,Johannesburg,Small Business,Online,Mouse,2.0,464.9,0.0,104.03,0.15,285.58,None,Cash,Completed,,1173.3,
ORD-0003967,C10560,2025-04-03 00:00:00,Mpho,Khumalo,Polokwane,Corporate,Online,Docking Station,1.0,2284.56,0.1,67.53,0.15,1328.31,None,Card, cancelled ,,2432.05,
ORD-0005174,C10132,2024-04-29 00:00:00,Ryan,Williams,Durban,Consumer,Marketplace,Laptop,3.0,7501.3,0.05,105.48,0.15,5842.06,New Customer,EFT,Returned,,24690.98,
ORD-0004741,C10357,2024-03-23 00:00:00,Fatima,Botha,Cape Town,Corporate,Store,Laptop,2.0,21579.64,0.1,164.97,0.15,17858.58,None,EFT,Completed,Rep A,44834.83,
ORD-0001007,C10552,2024-03-06 00:00:00,Thabo,Nkosi,Pretoria,Small Business,Store,Monitor,,5177.81,0.03,59.21,0.15,4172.29,None,Bank Transfer,Completed,Rep E,28938.43,
ORD-0001025,C11977,2024-10-26 00:00:00,Nomsa,Molefe,Gqeberha,Consumer,Store,Webcam,1.0,1473.39,0.0,90.69,0.15,975.57,Black Friday,EFT,Returned,Rep C,1785.08,
ORD-0002984,C11983,2025-03-04 00:00:00,Naledi,Smith,Durban,Consumer,Marketplace,Mouse,1.0,958.59,0.08,173.49,0.15,615.79,None,EFT,Completed,,1187.67,
ORD-0002405,C12865,2025-12-15 00:00:00,Zanele,Botha,Pretoria,Small business,Store,Laptop,2.0,21084.32,0.08,83.66,0.0,18126.3,Black Friday,Mobile Wallet,Completed,Rep E,38878.8,
ORD-0003375,C11535,2025-12-22 00:00:00,Sipho,Smith,Johannesburg,Corporate,Phone,Office Chair,4.0,5370.05,0.1,123.64,0.0,4263.06,None,Card,Returned,,19455.81,
ORD-0004832,C12394,2025-02-14 00:00:00,Naledi,Mokoena,Bloemfontein,Small Business,Online,SSD,4.0,3303.02,0.0,125.16,0.15,2098.64,None,Mobile Wallet,Completed,,15319.03,
ORD-0000242,C10552,2024-02-28 00:00:00,Naledi,Naidoo,Pretoria,Corporate,Phone,Keyboard,7.0,787.7,0.15,8.37,0.14,519.28,None,Bank Transfer,Returned,,5351.33,
ORD-0002093,C12000,2024-05-31 00:00:00,Naledi,Smith,Pretoria,Corporate,Online,Headset,2.0,1343.22,0.03,86.49,0.14,863.84,None,EFT,Completed,,3057.15,
ORD-0002495,C12022,2024-09-11 00:00:00,Ryan,Pillay,Durban,Consumer,Online,Docking Station,1.0,1200.68,20%,47.7,0.15,986.11,Payday Promo,Card,Completed,,1152.32,
ORD-0005182,C11855,2025-03-17 00:00:00,Kabelo,Molefe,Gqeberha,Consumer,Store,Tablet,3.0,6052.79,0.0,37.4,0.15,3853.54,None,EFT,Pending,Rep D,20919.54,
ORD-0000969,C11940,2024-01-18 00:00:00,Jason,Williams,Pretoria,Small business,Online,Keyboard,1.0,1702.81,0.15,140.4,0.15,1024.65,None,EFT,Cancelled,,1804.89,
ORD-0002836,C12287,2024-06-19 00:00:00,Lerato,Williams,Johannesburg,Corporate,Online,Router,6.0,2685.19,0.15,33.45,0.15,2218.45,Summer Sale,EFT,Returned,,15782.1,
ORD-0003850,C11808,2024-02-15 00:00:00,Mpho,Smith,Gqeberha,Small Business,Store,Laptop,1.0,11004.39,0.03,171.77,0.15,7623.76,Payday Promo, mobile wallet ,Completed,Rep E,12447.17,
ORD-0002231,C11135,2025-09-18 00:00:00,Ryan,Patel,Johannesburg,Corporate,Phone,Printer,7.0,2294.81,0.05,51.51,0.15,1664.19,None,Card,Completed,,17601.03,
ORD-0001853,C11337,2024-07-02 00:00:00,Jason,Dlamini,Cape Town,Consumer,Marketplace,Laptop,2.0,8137.59,0.05,214.95,0.15,5302.13,,Card,Completed,,17995.59,
ORD-0000554,C11896,2025-02-11 00:00:00,Priya,Patel,Johannesburg,Consumer,Online,SSD,4.0,1312.74,0.05,110.34,0.15,1002.94,None,Mobile Wallet,Completed,,5847.02,
ORD-0005945,C11274,2025-01-22 00:00:00,Chloe,Botha,Polokwane,Consumer,Online,Tablet,3.0,3611.86,0.1,98.88,0.15,2644.52,None,Card,Completed,,11313.7,
ORD-0004944,C11358,2024-04-14 00:00:00,Priya,Smith,Johannesburg,Consumer,Store,Laptop,3.0,20359.86,0.1,27.24,0.15,13634.19,Back to School,EFT,Pending,Rep B,63244.61,
ORD-0002466,C11645,2024-03-25 00:00:00,Priya,Mthembu,Johannesburg,Consumer,Store,Mouse,2.0,1157.03,0.15,103.31,0.0,849.66,New Customer,Card,Completed,Rep B,2070.26,
ORD-0004735,C10784,2025-06-12 00:00:00,Daniel,Pillay,Pretoria,Consumer,Marketplace,Mouse,6.0,892.08,0.15,35.7,0.15,656.31,None,Card,Returned,,5267.78,
ORD-0002577,C12654,2025-03-18 00:00:00,Siyanda,Williams,Benoni,Small Business,Online,Tablet,2.0,3789.66,0.08,165.78,0.0,2734.92,Payday Promo,Card,Completed,,7138.74,
ORD-0005326,C11663,2025-10-05 00:00:00,Kabelo,Molefe,Bloemfontein, consumer ,Online,Mouse,3.0,1017.44,0.0,58.78,0.15,676.58,None,Mobile Wallet,Returned,,3568.95,
ORD-0001833,C11686,2025-02-09 00:00:00,Nomsa,Nkosi,Johannesburg,Consumer,Store,Router,4.0,3455.99,0.1,141.13,0.15,2030.56,None,Bank Transfer,Cancelled,Rep E,14448.92,
ORD-0004120,C10829,2025-10-05 00:00:00,Jason,Pillay,Cape Town,Consumer,Online,Docking Station,1.0,2357.18,0.0,58.34,0.15,1911.18,Payday Promo,Card,Returned,,2769.09,
ORD-0001641,C10530,2024-09-14 00:00:00,Kabelo,Dlamini,Johannesburg,Consumer,Store,Mouse,3.0,1379.06,0.2,48.72,0.0,1031.03,None,Card,Completed,Rep C,3358.47,
ORD-0001775,C11801,2024-01-26 00:00:00,Chloe,Dlamini,Gqeberha,Small Business,Online,Webcam,1.0,730.97,0.05,76.11,0.15,515.71,None,Card,Returned,,874.69,730.97
ORD-0004771,C11854,2025-06-04 00:00:00,Siyanda,Smith,Polokwane,Consumer,Online,Printer,4.0,4379.25,0.15,43.37,0.15,3220.28,Black Friday,EFT,Cancelled,,17166.25,
ORD-0002283,C12190,2025-01-29 00:00:00,Megan,Nkosi,Cape Town,Consumer,Store,Monitor,1.0,5392.27,0.0,211.99,0.15,4555.61,New Customer,Mobile Wallet,Completed,Rep A,6413.1,
ORD-0005787,C11717,2025-03-18 00:00:00,Andile,Mokoena,Cape Town,Corporate,Marketplace,Router,1.0,2231.04,0.0,155.07,0.15,1366.03,New Customer,Card,Completed,,2720.77,
ORD-0001830,C11204,2025-08-04 00:00:00,Megan,Pillay,Johannesburg,Consumer,Marketplace,,4.0,3097.23,0.15,43.93,0.15,2229.77,None,Cash,Returned,,12154.09,
ORD-0001745,C12835,2025-12-01 00:00:00,Nomsa,Patel,Pretoria,Small Business,Store,Keyboard,3.0,1304.12,0.15,0.42,0.15,1040.23,None, card ,Completed,Rep E,3824.75,
ORD-0004112,C11979,2025-06-19 00:00:00,Megan,Naidoo,Pretoria,Consumer,Phone,Mouse,2.0,1197.37,0.08,53.1,0.15,864.98,Summer Sale,EFT,Cancelled,,2586.72,
ORD-0003447,C11307,2025-05-04 00:00:00,Megan,Smith,Johannesburg,Small Business,Marketplace, keyboard ,2.0,R 937.23,0.05,105.06,0.15,704.81,None,Mobile Wallet,Pending,,2152.91,
ORD-0005883,C11321,2024-11-16 00:00:00,Sipho,Naidoo,Polokwane,Consumer,Store,Keyboard,1.0,402.94,0.1,160.69,0.15,295.14,Clearance,Card,Cancelled,Rep D,577.73,
ORD-0005372,C12299,2025-11-26 00:00:00,Fatima,Williams,Pretoria,Consumer,Marketplace,Mouse,1.0,406.14,0.0,94.04,0.15,241.37,New Customer,Bank Transfer,Completed,,561.1,
ORD-0001133,C11482,2024-09-18 00:00:00,Kabelo,Mokoena,Durban,Consumer,Store,Keyboard,6.0,471.96,0.05,77.66,0.15,280.3,None,Card,Completed,Rep E,3171.37,
ORD-0003903,C11824,2024-12-26 00:00:00,Thabo,,Durban,Consumer,Online,Router,2.0,2758.7,0.1,49.32,0.15,2309.27,Payday Promo,Card,Cancelled,,5759.84,
ORD-0000210,C11868,2024-01-03 00:00:00,Fatima,Botha,Pretoria,Consumer,Online,Laptop,1.0,19493.12,0.0,145.58,0.15,13903.49,None,Mobile Wallet,Completed,,22562.66,
ORD-0005076,C12527,2024-09-13 00:00:00,Ryan,Patel,Nelspruit,Consumer,Marketplace,Monitor,1.0,7256.67,0.2,160.7,0.15,5802.45,None,Mobile Wallet,Completed,,6836.85,
ORD-0004439,C12550,2025-04-09 00:00:00,Lerato,Dlamini,Johannesburg,Small Business,Phone,Mouse,6.0,474.64,0.1,14.45,0.15,353.37,None,EFT,Returned,,2961.99,
ORD-0004624,C10106,2024-03-17 00:00:00,Daniel,Khumalo,Gqeberha,Consumer,Online,Mouse,1.0,197.21,0.15,146.29,0.15,115.9,None,Cash, completed ,,339.06,
ORD-0005698,C10280,2025-06-27 00:00:00,Siyanda,Dlamini,Johannesburg,Consumer, phone ,Laptop,3.0,21729.9,0.0,17.76,0.15,12647.45,New Customer,Cash,Cancelled,,74985.93,
ORD-0003365,C11485,2025-12-14 00:00:00,Andile,Nkosi,Pretoria ,Corporate,Store,SSD,2.0,4089.12,0.15,216.19,0.15,2707.73,New Customer,Card,Pending,Rep D,8210.42,
ORD-0002829,C12338,2024-02-05 00:00:00,Jason,Molefe,Johannesburg,Consumer,Online,Keyboard,1.0,2184.84,0.0,87.58,0.15,1426.71,None,Cash,Cancelled,,2600.15,
ORD-0001859,C12732,2025-11-08 00:00:00,Daniel,Williams,Joburg,Small Business,Online,Mouse,6.0,584.46,0.1,30.41,0.15,410.3,None,Card,Pending,,3659.89,
ORD-0004989,C12278,2025-05-11 00:00:00,Thabo,Khumalo,Pretoria,Corporate,Online,Laptop,3.0,16524.08,0.0,9.71,0.15,10176.51,Summer Sale,Card,Completed,,57017.8,
ORD-0000849,C10383,2025-05-23 00:00:00,Megan,Patel,Durban,Consumer,Online,Mouse,2.0,678.3,0.15,182.71,0.14,405.3,Black Friday,EFT,Pending,,1497.25,
ORD-0000107,C11637,2024-08-30 00:00:00,Chloe,Patel,Benoni,Consumer,Store,Mouse,2.0,358.38,0.0,62.72,0.15,272.85,Back to School,Mobile Wallet,Completed,Rep E,886.99,
ORD-0002807,C11917,2025-09-13 00:00:00,Andile,Williams,Benoni,Consumer, online ,Monitor,4.0,5079.69,0.05,38.08,0.15,3090.86,New Customer,Card,Pending,,18034.63,
ORD-0005824,C10518,2024-07-08 00:00:00,Megan,Mokoena,Benoni,Consumer,Phone,Printer,5.0,6431.65,0.05,124.79,0.15,3775.36,Clearance,EFT,Completed,,35140.63,
ORD-0005266,C10718,2025-03-28 00:00:00,Daniel,Patel,Cape Town,Consumer,Phone,Docking Station,3.0,1956.86,0.0,45.58,0.15,1389.6,Payday Promo,EFT,Completed,,6796.73,
ORD-0002970,C10042,2024-04-25 00:00:00,Lerato,Naidoo,Pretoria,Corporate,Online,Keyboard,1.0,1333.83,0.0,61.67,0.15,1074.93,Payday Promo,Card,Pending,,1595.57,1333.83
ORD-0000970,C12429,2025-02-09 00:00:00,Thabo,Williams,Benoni,Small Business,Online,Office Chair,2.0,3061.4,0.1,203.17,0.0,2016.3,New Customer,EFT,Completed,,5713.7,
ORD-0000158,C12130,2024-07-11 00:00:00,Siyanda,Nkosi,Gqeberha,Consumer,Store,Headset,2.0,685.73,0.0,55.55,0.15,566.82,Summer Sale,Mobile Wallet,Completed,Rep D,1632.72,
ORD-0001250,C12612,2025-04-29 00:00:00,Ryan,Pillay,,Corporate,Phone,Laptop,2.0,8210.06,0.05,95.1,0.15,6661.21,Clearance,Card,Completed,,18034.09,
ORD-0004562,C10144,2025-12-10 00:00:00,Daniel,Molefe,Johannesburg,Small Business,Store,Tablet,1.0,9419.29,0.0,66.45,0.0,7904.86,Clearance,EFT,Completed,Rep C,9485.74,
ORD-0004902,C10056,2024-05-29 00:00:00,Priya,Dlamini,Gqeberha,Consumer,Store,Printer,1.0,4372.43,0.2,54.26,0.15,2600.81,Summer Sale,EFT,Completed,Rep E,4076.89,
ORD-0000772,C12562,2024-10-08 00:00:00,Megan,Smith,Pretoria,Small Business,Online,Printer,1.0,5900.21,0.1,150.2,0.15,4869.24,None,EFT,Completed,,6256.92,
ORD-0002960,C10516,2024-11-18 00:00:00,Megan,Mthembu,Polokwane,Consumer,Online,Mouse,5.0,1332.32,0.1,,0.0,938.79,None,EFT,Completed,,6140.69,
ORD-0002817,C10015,2025-01-22 00:00:00,Nomsa,Nkosi,Pretoria,Consumer,Online, docking station ,4.0,4570.85,0.0,97.5,0.0,3818.95,Summer Sale,Bank Transfer,Completed,,18380.9,
ORD-0000384,UNKNOWN-4,2024-01-16 00:00:00,Megan,Pillay,Benoni,Small Business,Online,Router,1.0,701.46,0%,45.08,0.0,598.11,New Customer,Card,Completed,,746.55,
ORD-0003866,C12618,2024-08-13 00:00:00,Mpho,Smith,Johannesburg,Consumer,Marketplace,Docking Station,1.0,3480.68,0.05,107.48,0.15,2043.75,Back to School,Card,Completed,,3910.12,
ORD-0001234,C11212,2024-12-22 00:00:00,Chloe,Mokoena,Benoni,Consumer,Online,Tablet,5.0,10869.28,0.15,91.23,0.15,7605.62,Summer Sale,EFT,Completed,,53214.83,
ORD-0002068,C11669,2024-11-24 00:00:00,Mpho,Naidoo,Cape Town,Consumer,Online,Laptop,3.0,16148.07,0.1,86.18,0.15,9812.17,None,Cash,Returned,,50225.92,48444.21
ORD-0004167,C10391,2025-03-06 00:00:00,Fatima,Pillay,Durban,Consumer,Marketplace,SSD,1.0,1623.79,0.0,149.94,0.15,1029.61,None,Card,Cancelled,,2017.29,
ORD-0004188,C12190,2025-10-29 00:00:00,Jason,Naidoo,Nelspruit,Consumer,Phone,Tablet,5.0,3096.16,0.15,15.74,0.15,2545.59,None,Card,Pending,,15148.19,
ORD-0005167,C10580,2024-03-23 00:00:00,Kabelo,Pillay,Gqeberha,Small Business,Online,SSD,1.0,2198.57,0.15,62.55,0.15,1280.67,New Customer,Cash,Completed,,2211.66,
ORD-0004116,C11389,2025-12-03 00:00:00,Mpho,Khumalo,Nelspruit,Consumer,Marketplace,Headset,1.0,1863.7,0.15,202.61,0.15,1368.03,None,Cash,Returned,,2024.37,
ORD-0003388,C11005,2024-04-29 00:00:00,Megan,Mthembu,Durban,Consumer,Online,Monitor,5.0,4243.35,0.1,14.78,0.15,3089.41,None,Card,Cancelled,,21974.1,
ORD-0005293,C11830,2025-11-27 00:00:00,Siyanda,Smith,Benoni,Consumer,Online,Headset,4.0,1656.12,0.1,6.72,0.0,1342.47,None,Cash,Completed,,5968.75,
ORD-0004629,C10482,2025-10-20 00:00:00,Chloe,Dlamini,Johannesburg,Consumer,Online,Printer,1.0,3873.55,0.0,142.63,0.0,3160.27,None,,Completed,,5412.42,
ORD-0003681,C11203,2024-01-18 00:00:00,Fatima,Pillay,Pretoria,Small Business,Online,Headset,4.0,472.11,0.25,84.42,0.15,397.93,None,Mobile Wallet,Completed,,1713.2,
ORD-0002767,C11456,2024-12-21 00:00:00,Fatima,Nkosi,Gqeberha,Small Business,Store,Mouse,5.0,1159.69,0.08,12.69,0.15,947.44,Back to School,Card,Completed,Rep D,6147.43,
ORD-0003397,C12326,2024-02-10 00:00:00,Priya,Khumalo,Cape Town,Small Business,Online,Laptop,6.0,8607.66,0.2,61.18,0.15,6740.81,None,Card,Completed,,47575.46,
ORD-0004008,C11604,2025-07-13 00:00:00,Kabelo,Mthembu,Benoni,Corporate,Online,Headset,3.0,1965.67,0.15,,0.15,1246.56,None,EFT,Completed,,5780.44,
ORD-0000874,C11706,2025-05-05 00:00:00,Siyanda,Patel,Nelspruit,Consumer,Online,Mouse,3.0,1340.06,0.0,125.35,0.15,1028.18,Summer Sale,Bank Transfer,Completed,,4748.58,
ORD-0000472,C10931,2024-04-07 00:00:00,Kabelo,Khumalo,Johannesburg,Small Business,Online,SSD,1.0,3827.49,0.0,66.99,0.15,2873.1,Summer Sale,EFT,Completed,,4468.61,
ORD-0001124,C11734,2025-05-30 00:00:00,Fatima,Pillay,Bloemfontein,Corporate,Online,Router,1.0,716.9,0.08,164.95,0.0,558.16,None,Card,Completed,,824.5,
ORD-0003634,C11334,2024-10-19 00:00:00,Sipho,Mthembu,Pretoria,Consumer,Online,Router,2.0,2095.5,0.2,217.08,0.15,1769.43,Black Friday,Bank Transfer,Completed,,4072.81,
ORD-0004750,C12218,2024-07-06 00:00:00,Kabelo,Williams,Cape Town,Small Business,Online,Docking Station,3.0,2488.73,0.1,5.04,0.15,1791.69,None,Card,Completed,,7732.54,
ORD-0001711,C12681,11/12/2025,Priya,Nkosi,Polokwane,Corporate,Phone,Tablet,1.0,9063.07,0.05,146.32,0.15,5528.75,None,Card,Completed,,10047.72,
ORD-0005982,C11342,2025-07-11 00:00:00,Fatima,Pillay,Polokwane,Corporate,Marketplace,Mouse,1.0,1159.45,0.08,159.06,0.15,732.75,None,EFT,Completed,,1385.76,
ORD-0003727,C12138,2024-11-05 00:00:00,Priya,Nkosi,Johannesburg,Consumer,Store,Webcam,4.0,1808.37,0.08,79.34,0.15,1227.58,Back to School,Card,Cancelled,Rep B,7732.37,
ORD-0002869,C11270,2024-07-07 00:00:00,Ryan,Pillay,Bloemfontein,Consumer,Marketplace,Monitor,2.0,4297.63,0.15,168.02,0.15,3437.53,Summer Sale,Cash,Completed,,8569.88,
ORD-0005986,C10849,2025-11-14 00:00:00,Siyanda,Dlamini,Gqeberha,Small Business,Store,Docking Station,2.0,3823.36,0.03,192.05,0.15,2793.54,New Customer,Mobile Wallet,Completed,Rep C,8721.96,
ORD-0000324,C12172,2024-05-13 00:00:00,Kabelo,Patel,Gqeberha,Corporate,Online,Docking Station,2.0,1916.37,0.0,160.98,0.0,1210.28, none ,Mobile Wallet,Pending,,3993.72,
ORD-0003103,C12676,2024-02-25 00:00:00,Andile,Mokoena,Johannesburg,Small Business,Marketplace,Laptop,3.0,11668.13,0.08,144.9,0.15,9335.57,Payday Promo,Mobile Wallet,Completed,,37179.54,
ORD-0000411,C11464,2024-08-09 00:00:00,Ryan,Mthembu,Durban,Consumer,Marketplace,Tablet,1.0,6521.95,0.0,49.9,0.15,4341.07,Back to School,Card,Completed,,7550.14,
ORD-0003548,C11693,2024-06-10 00:00:00,Fatima,Pillay,Johannesburg,Consumer,Store,Mouse,6.0,547.99,0.05,50.98,0.0,465.62,None,Card,Pending,Rep E,3174.54,
ORD-0002761,C10574,2024-02-03 00:00:00,Siyanda,Mthembu,Johannesburg,Consumer,Phone,Headset,2.0,1717.21,0.05,198.14,0.15,1160.03,None,Card,Cancelled,,3950.23,
ORD-0000101,C11921,2024-11-10 00:00:00,Mpho,Pillay,Johannesburg,Consumer,Online,Monitor,3.0,1997.0,0.0,60.05,0.15,1555.41,None,Cash,Returned,,6949.68,
ORD-0005045,C12239,2025-01-13 00:00:00,Chloe,Molefe,Johannesburg,Small Business,Store,Keyboard,8.0,749.25,0.08,110.66,0.15,447.22,None,Card,Completed,Rep C,6452.33,
ORD-0000116,C10711,2025-04-14 00:00:00,Fatima,Williams,Polokwane,Consumer,Phone,Webcam,7.0,1440.37,0.1,1.55,0.15,952.02,Clearance,Mobile Wallet,Returned,,10437.06,
ORD-0001629,C12474,2024-07-04 00:00:00,Zanele,Naidoo,Johannesburg,Consumer,Store,SSD,1.0,,0.08,133.37,0.0,2655.27,Back to School,Card,Completed,Rep A,3093.77,
ORD-0000402,C11960,2024-11-06 00:00:00,Nomsa,Naidoo,Durban,Small Business,Online,Laptop,2.0,15351.62,0.08,64.0,0.15,9723.17,Back to School,Mobile Wallet,Completed,,32548.02,
ORD-0004703,C12289,2024-06-08 00:00:00,Sipho,Mokoena,Cape Town,Consumer,Marketplace,Printer,1.0,6323.1,0.05,114.05,0.0,3751.74,None,Card,Completed,,6120.99,
ORD-0002147,C12238,2024-11-30 00:00:00,Sipho,Dlamini,Johannesburg,Corporate,Phone,Webcam,1.0,954.72,0.05,198.14,0.15,783.25,None,Bank Transfer,Completed,,1241.16,
ORD-0003515,C10315,2025-07-07 00:00:00,Zanele,Mokoena,Gqeberha,Corporate,Online,Headset,3.0,1619.82,0.1,109.12,0.15,1191.11,None,Card,Completed,,5138.65,
ORD-0004993,C11804,2024-03-29 00:00:00,Fatima,Pillay,Johannesburg,Consumer,Online,Laptop,2.0,8902.06,0.0,143.55,0.15,7408.35,None,Bank Transfer,Completed,,20618.28,
ORD-0003997,C12607,2024-04-21 00:00:00,Jason,Patel,Johannesburg,Consumer,Marketplace,Laptop,3.0,18632.29,0.1,47.96,0.15,14043.75,None,Mobile Wallet,Completed,,57901.22,
ORD-0003189,C11386,2024-02-07 00:00:00,Andile,Dlamini,Benoni,Consumer,Online,Headset,4.0,1617.13,0.1,100.78,0.15,1079.53,None,Cash,Completed,,6795.7,
ORD-0005290,C11512,2024-08-14 00:00:00,Aisha,Botha,Johannesburg,Consumer,Marketplace,Mouse,2.0,981.56,0.1,91.93,0.15,772.12,None,Mobile Wallet,Returned,,2123.76,
ORD-0003549,C10599,2024-09-18 00:00:00,Mpho,Nkosi,Johannesburg,Small Business,Online,Laptop,1.0,10544.2,0.05,200.77,0.15,6387.96,,Card,Completed,,11720.31,
ORD-0000312,C10674,2024-08-25 00:00:00,Andile,Khumalo,Bloemfontein,Corporate,Online,Webcam,4.0,1349.93,0.0,137.05,0.15,900.47,None,EFT,Completed,,6346.74,
ORD-0002207,C11328,2024-06-05 00:00:00,Priya,Naidoo,Johannesburg,,Online,Mouse,4.0,840.5,0.05,38.9,0.0,714.88,Back to School,Bank Transfer,Returned,,3232.78,
ORD-0002196,C11734,2025-03-17 00:00:00,Zanele,Mokoena,Pretoria,Corporate,Online,Laptop,6.0,7766.17,0.1,7.26,0.15,5456.9,None,EFT,Completed,,48235.16,
ORD-0002859,C12623,2024-03-12 00:00:00,Nomsa,Williams,Pretoria,Consumer,Online,Mouse,5.0,1136.55,0.15,40.32,0.14,930.71,None,Card,Cancelled,,5546.93,
ORD-0002351,C10067,2025-05-09 00:00:00,Megan,Khumalo,Polokwane,Consumer,Store,Mouse,1.0,260.26,0.08,92.79,0.15,158.31,None,Cash,Completed,Rep B,368.14,
ORD-0005866,C10844,2025-12-16 00:00:00,Kabelo,Molefe,Benoni,Corporate,Online,Laptop,2.0,11239.55,0.1,110.24,0.15,7334.73,None,Card,Completed,,23376.12,
ORD-0000370,C11438,2025-09-15 00:00:00,Chloe,Mthembu,Benoni,Consumer,Phone,Mouse,3.0,654.05,0.03,75.5,0.15,476.03,None,Card,Pending,,2264.29,
ORD-0000111,C10596,2025-12-28 00:00:00,Chloe,Khumalo,Johannesburg,Small Business,Marketplace,Monitor,4.0,4648.67,0.0,62.75,0.15,2890.51,New Customer,Mobile Wallet,Pending,,21446.64,
ORD-0004477,C10624,2024-01-12 00:00:00,Nomsa,Mthembu,Polokwane,Consumer,Marketplace,Mouse,1.0,257.96,0.25,207.57,0.15,155.67, none ,Mobile Wallet,Completed,,430.06,
ORD-0002915,C11214,2024-08-31 00:00:00,Mpho,Patel,Benoni,Consumer,Online,Mouse,1.0,627.1,0.05,49.82,0.15,373.4,None,Card,Completed,,734.94,
ORD 0002669,C12986,2025-11-27 00:00:00,Megan,Botha,Gqeberha,Small Business,Online,Laptop,2.0,13601.54,0.1,187.26,0.15,9590.9,None,Bank Transfer,Completed,,28342.46,
ORD-0005277,C10008,2025-03-28 00:00:00,Ryan,Mthembu,Cape Town,Corporate,Store,Tablet,2.0,3621.05,0.0,109.51,0.15,2231.83,Clearance,Mobile Wallet,Completed,Rep E,8437.93,
ORD-0003300,C12005,2025-05-10 00:00:00,Sipho,Mthembu,Johannesburg,Small Business,Store,Laptop,1.0,9477.03,0.0,212.12,0.15,6220.49,None,Card,Completed,Rep A,11110.7,
ORD-0005901,C11127,2025-07-10 00:00:00,Lerato,Mokoena,Durban,Consumer,Online,Keyboard,2.0,467.59,0.25,61.83,0.15,395.66,None,Card,Completed,,868.41,
ORD-0001719,C12466,2025-03-13 00:00:00,Siyanda,Pillay,Johannesburg,Consumer,Phone,Webcam,3.0,1108.85,0.1,73.4,0.15,778.17,New Customer,Card,Returned,,3516.38,
ORD-0005618,C10476,2024-01-24 00:00:00,Lerato,Mthembu,Johannesburg,Consumer,Phone,Webcam,7.0,1188.32,0.03,110.09,0.15,847.39,None,Card,Cancelled,,9389.12,
ORD-0000130,C12782,2025-03-09 00:00:00,Ryan,Botha,Pretoria,Corporate,Online,Monitor,2.0,7149.85,0.15,112.51,0.15,6114.05,None,Mobile Wallet,Completed,,14090.47,
ORD-0005949,C11443,2025-09-09 00:00:00,Naledi,Williams,Gqeberha,Corporate,Online,HEADSET,2.0,1979.15,0.1,82.94,0.15,1575.4,None,Card,Cancelled,,4179.78,
ORD-0003677,C12631,2025-08-05 00:00:00,Fatima,Nkosi,Johannesburg,Corporate,Marketplace,Printer,5.0,4115.79,0.1,70.0,0.15,3513.32,New Customer,Card,Completed,,21369.2,
ORD-0003929,C11012,2025-08-31 00:00:00,Fatima,Patel,Gqeberha,Consumer,Store,Monitor,6.0,5684.91,0.0,56.82,0.15,4096.05,None,Bank Transfer,Cancelled,Rep E,39282.7,
ORD-0005190,C10108,2024-10-28 00:00:00,Priya,Khumalo,Pretoria,Consumer,Online,Laptop,2.0,13036.53,0.0,118.63,0.15,7818.29,Payday Promo,Card,Completed,,30102.65,
ORD-0003902,C11724,2024-05-29 00:00:00,Thabo,Mthembu,Benoni,Small Business,Online,SSD,3.0,3344.81,0.1,122.57,0.15,2625.55,Back to School,Card,Completed,,10508.2,
ORD-0002739,C12310,2024-11-04 00:00:00,Naledi,Smith,Johannesburg,Consumer,Store,Tablet,3.0,8368.57,0.08,111.6,0.15,5819.45,None,EFT,Returned,Rep D,26673.43,
ORD-0005214,C10164,2025/09/25,Mpho,Dlamini,Johannesburg,Small Business,Store,Router,1.0,3415.06,0.05,115.37,0.15,2783.35,Back to School, card ,Completed,Rep C,3846.32,
ORD-0002664,C11832,2024-01-29 00:00:00,Sipho,Smith,Johannesburg,Consumer,Online,Webcam,1.0,1388.86,0.1,30.29,0.15,1003.21,None, card ,Completed,,984.06,
ORD-0000175,C11287,2024-12-13 00:00:00,Fatima,Dlamini,Johannesburg,Consumer,Phone,Tablet,2.0,"R 8,638.04",0.0,75.47,0.15,5124.02,None,Card,Completed,,19942.96,
ORD-0002583,C12339,2025-11-10 00:00:00,Fatima,Mokoena,Johannesburg,Corporate,Online,Laptop,7.0,17733.84,0.15,69.42,0.15,14292.83,None,Mobile Wallet,Pending,,121413.21,
ORD-0002963,C11324,2024-09-01 00:00:00,Jason,Molefe,Benoni,Corporate,Store,Laptop,2.0,12171.14,0.08,100.45,0.14,9485.2,New Customer,EFT,Returned,Rep B,25630.63,
ORD-0005580,C12061,2024-10-15 00:00:00,Zanele,Mokoena,Gqeberha,Consumer,Online,Printer,2.0,2791.04,0.25,43.48,0.15,2307.94,None,Card,Returned,,4858.02,
ORD-0001224,C10605,2025-12-23 00:00:00,Thabo,Nkosi,Bloemfontein,Corporate,Online,SSD,1.0,2937.58,0.03,212.92,0.15,2343.83,None,Card,Completed,,3489.79,
ORD-0003337,C12013,2024-07-27 00:00:00,Jason,Dlamini,Johannesburg,Small Business,Marketplace,Monitor,3.0,7785.56,0.03,129.52,0.15,5093.74,None,Cash,Cancelled,,26183.9,
ORD-0002426,C11117,2025-05-18 00:00:00,Andile,Botha,Johannesburg,Corporate,Online,Keyboard,4.0,1638.87,0.1,134.76,0.15,1281.31,None,Card,Pending,,6919.68,
ORD-0004886,C10486,2025-01-14 00:00:00,Thabo,Naidoo,Durban,Consumer,Store,Router,1.0,2701.47,0.15,71.11,0.14,1669.03,None,EFT,Completed,Rep D,2688.84,
ORD-0004854,C10262,2025-06-25 00:00:00,Priya,Khumalo,Benoni,Corporate,Marketplace,Printer,2.0,3339.49,0.0,102.49,0.15,2726.7,Back to School,EFT,Pending,,7783.32,
ORD-0002758,C10302,2025-09-01 00:00:00,Megan,Mokoena,Pretoria,Corporate,Online,Headset,2.0,1142.43,0.1,48.43,,853.35,None,Card,Returned,,2413.26,
ORD-0005571,C11365,2024-07-30 00:00:00,Thabo,Mokoena,Benoni,Consumer,Online,Dock station,1.0,6278.86,0.25,40.84,0.15,5033.3,New Customer,Card,Completed,,5456.35,
ORD-0004946,C10015,2025-11-17 00:00:00,Thabo,Molefe,Johannesburg, consumer ,Store,Keyboard,1.0,1979.29,0.25,187.76,0.14,1241.69,None,EFT,Completed,Rep A,1880.05,
ORD-0004620,C11650,2024-08-08 00:00:00,Aisha,Smith,Pretoria,Consumer,Online,SSD,2.0,1861.44,0.2,191.73,0.15,1197.19,New Customer,Cash,Completed,,3616.77,
ORD-0003408,C10140,2025-07-08 00:00:00,Ryan,Smith,Johannesburg,Consumer,Online,Monitor,2.0,1908.97,0.0,88.37,0.15,1498.46,None,Card,Completed,,4478.99,
ORD-0005649,C11210,2024-08-24 00:00:00,Thabo,Smith,Johannesburg,Corporate,Online,Keyboard,5.0,2192.57,0.05,116.03,0.15,1338.1,None,Card,Pending,,12092.95,
ORD-0003852,C11402,2025-08-05 00:00:00,Lerato,Khumalo,Gqeberha,Consumer,Store,Printer,2.0,2697.37,0.0,84.69,0.15,2137.84,None,Mobile Wallet,Completed,Rep A,6288.65,
ORD-0005955,C11794,2024-07-08 00:00:00,Nomsa,Nkosi,Durban,Consumer,Phone,Router,3.0,"R 3,033.67",0.2,96.89,0.15,2167.3,None,Card,Cancelled,,8469.81,
ORD-0003044,C12321,2025-09-29 00:00:00,Naledi,Nkosi, cape town ,Consumer,Online,Keyboard,3.0,421.49,0.05,126.27,0.15,325.82,None,Card,Completed,,1507.72,
ORD-0002257,C10033,2025-11-18 00:00:00,Zanele,Botha,Polokwane,Consumer,Store,Keyboard,5.0,1421.6,0.1,11.36,0.14,856.91,None,Bank Transfer,Completed,Rep E,7304.15,
ORD-0005037,C11558,2025-04-17 00:00:00,Megan,Dlamini,Benoni,Consumer,Online,Tablet,1.0,7864.85,0.15,157.48,0.15,6464.06,Payday Promo,EFT,Completed,,7845.37,
ORD-0002379,C12298,2024-07-09 00:00:00,Fatima,Khumalo,Johannesburg,Small Business,Online,Headset,1.0,2594.06,0.05,163.18,0.15,1520.8,None,Cash,Completed,,2997.19,
ORD-0004240,C12836,2025-07-15 00:00:00,Megan,Khumalo,Bloemfontein,Consumer,Online,Mouse,3.0,1107.79,0.05,99.24,0.15,672.07,None,Card,Cancelled,,3730.02,
ORD-0004812,C11052,2024-01-06 00:00:00,Siyanda,Nkosi,Cape Town,Consumer,Online,Laptop,4.0,16817.11,0.0,99.61,0.15,14170.13,None,Card,Cancelled,,77458.32,
ORD-0000184,C12614,2024-11-11 00:00:00,Megan,Khumalo,Bloemfontein,Small Business,Online,Router,1.0,3554.92,0.0,63.33,0.15,2801.75,None,Bank Transfer,Returned,,4151.49,
ORD-0005209,C11964,2025-01-19 00:00:00,Sipho,Pillay,Benoni,Consumer,Online,Keyboard,2.0,1995.13,0.1,152.35,0.15,1177.73,Payday Promo,Card,Cancelled,,4282.27,
ORD-0005635,C10662,2025-01-28 00:00:00,Fatima,Mthembu,Durban,Consumer,Phone,Mouse,3.0,545.68,0.0,86.48,0.0,442.33,Summer Sale,Card,Cancelled,,1723.52,
ORD-0003854,C11545,2024-08-03 00:00:00,Megan,Williams,Pretoria,Consumer,Online,Docking Station,4.0,1349.68,,87.12,0.15,1111.2,Back to School,Card,Completed,,4743.53,
ORD-0005134,C10880,2024-12-04 00:00:00,Andile,Patel,Johannesburg,Consumer,Online,Laptop,-5.0,"R 12,536.91",0.25,210.3,0.15,10542.09,None,Card,Completed,,11023.38,
ORD-0000948,C10794,2024-04-03 00:00:00,Aisha,,Johannesburg,Corporate,Online,Mouse,1.0,1125.58,0.03,174.93,0.15,937.03,None,Cash,Cancelled,,1430.51,
ORD-0003020,C11494,2025-02-24 00:00:00,Aisha,Smith,Gqeberha,Corporate,Online,Headset,3.0,2684.81,0.1,65.67,0.15,2146.26,Summer Sale,EFT,Pending,,8402.01,
ORD-0002005,C12618,2025-08-23 00:00:00,Andile,Patel,Pretoria,Corporate,Online,Keyboard,2.0,1773.29,10%,111.64,0.15,1331.63,Payday Promo,EFT,Completed,,3782.36,
ORD-0000685,C10415,2024-02-12 00:00:00,Lerato,Mthembu,Pretoria,Consumer,Phone,Mouse,3.0,450.74,0.0,103.35,0.15,311.12,None,Card,Cancelled,,1658.4,
ORD-0000097,C12134,2024-06-29 00:00:00,Priya,Khumalo,Johannesburg,Consumer,Store,Mouse,3.0,969.14,0.08,116.69,0.15,580.75,None,Card,Returned,Rep A,3192.75,
ORD-0002987,C10531,2025-12-14 00:00:00,Aisha,Smith,PE,Consumer,Marketplace,Docking Station,1.0,3983.0,0.1,79.66,0.15,2615.06,None,Card,Cancelled,,4202.06,
ORD-0002387,C10726,2024-01-11 00:00:00,Megan,Pillay,Johannesburg,Consumer,Online,Tablet,2.0,10015.24,0.1,83.76,0.0,8393.79,Summer Sale,Card,Returned,,18111.19,
ORD-0004572,C11445,2024-05-11 00:00:00,Priya,Pillay,Pretoria,Consumer,Marketplace,Laptop,2.0,19215.67,0.03,73.1,0.15,11359.65,Payday Promo,EFT,Completed,,42943.27,
ORD-0001181,C12764,2025-02-15 00:00:00,Zanele,Williams,Johannesburg,Consumer,Online,Mouse,1.0,1367.8,0.05,47.96,0.15,812.49,None,Card,Completed,,1542.28,
ORD-0003627,C12938,2024-03-31 00:00:00,Aisha,Williams,Johannesburg,Consumer,Online,Router,1.0,2903.34,0.2,91.29,0.15,2468.04,Black Friday,Card,Completed,,2762.36,
ORD-0001920,C10788,2024-07-15 00:00:00,Naledi,Khumalo,Johannesburg,Consumer,Store,Mouse,3.0,1296.67,0.1,75.23,0.15,1105.41,Summer Sale,Card,Completed,Rep B,4101.4,
ORD-0004395,C10548,2025-05-02 00:00:00,Aisha,Williams,Johannesburg,Consumer,Store,Laptop,3.0,10913.92,0.05,89.14,0.15,8162.67, new customer ,Card,Pending,Rep A,35859.51,
ORD-0000008,C12209,2024-07-31 00:00:00,Chloe,Botha,Benoni,Consumer,Online,Tablet,5.0,7518.24,0.15,14.95,0.14,4908.41,None,Card,Returned,,36440.83,
ORD-0005736,C10427,2024-07-01 00:00:00,Naledi,Mthembu,Cape Town,Small Business,Marketplace,Laptop,3.0,11365.14,0.15,31.29,0.0,6694.49,Payday Promo,Card,Pending,,29012.39,
ORD-0000323,C11511,2025-02-05 00:00:00,Siyanda,Smith,Johannesburg,Corporate,Online,Printer,6.0,5999.32,0.0,116.56,0.15,4746.53,None,Card,Cancelled,,41511.9,
ORD-0000671,C12708,2024-04-12 00:00:00,Fatima,Williams,Pretoria,Corporate,Online,Headset,2.0,1940.61,0.1,212.59,0.15,1532.53,Back to School,Cash,Completed,,4229.66,
ORD-0001312,UNKNOWN-45,2024-04-23 00:00:00,Naledi,Williams,Pretoria,Corporate,Online,Monitor,5.0,4118.53,0.03,1.7,0.15,3111.39,None, bank transfer ,Cancelled,,22972.79,
ORD-0003778,C12189,2024-05-22 00:00:00,Siyanda,Dlamini,Pretoria,Corporate,Store,Webcam,4.0,2082.82,0.05,105.71,0.15,1317.53,Payday Promo,EFT,Cancelled,Rep D,9207.61,
ORD-0000401,C12295,2024-09-09 00:00:00,Andile,Smith,Johannesburg,Consumer,Store,SSD,2.0,1240.26,0.1,38.88,0.15,1024.35,Payday Promo,EFT,Completed,Rep C,2606.22,
ORD-0000403,C12846,2024-06-25 00:00:00,Sipho,Mthembu,Pretoria,Consumer,Online,Office Chair,6.0,5401.68,0.1,61.84,0.15,4493.42,None,EFT,Completed,,33606.28,
ORD-0001976,C12403,2025-08-27 00:00:00,Daniel,Mthembu,Durban,Corporate,Phone,Keyboard,1.0,472.8,0.0,88.06,0.15,287.6,Black Friday,EFT,Completed,,631.78,
ORD-0000522,C10376,2025-03-06 00:00:00,Chloe,Khumalo,Johannesburg,Consumer,Online,Laptop,3.0,9267.59,0.0,5.51,0.0,7958.87,,Card,Completed,,27808.27,
ORD-0002805,C12762,2024-07-12 00:00:00,Naledi,Dlamini,Johannesburg,Consumer,Online,Tablet,3.0,8820.43,0.0,38.67,0.15,5943.17,Clearance,Mobile Wallet,Completed,,30469.15,
ORD-0000105,C10686,2024-08-31 00:00:00,Mpho,Mokoena,Johannesburg,Corporate,Online,Laptop,3.0,17145.09,0.05,102.72,0.15,11367.13,None,Card,Cancelled,,56295.76,
ORD-0004485,C10644,2025-08-28 00:00:00,Siyanda,Williams,Pretoria, small business ,Online,Keyboard,4.0,1881.7,0.03,64.12,0.15,1257.85,None,Mobile Wallet,Completed,,8460.28,
ORD-0005710,C10134,2024-11-10 00:00:00,Naledi,Dlamini,Bloemfontein,Consumer,Online,Webcam,2.0,1838.7,0.08,111.95,0.15,1377.87,None,Card,Completed,,4002.64,
ORD-0002471,C10986,2025-10-25 00:00:00,Zanele,Smith,Pretoria,Consumer,Online,SSD,1.0,4085.06,0.15,218.72,0.15,3423.5,Payday Promo,Card,Pending,,4211.87,
ORD-0000563,C12916,2024-04-12 00:00:00,Priya,Smith,Johannesburg,Corporate,Online,Laptop,6.0,13832.47,0.1,7.51,0.0,11133.6,None,Card,Pending,,74702.87,
ORD-0003315,C12098,2025-11-21 00:00:00,Aisha,Dlamini,Johannesburg,Corporate,Online,Keyboard,1.0,,0.05,144.39,0.15,385.67,New Customer,Card,Cancelled,,770.39,
ORD-0005766,C11406,2025-11-11 00:00:00,Zanele,Dlamini,Johannesburg,Small Business,Store,Mouse,1.0,563.96,0.0,178.88,0.15,392.35,None,Bank Transfer,Pending,Rep C,827.43,
ORD-0001822,C11992,2025-02-22 00:00:00,Nomsa,Nkosi,Benoni,Corporate,Marketplace,Office Chair,10.0,5968.46,0.0,134.49,0.15,3972.34,Black Friday,Card,Completed,,68771.84,
ORD-0003005,C10342,2024-02-27 00:00:00,Chloe,Mokoena,Pretoria,Consumer,Online,Router,3.0,2628.8,0.1,103.65,0.14,1925.85,Clearance,Cash,Completed,,8195.1,
ORD-0005801,C12690,2025-06-20 00:00:00,Priya,Naidoo,PE,Consumer,Online,Laptop,5.0,12463.6,0.2,18.04,0.15,9265.2,None,Mobile Wallet,Returned,,57350.58,
ORD-0004770,C10629,2025-03-18 00:00:00,Priya,Naidoo,Pretoria,Consumer,Online,Headset,5.0,1086.41,0.0,91.1,0.15,744.73,None,Cash,Completed,,6337.94,
ORD-0000803,C11306,2024-12-01 00:00:00,Thabo,Dlamini,Johannesburg,Consumer,Online,Keyboard,5.0,1348.11,0.2,39.99,0.15,805.25,None,Mobile Wallet,Completed,,6241.3,
ORD-0003163,C11167,2025-08-29 00:00:00,Zanele,Williams,Benoni,Consumer,Online,Keyboard,2.0,523.44,0.05,58.01,0.15,368.63,Payday Promo,Card,Cancelled,,947.29,
ORD-0002030,C11976,2025-08-12 00:00:00,Ryan,Mthembu,Cape Town,Consumer,Store,Keyboard,3.0,536.91,0%,131.94,0.15,430.6,Summer Sale,Card,Completed,Rep A,1984.29,
ORD-0001788,C10604,2025-10-02 00:00:00,Nomsa,Naidoo,Johannesburg,Small Business,Marketplace,Mouse,2.0,1051.87,0.05,93.28,0.15,790.97,None,Card,Returned,,2391.62,
ORD-0004264,C10178,2024-03-23 00:00:00,Thabo,Mokoena,Cape Town,Consumer,Online,Laptop,1.0,19114.26,0.1,90.24,0.15,11575.18,New Customer, eft ,Pending,,19873.5,
ORD-0003139,C10177,2024-01-13 00:00:00,Kabelo,Molefe,Cape Town,Small Business,Store,Printer,3.0,1895.95,0.0,140.37,0.15,1432.23,None,Mobile Wallet,Returned,,6681.39,
ORD-0004781,C10062,2024-03-29 00:00:00,Sipho,Molefe,Pretoria,Consumer,Store,Monitor,1.0,7753.44,0.0,36.18,0.0,5983.99,None,Card,Completed,Rep A,7789.63,
ORD-0002696,C12252,2025-11-04 00:00:00,Thabo,Pillay,Johannesburg,Consumer,Online,Printer,1.0,2279.16,0.1,176.93,0.15,1404.94,Black Friday,Bank Transfer,Completed,,2535.86,
ORD-0000837,C11931,2024-06-28 00:00:00,Lerato,,Nelspruit,Consumer,Phone,SSD,4.0,1691.61,0.2,131.55,0.15,1430.11,Black Friday,EFT,Returned,,6356.69,
ORD-0000011,C10207,2025-11-09 00:00:00,Lerato,Pillay,Bloemfontein,Consumer,Online,Docking Station,6.0,3052.31,0.15,115.92,0.15,2099.84,None,Mobile Wallet,Completed,,18017.74,
ORD-0002325,C12511,2024-12-23 00:00:00,Andile,Smith,Cape Town,Corporate,Phone,Headset,1.0,1849.19,0.03,136.53,0.15,1176.81,New Customer,Bank Transfer,Cancelled,,2199.3,
ORD-0005096,C12827,2024-01-01 00:00:00,Andile,Nkosi,Cape Town,Consumer,Phone,Headset,2.0,2109.24,0.0,121.65,0.15,1536.07,Summer Sale,Cash,Pending,,4972.91,
ORD-0000850,C11207,2024-04-04 00:00:00,Jason,Pillay,,Small Business,Online,Monitor,6.0,7185.26,0.05,127.57,0.15,4999.32,None,Mobile Wallet,Cancelled,,47226.93,
ORD-0003940,C12684,2024-08-15 00:00:00,Priya,Pillay,Gqeberha,Consumer,Online,Mouse,4.0,212.77,0.05,22.71,0.15,180.55,None,Cash,Completed,,952.52,
ORD 0002344,C12853,2025-08-09 00:00:00,Andile,Dlamini,Cape Town,Consumer,Online,Tablet,2.0,6894.21,0.03,190.38,0.15,5627.03,None,EFT,Pending,,15571.37,
ORD-0001213,C12954,2024-05-30 00:00:00,Sipho,Nkosi,Pretoria,Consumer,Marketplace,Office Chair,1.0,3546.57,0.08,207.9,0.15,2076.87,Summer Sale,Card,pending,,3960.17,
ORD-0004917,C12041,2024-05-18 00:00:00,Megan,Pillay,Johannesburg,Consumer,Online,Headset,1.0,1302.24,0.1,160.0,0.15,765.14,None,Card,Completed,,1507.82,
ORD-0000302,C11703,2024-03-23 00:00:00,Lerato,Khumalo,Benoni,Consumer,Store,Monitor,6.0,2036.55,0.05,98.6,0.15,1355.32,New Customer,Mobile Wallet,Completed,Rep B,13448.16,
ORD-0003389,C11787,2025-11-29 00:00:00,Fatima,Naidoo,Pretoria,Consumer, online ,Mouse,10.0,465.65,0.08,100.54,0.15,374.16,None,Cash,Completed,,5027.15,
ORD-0004670,C11453,2025-10-31 00:00:00,Megan,Botha,Pretoria,Small Business,Online,Router,3.0,1946.8,0.05,95.75,0.14,1503.26,Payday Promo,EFT,Completed,,6420.91,
ORD-0003574,C11059,not recorded,Priya,Pillay,Cape Town,Consumer,Online,Keyboard,2.0,1028.31,0.05,132.38,0.0,709.93,None,Card,Completed,,2086.16,
ORD-0005557,C12333,2025-06-08 00:00:00,Aisha,Naidoo,Johannesburg,Consumer,Online,Keyboard,6.0,418.28,0.1,51.59,0.15,307.63,None,EFT,Completed,,2649.14,
ORD-0000373,C10113,2024-04-26 00:00:00,Thabo,Pillay,Johannesburg,Corporate,Online,Printer,1.0,5726.19,0.03,175.93,0.15,4606.27,None,EFT,Pending,,6563.49,
ORD-0002532,C10940,2024-10-28 00:00:00,Jason,Mokoena,Cape Town,Consumer,Online,Router,2.0,1060.68,0.05,58.79,0.15,900.56,Back to School,Card,Completed,,2376.37,
ORD-0004599,C10470,2024-12-29 00:00:00,Naledi,Patel,Bloemfontein,Small Business,Store,Tablet,6.0,8988.77,0.15,8.03,0.15,7181.7,None,Cash,Cancelled,Rep E,52727.2,
ORD-0001134,C10778,2024-09-29 00:00:00,Aisha,Dlamini,Bloemfontein,Consumer,Phone,Keyboard,3.0,1538.66,0.1,9.38,0.15,1150.61,Clearance,Bank Transfer,Completed,,4786.93,
ORD-0003871,C12846,2025-02-12 00:00:00,Mpho,Dlamini,Durban,Consumer,Marketplace,Webcam,1.0,908.22,0.1,193.64,0.15,780.35,None,Card,Pending,,1133.64,
ORD-0001933,C11506,2024-02-12 00:00:00,Mpho,Dlamini,Cape Town,Consumer,Online,Monitor,4.0,0,0.15,117.95,0.15,2911.09,None,Mobile Wallet,Pending,,18698.03,
ORD-0005522,C11002,2025-08-18 00:00:00,Jason,Dlamini,Johannesburg,Consumer,Online,Mouse,3.0,1353.6,0.03,43.55,0.15,876.35,None,Mobile Wallet,Completed,,4573.39,
ORD-0005175,C10278,2024-05-30 00:00:00,Megan,Mthembu,Cape Town,Consumer,Online,SSD,2.0,3597.52,0.05,219.63,0.15,2768.53,None,Card,Completed,,8080.21,
ORD-0004647,C11113,2024-05-04 00:00:00,Siyanda,Mokoena,Cape Town,Consumer,Store,Docking Station,1.0,2284.23,0.1,175.67,0.15,1700.16,Back to School,Mobile Wallet,Cancelled,Rep C,2539.84,
ORD-0001321,C11538,2024-07-04 00:00:00,Ryan,Mthembu,Gqeberha,Corporate,Online,Laptop,7.0,18007.33,0.15,136.43,0.15,13847.52,Clearance,EFT,Pending,,123351.59,
ORD-0005759,C11400,2025-03-07 00:00:00,Mpho,Smith,Pretoria,Corporate,Store,Mouse,2.0,736.06,0.0,55.17,0.15,506.34,None,Card,Cancelled,Rep A,1748.12,
ORD-0002549,C10855,2025-12-28 00:00:00,Jason,Mokoena,Cape Town,Corporate,Online,Tablet,3.0,5090.24,0.05,101.81,0.15,3005.15,Payday Promo,EFT,Completed,,16785.07,
ORD-0000266,C12780,2025-11-20 00:00:00,Mpho,Mokoena,Benoni,Corporate,Online,Webcam,2.0,1176.56,0.08,170.84,0.15,933.22,Back to School,Card,Pending,,2660.45,
ORD-0000059,C10811,2025-08-20 00:00:00,Aisha,Smith,Benoni,Consumer,Marketplace,SSD,1.0,2630.72,3%,103.09,0.15,1658.92,None,Card,Completed,,3037.66,
ORD-0005244,C12962,2024-11-27 00:00:00,Andile,Mokoena,Polokwane,Consumer,Online,Monitor,2.0,7368.92,0.08,189.84,0.15,4781.91,New Customer,Bank Transfer,Completed,,15782.48,
ORD-0000434,C10228,2025-01-16 00:00:00,Andile,Mokoena,Pretoria,Consumer,Phone,Keyboard,1.0,374.69,0.1,39.67,0.15,291.35,Back to School,Mobile Wallet,Completed,,427.48,
ORD-0001694,C11786,2025-10-24 00:00:00,Megan,Nkosi,Pretoria,Corporate,Phone,Mouse,3.0,1071.02,0.05,127.17,0.15,838.71,None,Cash,Returned,,3637.44,
ORD-0004384,C11180,2025-05-18 00:00:00,Zanele,Naidoo,Cape Town,Corporate,Marketplace,Webcam,5.0,727.22,0.0,47.69,0.15,593.17,None,Card,Completed,,4229.23,
ORD-0002898,C10807,2025-09-03 00:00:00,Aisha,,Johannesburg,Consumer,Online,Keyboard,5.0,1690.88,0.0,109.49,0.0,1192.52,None,Mobile Wallet,Pending,,8563.91,
ORD-0004411,C10813,2024-01-28 00:00:00,Lerato,Williams,Johannesburg,Consumer,Online,Docking Station,2.0,3136.92,0.15,206.97,0.15,1847.07,Summer Sale,Card,Completed,,6339.66,
ORD-0000079,C10828,2025-03-06 00:00:00,Aisha,Naidoo,Cape Town,Consumer,Store,Monitor,3.0,7347.08,0.0,81.17,0.15,5412.05,None,Bank Transfer,Completed,Rep E,25428.59,
ORD-0002668,C12731,2024-04-22 00:00:00,Andile,Nkosi,Cape Town,Corporate,Store,Router,4.0,3629.88,0.05,61.15,0.15,2835.12,New Customer,Card,Completed,Rep A,15923.71,
ORD-0003427,C12689,2025-02-09 00:00:00,Thabo,Botha,Johannesburg,Consumer,Online,Tablet,8.0,4383.69,0.08,80.61,0.15,2998.28,None,Bank Transfer,Completed,,37184.13,
ORD-0002838,C12989,2024-01-22 00:00:00,Ryan,Dlamini,Johannesburg,Consumer,Phone,Tablet,1.0,8310.19,0.0,173.25,0.15,4950.07,None,Card,Completed,,9729.96,
ORD-0003522,C12576,2024-11-25 00:00:00,Fatima,Williams,Gqeberha,Consumer,Online,Laptop,1.0,18540.66,0.15,32.12,,15600.53,Summer Sale,Card,Returned,,18155.61,
ORD-0002871,C12064,2024-09-18 00:00:00,Sipho,Khumalo,Bloemfontein,Consumer,Online, monitor ,1.0,7589.5,0.0,110.72,0.0,6047.86,None,EFT,Cancelled,,7700.23,
ORD-0001918,C11737,2024-09-22 00:00:00,Nomsa,Khumalo,Gqeberha,Consumer,Online,Headset,1.0,1850.83,0.15,34.45,0.15,1203.9,None,Cash,Cancelled,,1843.64,1850.83
ORD-0005235,C10026,2024-11-15 00:00:00,Mpho,Patel,Johannesburg,Small Business,Online,Headset,3.0,860.05,0.03,136.2,0.15,612.3,None,Card,Cancelled,,3014.36,
ORD-0003762,C10164,2025-08-17 00:00:00,Lerato,Smith,Durban,Consumer,Online,Office Chair,3.0,6540.46,0.03,110.93,0.14,4082.16,Payday Promo,Card,Completed,,21808.26,
ORD-0003659,UNKNOWN-9,2025-03-08 00:00:00,Thabo,Patel,Benoni,Corporate,Store,Docking Station,1.0,3952.23,0.05,129.42,0.15,2885.23,None,Mobile Wallet,Completed,Rep A,4447.23,
ORD-0003863,UNKNOWN-9,2025-06-03 00:00:00,Mpho,Nkosi,Johannesburg,Corporate,Store,Mouse,2.0,994.14,0.05,159.62,0.15,657.96,None,Bank Transfer,Completed,Rep A,2331.81,
ORD-0005413,C12527,2025-01-03 00:00:00,Fatima,Nkosi,Polokwane,Consumer,Marketplace,Keyboard,1.0,699.73,0.08,158.06,0.15,527.96,Back to School,Card,Pending,,898.38,
ORD-0003988,C11822,2025-09-05 00:00:00,Chloe,Mokoena,Gqeberha,Corporate,Online,Headset,2.0,1008.03,0.03,122.24,0.15,758.92,None,Card,Returned,,2371.15,
ORD-0004449,C12647,2025-12-15 00:00:00,Aisha,Naidoo,Johannesburg,Consumer,Online,Keyboard,2.0,1507.4,0.08,136.51,0.15,1009.19,None,Bank Transfer,Completed,,3326.16,
ORD-0005565,C11771,2025-09-24 00:00:00,Lerato,Dlamini,Pretoria,Consumer,Online,Webcam,3.0,868.68,0.1,112.39,0.15,585.34,New Customer,Card,Pending,,2809.63,
ORD-0001574,C12150,2024-11-29 00:00:00,Naledi,Nkosi,Cape Town,Corporate,Online,Keyboard,1.0,319.14,0.0,78.46,0.15,224.79,None,Card,Cancelled,,445.47,
ORD-0005912,C11772,2024-04-19 00:00:00,Thabo,Dlamini,Pretoria,Consumer,Online,Laptop,1.0,16921.13,0.05,182.7,0.15,11914.02,Clearance,Bank Transfer,Completed,,18669.03,
ORD-0000438,C12592,2024-02-13 00:00:00,Thabo,Pillay,Johannesburg,Consumer,Online,Mouse,2.0,187.25,0.08,105.43,0.15,114.48,None,Mobile Wallet,Returned,,501.64,
ORD-0000542,C11017,2025-12-11 00:00:00,Thabo,Naidoo,Johannesburg,Consumer,Phone,Router,3.0,2742.02,0.08,63.62,0.15,2292.57,None,Card,Pending,,8766.78,
ORD-0004654,C12018,2025-04-26 00:00:00,Siyanda,Williams,Cape Town,Consumer,Marketplace,Laptop,2.0,19156.63,0.15,197.5,0.15,13538.19,Payday Promo,Card,Completed,,37648.72,38313.26
ORD-0004407,C11187,2025-02-16 00:00:00,Jason,Dlamini,Johannesburg,Corporate,Phone,Tablet,5.0,10527.77,0.2,27.6,0.15,6984.51,None,Card,Completed,,48455.36,
ORD-0004184,C11126,2024-04-15 00:00:00,Sipho,Pillay,PTA,Corporate,Marketplace,Laptop,5.0,10371.04,0.03,41.35,0.15,6939.7,None,Card,Cancelled,,57885.81,51855.2
ORD-0003896,C10295,2024-01-14 00:00:00,Priya,Botha,Cape Town,Consumer,Marketplace,Mouse,5.0,959.91,0.08,131.36,0.15,694.87,Black Friday,Card, cancelled ,,5209.26,
ORD-0001751,C12486,2025-07-01 00:00:00,Aisha,Nkosi,Pretoria,Corporate,Marketplace,Mouse,1.0,719.34,0.0,71.05,0.15,585.96,Back to School,Card,Pending,,898.29,
ORD-0002443,C10074,2024-10-11 00:00:00,Megan,Patel,Benoni,Consumer,Store,Monitor,2.0,6687.14,0.15,69.96,0.0,5072.09,None,Card,Pending,Rep D,11438.09,
ORD-0005067,C11500,2024-11-13 00:00:00,Zanele,Botha,Pretoria,Consumer,Marketplace,Docking Station,3.0,2076.67,0.1,34.93,0.15,1542.65,None,EFT,Completed,,6483.0,
ORD-0001675,C11127,2024-06-04 00:00:00,Thabo,Williams,Benoni,Consumer,Online,Monitor,2.0,4681.78,0.1,35.81,0.15,3335.53,Payday Promo,Card,Returned,,6347.98,
ORD-0001311,C10727,2025-08-25 00:00:00,Kabelo,Smith,Durban,Consumer,Marketplace,Tablet,1.0,10756.54,0.05,89.38,0.15,8878.22,None,EFT,Completed,,11840.9,
ORD-0005660,C12416,2024-07-20 00:00:00,Fatima,Mthembu,Polokwane,Small Business,Online,Headset,4.0,1851.74,0.08,144.91,0.15,1366.87,Back to School,Mobile Wallet,Returned,,7981.49,
ORD-0004314,C12118,2024-10-21 00:00:00,Daniel,Patel,Pretoria,Consumer,Marketplace,Mouse,1.0,808.88,0.1,65.56,0.15,512.17,Back to School,Card,Completed,,902.75,
ORD-0005488,C12487,2025-06-29 00:00:00,Lerato,Williams,Johannesburg,Consumer,Online,Mouse,1.0,316.81,0.08,162.83,0.15,270.33,None,Card,Cancelled,,498.02,
ORD-0000042,C12898,2024-12-04 00:00:00,Sipho,Naidoo,Bloemfontein,Consumer,Marketplace,SSD,3.0,2664.42,0.2,138.7,0.15,2078.53,Summer Sale,Cash,Completed,,7492.51,
ORD-0005632,C10384,2024-08-03 00:00:00,Nomsa,Patel,Cape Town,Consumer,Online,Mouse,4.0,619.47,0.03,110.82,0.15,406.81,None,Cash,Returned,,2874.92,
ORD-0002135,C10858,2024-07-23 00:00:00,Naledi,Dlamini,Nelspruit,Consumer,Phone,Laptop,5.0,20494.6,0.1,139.63,0.15,16914.08,None,Card,Completed,,106199.16,
ORD-0000201,C10083,2025-06-04 00:00:00,Nomsa,Mokoena,Bloemfontein,Small Business,Store,Webcam,,1129.78,0.08,166.24,0.15,667.0,None,Card,Completed,Rep B,2556.87,
ORD-0005665,C11736,2025-01-04 00:00:00,Thabo,Pillay,Cape Town,Corporate,Store,Router,4.0,958.3,0.05,125.03,0.14,673.08,None,Bank Transfer,Returned,Rep A,4276.4,
ORD-0005145,C10754,2024-02-09 00:00:00,Mpho,Pillay,Benoni,Corporate,Online,Docking Station,2.0,2113.07,15%,63.81,0.15,1254.22,None,EFT,Completed,,4194.86,
ORD-0001420,C12009,2025-02-28 00:00:00,Aisha,Williams,Johannesburg,Consumer,Store,Headset,6.0,1799.72,0.08,74.14,0.0,1278.21,Back to School,EFT,Completed,Rep D,10008.6,
ORD-0002175,C10396,2025-12-06 00:00:00,Ryan,Mthembu,Johannesburg,Corporate,Store,Webcam,2.0,632.86,0.0,146.61,0.15,479.49,None,Card,Returned,Rep D,1602.2,
ORD-0004395,C10548,2025-05-02 00:00:00,Aisha,Williams,Johannesburg,Consumer,Store,Laptop,3.0,10913.92,,89.14,0.15,8162.67,New Customer,Card,Pending,Rep A,35859.51,
ORD-0005493,C11741,2024-03-22 00:00:00,Chloe,Botha,Pretoria,Consumer,Online,Headset,1.0,2740.8,0.05,55.38,0.15,1690.51,Payday Promo,Card,Completed,,3049.7,
ORD-0000219,C11878,2025-09-17 00:00:00,Daniel,Dlamini,Benoni,Consumer,Online,Docking Station,4.0,2323.27,0.15,140.69,0.15,1482.28,Payday Promo,Mobile Wallet,Completed,,9224.69,9293.08
ORD-0004291,C10431,2025-10-24 00:00:00,Thabo,Williams,Benoni,Small Business,Phone,Docking Station,1.0,3282.15,0.0,203.23,0.15,2420.92,None,Cash,Completed,,3977.7,
ORD-0005208,C10588,2024-02-26 00:00:00,Thabo,Smith,Johannesburg,Consumer,Online,Printer,3.0,3478.19,0.0,64.89,0.15,2840.28,None,EFT,Completed,,12064.63,
ORD-0001207,C11468,2025-09-29 00:00:00,Fatima,Dlamini,Durban,Small Business,Store,Webcam,3.0,1020.11,0.08,144.05,0.15,734.38,Black Friday,Card,Cancelled,Rep A,3381.87,
ORD-0001438,C10460,2024-04-29 00:00:00,Lerato,Dlamini,Benoni,Consumer,Store,Tablet,1.0,5422.64,0.1,44.97,0.15,4609.7,None,Card,Completed,Rep A,5657.4,
ORD-0000142,C12540,2024-06-12 00:00:00,Fatima,Molefe,Johannesburg,Corporate,Phone,Webcam,4.0,1543.5,0.0,135.15,0.15,1298.15,None,EFT,Completed,,7235.27,
ORD-0003107,C12771,2025-06-09 00:00:00,Zanele,Naidoo,Johannesburg,Consumer,Marketplace,Headset,1.0,420.99,0.15,159.29,0.15,315.1,Clearance,EFT,Completed,,570.8,
ORD-0001659,C11064,2024-08-13 00:00:00,Aisha,Mokoena,Pretoria,Consumer,Online,Laptop,1.0,18991.03,0.08,130.53,0.15,14448.26,None,Cash,Cancelled,,20223.03,
ORD-0002837,C12833,2025-06-02 00:00:00,Naledi,Nkosi,Polokwane,Consumer,Online,Printer,2.0,3419.41,0.0,167.39,0.15,2770.75,Back to School,Mobile Wallet,Completed,,8032.03,
ORD-0004547,C12900,2024-09-23 00:00:00,Zanele,Molefe,Johannesburg,Small Business,Marketplace,Laptop,2.0,18803.31,0.1,186.74,0.14,12641.44,Summer Sale,EFT,Returned,,38771.13,
ORD-0004476,C10698,2025-07-06 00:00:00,Nomsa,Smith,Johannesburg,Consumer,Store,Dock station,2.0,6162.51,10%,117.18,0.15,4043.87,None,Bank Transfer,Pending,Rep D,14251.99,
ORD-0003411,C10625,23 Jul 2025,Priya,Khumalo,Polokwane,Small Business,Store,Mouse,1.0,576.86,0.0,78.88,0.15,389.64,None,Mobile Wallet,Pending,Rep C,742.27,
ORD-0004265,C10387,2024-01-02 00:00:00,Thabo,Smith,Pretoria,Corporate,Store,SSD,8.0,1633.58,0.2,40.26,0.15,1145.09, none ,Mobile Wallet,Pending,Rep D,12063.39,
ORD-0006000,C11512,2025-08-06 00:00:00,Thabo,Mthembu,Benoni,Consumer,Marketplace,Tablet,5.0,10736.68,0.0,112.04,0.15,8964.75,None,Card,Returned,,61847.93,
ORD-0003707,C10204,2025-08-24 00:00:00,Sipho,Naidoo,Cape Town,Consumer,Phone, tablet ,1.0,4571.31,0.0,107.99,0.15,3288.59,None,Card,Completed,,5364.99,
ORD-0001598,C10396,2025-08-14 00:00:00,Jason,Pillay,Pretoria, consumer ,Phone,Laptop,2.0,21670.32,0.1,92.36,0.15,13584.32,None,Card,Completed,,44949.92,
ORD-0005803,C11923,2025-06-06 00:00:00,Jason,Molefe,PTA,Consumer,Online,Webcam,1.0,586.24,0.05,99.56,0.15,399.88,Payday Promo,Card,Completed,,740.03,
ORD-0004205,C10732,2025-08-15 00:00:00,,Williams,Pretoria,Consumer,Phone,Monitor,2.0,8046.61,0.0,216.25,0.15,5747.2,None,Card, completed ,,18723.46,
ORD-0000374,C12447,08 May 2025,Kabelo,Khumalo,Pretoria,Small Business,Online,SSD,4.0,3877.19,0.05,116.28,0.14,2418.49,None,Card,Pending,,16912.28,
ORD-0001107,C10510,2025-09-10 00:00:00,Jason,Nkosi,Polokwane,Corporate,Online,Laptop,2.0,20289.95,0.1,46.49,0.15,11775.96,Summer Sale,Mobile Wallet,Completed,,42046.69,
ORD-0001217,C11060,2024-11-25 00:00:00,Nomsa,Botha,Johannesburg,Consumer,Online,SSD,2.0,3012.66,0.05,75.91,0.0,2575.18,None,Mobile Wallet,Returned,,5799.97,
ORD-0003591,C11134,2025-02-19 00:00:00,Zanele,Mokoena,Nelspruit,Consumer,Store,Router,3.0,3338.58,0.25,117.64,0.14,1954.51,None,Card,Cancelled,Rep C,8681.1,
ORD-0002717,C11546,2024-02-21 00:00:00,Priya,Williams,Pretoria,Corporate,Marketplace,Laptop,2.0,12675.16,0.1,168.74,0.15,9486.02,Clearance,Card,Completed,,26406.33,
ORD-0000252,C10504,2025-07-15 00:00:00,Siyanda,Pillay,Johannesburg,Consumer,Online,Mouse,2.0,173.26,0.1,183.62,0.15,147.99,New Customer,Bank Transfer,Returned,,542.28,
ORD-0002292,C12519,2025-08-17 00:00:00,Nomsa,Pillay,Polokwane,Small Business,Store,Office Chair,6.0,7414.61,0.1,134.91,0.15,5033.93,None,Bank Transfer,Completed ,Rep E,46179.65,
ORD-0005722,C11826,2024-06-25 00:00:00,Lerato,Molefe,Gqeberha,Consumer,Marketplace,Office Chair,2.0,5559.81,0.03,83.31,0.15,4296.99,None,EFT,Completed,,12487.24,
ORD-0000200,C10240,2024-01-07 00:00:00,Mpho,Molefe,Johannesburg,Consumer,Online,Laptop,3.0,8286.91,0.08,93.02,0.15,5482.68,Payday Promo,Card,Completed,,26395.68,
ORD-0001363,C12443,2024-12-19 00:00:00,Priya,Smith,Pretoria,Consumer,Store,Router,1.0,1513.55,0.05,94.37,0.15,996.35,None,Card,Cancelled,Rep E,1747.92,
ORD-0005433,C12724,2024-08-28 00:00:00,Aisha,Botha,Nelspruit,Small Business,Online,Mouse,2.0,808.53,0.1,41.88,0.15,664.79,None,Card,Completed,,1715.53,
ORD-0002799,C12363,2025-05-13 00:00:00,Daniel,Naidoo,Cape Town,Corporate,Online,Mouse,1.0,536.2,0.2,47.93,0.15,386.18,Payday Promo,Cash,Completed,,541.24,
ORD-0005897,C10086,2024-07-28 00:00:00,Ryan,Williams,Durban,Small Business,Online,Tablet,3.0,4328.72,0.15,116.16,0.15,3116.32,None,EFT,Completed,,12810.13,
ORD-0000745,C11123,2024-03-27 00:00:00,Zanele,Williams,Cape Town,Corporate,Online,Docking Station,3.0,1907.97,0.03,100.52,0.15,1291.37,None,Bank Transfer,Returned,,6485.53,
ORD-0004936,C11073,2024-03-05 00:00:00,Daniel,Pillay,Pretoria,,Online,Headset,6.0,2549.76,0.15,62.21,0.15,1652.89,None,Card,Completed,,15016.54,
ORD-0004130,C12450,2025-05-01 00:00:00,Mpho,Mthembu,Benoni,Corporate,Store,Router,3.0,668.53,0.05,95.18,0.15,491.69,None,Cash,Cancelled,Rep C,2286.29,
ORD-0001239,C12574,2025-02-21 00:00:00,Andile,Mthembu,Benoni,Consumer,Marketplace,Monitor,5.0,3493.13,0.1,44.98,0.15,2345.83,Clearance,Card,Completed,,18121.91,
ORD-0003255,C11997,2025-02-22 00:00:00,Daniel,Molefe,Gqeberha,Small Business,Online,Monitor,1.0,7060.67,0.08,132.55,0.15,4503.79,Black Friday,Card,Pending,,7602.74,
ORD-0004017,C10811,2025-01-23 00:00:00,Aisha,Smith,Cape Town,Corporate,Phone,Webcam,3.0,836.56,0.15,46.56,0.15,526.94,New Customer,Mobile Wallet,Pending,,2499.78,
ORD-0001508,C10989,2025-04-11 00:00:00,Thabo,Patel,Durban,Small Business,Online,Laptop,3.0,18938.82,0.15,47.87,0.15,11800.91,None,Card,Completed,,55585.95,
ORD-0003064,C10016,2024-08-17 00:00:00,Thabo,Patel,Gqeberha,Small Business,Online,SSD,2.0,3890.59,0.0,44.39,0.15,2808.62,Back to School,Bank Transfer,Pending,,8992.74,
ORD-0004708,C12331,2024-06-20 00:00:00,Lerato,Smith,Johannesburg,Corporate,Store,Keyboard,2.0,1329.85,0.0,200.1,0.15,1085.58,None,Cash,Completed,Rep C,3258.76,
ORD-0001182,C10900,2025-01-12 00:00:00,Jason,Williams,Gqeberha,Consumer,Online,Mouse,6.0,417.25,0.0,62.81,0.14,259.75,New Customer,Mobile Wallet,Completed,,2916.83,
ORD-0000740,C10151,2024-01-24 00:00:00,Siyanda,Dlamini,Durban,Corporate,Online,Mouse,5.0,1098.49,0.03,60.52,0.15,883.46,Payday Promo,Card,Cancelled,,6187.33,
ORD-0004490,C11756,2024-11-21 00:00:00,Thabo,Naidoo,Polokwane,Consumer,Online,SSD,4.0,3659.32,0.0,5.82,0.15,2270.66,None,Card,Completed,,11794.86,
ORD-0000020,C12202,2024-12-02 00:00:00,Chloe,Khumalo,Johannesburg,Consumer,Online,Tablet,5.0,7558.88,0.1,70.01,15%,6211.06,New Customer,Bank Transfer,Returned,,39187.19,
ORD-0002138,C10580,2025/04/04,Daniel,Mthembu,Durban,Consumer,Online,Printer,1.0,3247.65,0.0,104.73,0.15,2184.01,Clearance,Card,Completed,,3839.52,
ORD-0003507,C12607,2024-09-22 00:00:00,Aisha,Nkosi,Pretoria,Consumer,Online,Laptop,1.0,15722.27,0.0,169.79,0.14,10967.43,None,Card,Completed,,18093.18,
ORD-0003142,C12675,2025-06-13 00:00:00,Andile,Smith,Johannesburg,Small Business,Store,Webcam,2.0,1513.9,0.0,131.7,0.15,899.21,Clearance,Card,Completed,Rep E,3613.68,
ORD-0004474,C12893,2024-07-03 00:00:00,Jason,Williams,Johannesburg,Corporate,Marketplace,Laptop,3.0,17837.84,0.0,26.02,0.15,11009.77,Back to School,EFT,Returned,,61566.58,
ORD-0001975,C10898,2024-01-24 00:00:00,Mpho,Nkosi,Gqeberha,Consumer,Online,Printer,2.0,3960.28,0.05,67.15,0.15,2919.23,None,Card,Completed,,8720.35,
ORD-0002551,C11045,2025-11-19 00:00:00,Mpho,Molefe,Pretoria,Consumer,Online,Tablet,1.0,8435.71,0.08,144.13,0.15,5164.76,None,EFT,Completed,,9069.1,
ORD-0001348,C10632,2025-02-12 00:00:00,Jason,Naidoo,Gqeberha,Consumer,Phone,Laptop,2.0,20353.66,0.1,118.92,0.15,12219.65,Clearance, card ,Cancelled,,42250.99,
ORD-0004024,C12374,2025-13-01,Thabo,Mthembu,Pretoria,Consumer,Online,Laptop,1.0,17835.46,0.03,65.4,0.15,14933.25,,Card,Returned,,19960.86,
ORD-0002826,C12906,2024-01-29 00:00:00,Nomsa,Botha,Cape Town,Corporate,Phone,Tablet,2.0,5995.38,0.1,78.05,0.15,3848.83,Summer Sale,Bank Transfer,Cancelled,,12488.48,
ORD-0000029,C10229,2024-09-08 00:00:00,Fatima,Patel,Cape Town,Consumer,Store,Laptop,10.0,16353.65,0.0,66.04,0.15,11253.48,None,Card,Pending,Rep B,188133.03,
ORD-0003213,C12766,2025-03-19 00:00:00,Naledi,Smith,Johannesburg,Consumer,Online, monitor ,2.0,5543.05,0.1,181.37,0.15,3497.25,New Customer,Card,Completed,,11655.49,
ORD-0003217,C12125,2024-03-10 00:00:00,Sipho,Williams,Cape Town,Consumer,Online,Headset,5.0,637.73,0.0,72.98,0.15,437.61, none ,Card,Returned,,3739.95,
ORD-0003122,C12360,2025/07/21,Mpho,Nkosi,Nelspruit,Small Business,Online,Monitor,2.0,7221.46,0.15,90.03,0.15,5508.55,Summer Sale,Card,Completed,,14207.99,
ORD-0002928,C11113,2025-04-11 00:00:00,Siyanda,Khumalo,Benoni,Consumer,Online,Laptop,1.0,8080.11,0.1,109.46,0.15,5356.2,None,Cash,Completed,,8472.37,
ORD-0001204,C10503,2024-08-29 00:00:00,Ryan,Khumalo,Pretoria,Consumer,Marketplace,Docking Station,10.0,4845.97,0.15,131.4,0.15,3558.62,None,Mobile Wallet,Returned,,47500.75,
ORD-0003343,C12882,2024-03-16 00:00:00,Ryan,Mthembu,Johannesburg,Consumer,Marketplace,Router,1.0,1660.96,0.15,187.51,0.15,1212.02,New Customer,Card,Completed,,1811.1,
ORD-0003105,C11382,2024-12-28 00:00:00,Siyanda,Smith,Durban,Small Business,Online,Router,3.0,2157.06,0.05,140.82,0.15,1580.99,None,Mobile Wallet,Returned,,7210.57,
ORD-0000998,C11077,2025-08-23 00:00:00,Sipho,Nkosi,Johannesburg,Consumer,Online,Mouse,1.0,411.45,0.05,197.01,0.15,311.43,None,Cash,Completed,,646.51,
ORD-0001907,C10824,2025-09-03 00:00:00,Naledi,Mthembu,Cape Town,Corporate,Online,Tablet,1.0,5899.59,0.05,206.64,0.15,4717.78,None,Card,Returned,,6651.94,
ORD-0005842,C11143,2025-02-20 00:00:00,Priya,Dlamini,Johannesburg,Consumer,Online,Router,5.0,747.63,0.0,51.14,0.15,454.7,Payday Promo,Cash,Cancelled,,4349.99,
ORD-0005995,C11287,2024-05-05 00:00:00,Lerato,Pillay,Durban,Small Business,Marketplace,Keyboard,1.0,1599.28,0.05,139.7,0.15,934.09,New Customer,Mobile Wallet,Completed,,1886.91,
ORD-0002453,C12248,2024-11-11 00:00:00,Zanele,Smith,Johannesburg,Small Business,Phone, headset ,1.0,1153.09,0.0,158.83,0.15,975.11,Back to School,EFT,Pending,,1484.88,
ORD-0003505,C12173,2024-09-26 00:00:00,Zanele,Dlamini,Johannesburg,Consumer,Store,Tablet,1.0,7663.4,0.0,168.49,0.15,6130.02,None,Card,Pending,Rep E,8981.4,
ORD-0005918,C11418,2024-05-06 00:00:00,Ryan,Khumalo,Johannesburg,Consumer,Phone,Webcam,3.0,1967.33,0.05,12.51,0.14,1209.49,Back to School,EFT,Cancelled,,6404.36,
ORD-0000525,C12908,2024-10-24 00:00:00,Siyanda,Patel,Pretoria,Corporate,Online,Monitor,1.0,3643.58,0.15,138.29,0.0,2749.19,None,Card,Returned,,3235.33,
ORD-0005550,C12902,2024-09-15 00:00:00,Priya,Botha,Johannesburg,Consumer,Store,Mouse,2.0,1391.65,,176.81,0.15,1103.37,None,,Completed,Rep E,3377.6,
ORD-0005073,C10621,2024-09-25 00:00:00,Priya,Botha,Johannesburg,Consumer,Store,Mouse,3.0,247.62,0.05,142.34,0.15,149.1,None,Bank Transfer,Completed,Rep B,953.92,
ORD-0002650,C12369,2024-05-12 00:00:00,Aisha,Naidoo,Durban,Consumer,Online,Laptop,2.0,17679.18,0.05,110.17,0.15,10344.25,,EFT,Completed,,38739.18,35358.36
ORD-0003410,C11429,2025-01-23 00:00:00,Naledi,Nkosi,Pretoria,Small Business,Online,Docking Station,1.0,1884.31,0.08,178.72,0.0,1247.0,None,EFT,Completed,,1912.28,
ORD-0002348,C11496,2024-08-30 00:00:00,Naledi,Mthembu,Johannesburg,Small Business,Marketplace,Monitor,1.0,6620.79,0.15,47.27,0.15,5477.42,Back to School, mobile wallet ,Completed,,6519.1,
ORD-0000013,C11364,2024-11-01 00:00:00,Siyanda,Naidoo,Pretoria,Corporate,Online,Monitor,3.0,7276.19,0.05,104.01,0.15,5095.37,Back to School,Card,Cancelled,,23951.74,
ORD-0003209,C12435,2025-10-21 00:00:00,Thabo,Williams,Pretoria,Consumer,Phone,Headset,3.0,437.79,0.05,8.43,0.15,319.3,Clearance,EFT,Completed,,1443.3,
ORD-0002675,C10775,2024-08-06 00:00:00,Thabo,Mokoena,Pretoria,Consumer,Online,Keyboard,3.0,2116.9,0.08,129.17,0.15,1606.72,New Customer,Cash,Completed,,6848.21,
ORD-0004651,C11369,2024-08-15 00:00:00,Ryan,Pillay,Benoni,Consumer,Marketplace,Laptop,2.0,17740.72,0.03,111.28,15%,12212.69,None,Cash,Pending,,39690.83,
ORD-0004194,C12324,2024-02-26 00:00:00,Megan,Molefe,Gqeberha,Consumer,Online,Tablet,4.0,6969.24,0.0,126.71,0.15,4766.97,Clearance,Card,Completed,,32185.22,
ORD-0004054,C12370,02 Mar 2025,Fatima,Pillay,Johannesburg,Small Business,Online,Mouse,7.0,871.35,0.1,100.0,0.15,521.04,None,Cash,Cancelled,,6412.95,
ORD-0001043,C10190,2025-10-17 00:00:00,Siyanda,Molefe,Pretoria,Small Business,Online,Router,4.0,1465.81,0.08,143.29,0.15,1090.06,Clearance,Mobile Wallet,Completed,,6346.61,
ORD-0000765,C10187,2025-10-08 00:00:00,Priya,Smith,Benoni,Consumer,Online,Mouse,10.0,167.15,0.1,117.2,0.0,141.52,Clearance,EFT,Completed,,1621.6,
ORD-0002069,C10503,2024-10-21 00:00:00,Naledi,Botha,Cape Town,Corporate,Online,Headset,2.0,2371.91,0.0,67.13,0.15,1540.47,Back to School,Cash,Completed,,5522.52,
ORD-0005775,C12143,2024-09-25 00:00:00,Ryan,Molefe,Johannesburg,Consumer,Store,Keyboard,3.0,524.9,0.0,23.82,0.15,372.92,Black Friday,Card,Completed,Rep E,1834.74,
ORD-0005628,C10654,2024-01-25 00:00:00,Priya,Williams,Pretoria,Small Business,Store,Monitor,1.0,6105.01,0.1,59.94,0.15,5076.39,None,EFT,Cancelled,Rep B,6378.62,
ORD-0003611,C10158,2025-05-31 00:00:00,Zanele,Khumalo,Johannesburg,Consumer,Online,Office Chair,4.0,4006.42,0.1,89.25,0.0,3124.0,New Customer,EFT,Completed,,14512.38,
ORD-0003191,C12074,2025-09-22 00:00:00,Siyanda,Molefe,Johannesburg,Corporate,Marketplace,Mouse,3.0,917.49,0.1,91.11,0.15,700.11,None,Card,Cancelled,,2939.94,
ORD-0002524,C10417,2025-03-13 00:00:00,Jason,Dlamini,Bloemfontein,Consumer,Online,Headset,2.0,1711.98,0.1,133.76,0.0,1006.68,Black Friday,Card,Pending,,3215.33,
ORD-0000007,C12157,2024-12-04 00:00:00,Zanele,Mthembu,Cape Town,Consumer,Online,Keyboard,1.0,590.28,0.15,80.71,0.15,420.58,None,Bank Transfer,Pending,,657.7,
ORD-0004088,C10327,2024-07-01 00:00:00,Daniel,Dlamini,Johannesburg,Consumer,Store,Docking Station,1.0,1492.17,0.08,91.48,0.15,958.48,Clearance,Card,Cancelled,Rep A,1670.2,
ORD-0004994,C10030,2024-08-30 00:00:00,Kabelo,Dlamini,Durban,Consumer,Phone,Monitor,1.0,4656.47,0.05,138.91,0.15,3556.75,None,Bank Transfer,Completed,,5226.1,
ORD-0001634,C11070,2025-05-28 00:00:00,Megan,Pillay,Bloemfontein,Consumer,Online,Docking Station,10.0,4879.89,0.05,136.87,0.0,3994.38,Back to School,Mobile Wallet,Returned,,46495.86,
ORD-0001922,C10388,2025-05-29 00:00:00,Fatima,Dlamini,Johannesburg,Consumer,Online,Mouse,2.0,377.01,0.0,136.28,0.0,229.31,None,Card,Returned,,890.3,
ORD-0004575,C12644,2024-08-15 00:00:00,Zanele,Mthembu,Durban,Consumer,Store,Monitor,4.0,5739.65,0.0,39.42,0.15,4234.57,None,Mobile Wallet,Completed,Rep E,26441.82,22958.6
ORD-0004070,C11636,2024-08-11 00:00:00,Sipho,Molefe,Durban,Small Business,Marketplace,Tablet,2.0,5620.19,0.0,103.18,0.15,3771.6,Black Friday,Cash,Completed,,13029.62,
ORD-0000800,C12478,2025-12-08 00:00:00,Mpho,Mthembu,Pretoria,Consumer,Marketplace,Mouse,4.0,1105.23,0.0,130.01,0.14,711.51,None,Card,Pending,,5169.88,
ORD-0000404,C12162,2025-07-28 00:00:00,Fatima,Mokoena,Polokwane,Consumer,Online,Router,1.0,3468.73,0.05,104.67,0.15,2762.32,Back to School,Card,Completed,,3894.26,
ORD-0002288,C12490,2025-09-12 00:00:00,Megan,Naidoo,Pretoria,Small Business,Online,Mouse,5.0,769.01,0.2,11.73,0.14,488.38,None,Bank Transfer,Completed,,3518.43,
ORD-0001631,C11463,2025-11-03 00:00:00,Priya,Khumalo,Durban,Corporate,Online,Headset,6.0,609.84,0.05,127.18,0.0,484.65,Clearance,Bank Transfer,Cancelled,,3603.24,
ORD-0002749,C10162,2025-05-16 00:00:00,Kabelo,Mthembu,Pretoria,Corporate,Online,Laptop,4.0,16341.27,0.1,34.48,0.15,13984.73,None,Cash,Completed,,67687.34,
ORD-0004895,C10808,2024-11-17 00:00:00,Daniel,Dlamini,Cape Town,Consumer,Online,Laptop,3.0,15703.91,0.1,8.67,0.15,9923.59,None,Card,Cancelled,,48769.31,
ORD-0003740,C11879,2025-10-19 00:00:00,Andile,Williams,Polokwane,Consumer,Marketplace,Headset,2.0,2101.44,0.0,139.2,0.15,1397.21,Back to School,Card,Cancelled,,4972.52,
ORD-0005227,C11988,2024-10-17 00:00:00,Fatima,Dlamini,Nelspruit,Corporate,Online,Mouse,2.0,1075.24,0.1,186.37,0.15,658.5,New Customer,Card,Completed,,2412.12,
ORD-0004292,C10860,2025-05-15 00:00:00,Andile,Naidoo,Polokwane,Consumer,Store,Monitor,6.0,3077.44,0.1,79.94,0.15,2259.67,None,Cash,Returned,Rep E,19190.87,
ORD-0003156,C10181,2024-01-15 00:00:00,Lerato,Nkosi,Pretoria,Consumer,Phone,Keyboard,3.0,624.43,0.0,116.16,0.15,464.49,None,Card,Completed,,2270.45,
ORD-0004225,C10449,2024-07-03 00:00:00,Aisha,Dlamini,Polokwane,Small Business,Phone,Monitor,1.0,6830.02,0.0,57.43,0.15,4892.47,None,EFT,Completed,,7911.95,
ORD-0001342,C12386,2025-08-20 00:00:00,Daniel,Nkosi,Polokwane,Consumer,Online,Keyboard,5.0,1906.6,0.2,124.47,0.15,1217.14,,Cash,Pending,,8894.84,
ORD-0001235,C11961,2024-09-04 00:00:00,Megan,Molefe,Gqeberha,Consumer,Online,Webcam,1.0,2019.55,0.1,44.39,0.15,1661.68,None,EFT,Completed,,2134.62,
ORD-0005029,C12519,2024-08-26 00:00:00,Zanele,Dlamini,Pretoria,Consumer,Online,Monitor,5.0,3257.49,0.05,55.94,0.15,2138.84,Back to School,Bank Transfer,Cancelled,,17849.98,
ORD-0002738,C10700,2025-03-09 00:00:00,Nomsa,Mthembu,Johannesburg,Small Business,Online,Monitor,6.0,5644.08,0.0,101.09,0.15,4035.76,Black Friday,EFT,Completed,,39045.25,
ORD-0003631,C10775,2025-04-24 00:00:00,Mpho,Nkosi,Pretoria,Consumer,Marketplace,Mouse,5.0,213.89,0.05,88.66,0.0,144.97,None,Card,Pending,,1104.62,
ORD-0001322,C11016,2025-02-13 00:00:00,Lerato,Mthembu,Bloemfontein,Small Business,Online,Tablet,10.0,4765.05,0.0,107.58,0.15,3379.39,None,EFT,Returned,,54905.6,
ORD-0002182,C10869,2024-06-01 00:00:00,Andile,Smith,Johannesburg,Small Business,Store,Headset,3.0,1809.13,0.0,9.68,0.15,1084.68,Back to School,EFT,Pending,Rep B,6251.18,
ORD-0003978,C11802,2025-06-05 00:00:00,Kabelo,Botha,Cape Town,Corporate,Phone,Monitor,1.0,6243.7,0.05,76.35,0.15,5051.44,Payday Promo,EFT,Returned,,6897.59,
ORD-0000318,C10850,2025-10-28 00:00:00,Chloe,Molefe,Johannesburg,Corporate,Marketplace,Headset,10.0,1227.55,0.05,127.62,0.14,869.64,None,Card,Completed,,13422.04,
ORD-0000436,C10438,2025-04-26 00:00:00,Lerato,Khumalo,Gqeberha,Consumer,Online,Headset,1.0,2164.49,0.15,146.41,0.15,1644.87,None,Card,Completed,,2262.21,
ORD-0000331,C12236,2025-10-03 00:00:00,Siyanda,Molefe,Polokwane,Consumer,Store,SSD,5.0,3389.61,0.1,66.6,0.15,2507.68,Back to School,EFT,Cancelled,Rep A,17607.84,
ORD-0003177,C11776,2024-08-31 00:00:00,Andile,Mokoena,Johannesburg, corporate ,Store,Office Chair,6.0,8139.11,0.0,51.84,0.15,6370.44,Back to School,Card,Completed,Rep E,56211.68,
ORD-0002141,C10934,2025-08-09 00:00:00,Ryan,Molefe,Johannesburg,Consumer,Online,Tablet,4.0,6019.25,0.03,93.45,0.15,3595.98,Black Friday,Card,Pending,,26951.33,
ORD-0004472,C11814,2025-09-10 00:00:00,Siyanda,Pillay,Polokwane,Consumer,Store,,2.0,1370.87,0.08,158.32,0.15,1011.66,New Customer,Card,Returned,Rep B,3059.09,
ORD-0005019,C10898,2025-10-08 00:00:00,Megan,Naidoo,Johannesburg,Corporate,Store,Headset,10.0,2186.38,0.1,97.98,0.15,1303.01,None,,Returned,Rep D,22726.99,
ORD-0001683,C11720,2024-05-10 00:00:00,Priya,Pillay,Durban,Small business,Phone,Office Chair,2.0,2864.17,0.03,42.67,0.15,2025.83,Summer Sale,Card,Completed,,6432.64,
ORD 0005475,C10997,2024-11-03 00:00:00,Sipho,Khumalo,Pretoria,Corporate,Online,SSD,3.0,1476.96,0.0,72.96,0.15,1068.93,Payday Promo,Mobile Wallet,Returned,,5168.48,
ORD-0003936,C12124,2025-01-21 00:00:00,Fatima,Mokoena,Benoni,Small Business,Store,Headset,2.0,773.21,0.1,162.88,0.15,526.36,None,Card,Pending,Rep A,1763.44,
ORD-0001858,C12003,2024-05-23 00:00:00,Fatima,Naidoo,Johannesburg,Consumer,Online,Webcam,1.0,2069.02,0.0,41.32,0.15,1670.96,None,EFT,Completed,,2420.69,
ORD-0001726,C11750,2025-01-04 00:00:00,Jason,Patel,Gqeberha,Consumer,Online,Monitor,5.0,5787.61,0.0,115.65,0.15,4573.56,Clearance,Card,Completed,,33394.43,
ORD-0003250,C11975,2025-12-17 00:00:00,Mpho,Nkosi,Nelspruit,Consumer,Store,Headset,1.0,1698.26,0.0,188.52,0.15,1061.12,Summer Sale,Card,Cancelled,Rep D,2141.52,
ORD-0000099,C11463,2025-10-20 00:00:00,Priya,Botha,Polokwane,Corporate,Store,Keyboard,4.0,346.57,0.0,6.97,0.15,296.24,None,Card,Completed,Rep A,1601.2,
ORD-0000383,C10315,2025-01-08 00:00:00,Kabelo,Pillay,Johannesburg,Small Business,Online,Headset,3.0,1218.38,0.0,12.49,0.15,714.34,Summer Sale,Card,Returned,,4215.88,
ORD-0001412,C10356,2024-02-05 00:00:00,Ryan,Williams,Polokwane,Corporate,Phone,Tablet,2.0,3825.98,0.05,42.69,0.15,2547.29,None,,Completed,,8402.45,
ORD-0002246,C10879,2025-08-06 00:00:00,Lerato,Mokoena,Johannesburg,Corporate,Online,Docking Station,1.0,4829.56,0.2,68.72,0.0,4131.62,Summer Sale,Card,Returned,,3932.37,
ORD-0004374,C12813,2025-04-13 00:00:00,Aisha,Pillay,Durban,Small Business,Store,Router,10.0,"R 3,421.73",0.1,24.4,0.15,2715.26,None,Card, pending ,Rep A,35439.29,
ORD-0005072,C11640,2025-09-05 00:00:00,Mpho,Pillay,Pretoria,Consumer,Online,SSD,1.0,2647.01,0.05,62.8,0.15,1552.03,Clearance,Card,Completed,,2954.66,
ORD-0005487,C10061,2025-08-02 00:00:00,Megan,Khumalo,Polokwane,Consumer,Online,Keyboard,4.0,1631.24,0.1,88.67,0.15,1371.44,None,Card,Pending,,6842.01,
ORD-0000983,C11539,2025-06-06 00:00:00,Daniel,Dlamini,Johannesburg,Small Business,Online,Tablet,10.0,8545.84,0.15,28.14,0.15,7030.03,None,Mobile Wallet,Completed,,83563.7,
ORD-0004890,C10243,2025-05-31 00:00:00,Kabelo,Molefe,Johannesburg,Consumer,Online,Mouse,2.0,616.21,0.08,146.99,0.15,435.93,None,Card,Completed,,1450.9,
ORD-0001605,C11363,2025-09-11 00:00:00,Lerato,Patel,Cape Town,Consumer,Store,Mouse,1.0,703.86,0.0,80.78,0.15,409.36,None,Bank Transfer,Completed,Rep D,890.22,
ORD-0002190,C11896,2025-02-11 00:00:00,Siyanda,Nkosi,Pretoria,Consumer,Marketplace,Mouse,1.0,409.22,0.1,56.2,0.15,255.34,,Bank Transfer,Cancelled,,479.75,
ORD-0003635,C10132,2025-04-27 00:00:00,Fatima,Dlamini,Bloemfontein,Corporate,Online,Mouse,4.0,482.75,0.15,14.01,0.15,353.24,None,Card,Completed,,1901.57,
ORD-0000593,C12868,2024-07-02 00:00:00,Ryan,Smith,Johannesburg,Corporate,Online,Tablet,1.0,8791.88,0.1,96.61,0.15,5168.12,None,Card,Cancelled,,9196.2,
ORD-0002037,C11019,2025-02-06 00:00:00,Ryan,Mokoena,Cape Town,Consumer,Online,Office Chair,2.0,2898.04,0.05,45.15,0.15,1944.0, none ,Bank Transfer,Cancelled,,6377.38,
ORD-0003301,C12022,26/02/2025,Priya,Nkosi,Johannesburg,Consumer,Marketplace,Laptop,5.0,10632.93,0.05,71.62,0.15,7878.84,None,Card,Cancelled,,58153.99,
ORD-0005591,C10551,2025-10-27 00:00:00,Ryan,Dlamini,Nelspruit,Consumer,Store,Laptop,4.0,14392.09,0.2,56.0,0.15,10154.98,Black Friday,Mobile Wallet,Completed,Rep B,53018.88,
ORD-0003174,C11217,2025-06-22 00:00:00,Zanele,Dlamini,Cape Town,Consumer,Marketplace,Printer,3.0,4717.93,0.05,,0.0,3008.99,New Customer,Card,Completed,,13551.08,
ORD-0002914,C12375,2025-06-03 00:00:00,Priya,Williams,Gqeberha,Consumer,Online,Monitor,2.0,5964.13,0.2,108.52,0.15,4598.26,None,Card,Cancelled,,11082.51,
ORD-0002558,C12427,2025-12-04 00:00:00,Sipho,Naidoo,Nelspruit,Small Business,Online,Keyboard,1.0,973.7,0.2,93.2,0.15,578.88,Back to School,Card,Returned,,989.0,
ORD-0002578,C11399,2024-03-09 00:00:00,Sipho,Naidoo,Bloemfontein,Corporate,Online,Tablet,1.0,7839.03,,72.58,0.14,6547.71,New Customer,mobile wallet,Completed,,8562.25,
ORD-0005507,C11047,2025-08-27 00:00:00,Sipho,Khumalo,Pretoria,Corporate,Online,Headset,3.0,581.94,0.1,61.73,0.15,346.68,None,EFT,Returned,,1868.64,
ORD-0004131,C10812,2024-07-27 00:00:00,Naledi,Pillay,Bloemfontein,Corporate,Online,Keyboard,2.0,1513.66,0.08,206.65,0.15,1183.3,None,Card,Completed,,3409.56,
ORD-0003848,C11194,2025-11-18 00:00:00,Lerato,Pillay,Durban,Consumer,Online,Headset,1.0,1825.78,0.2,72.6,0.15,1242.0,None,EFT,Completed,,1752.32,
ORD-0000723,C10974,2024-09-11 00:00:00,Daniel,Dlamini,Gqeberha,Consumer,Store,Mouse,2.0,333.97,0.08,164.37,0.15,220.8,Payday Promo,EFT,Completed,Rep E,871.05,
ORD-0004831,C10134,2025-11-15 00:00:00,Fatima,Molefe,Polokwane,Consumer,Online,Monitor,1.0,2186.15,0.1,179.63,0.15,1662.74,None,Mobile Wallet,Completed,,2442.3,
ORD-0001081,C12143,2024-01-15 00:00:00,Jason,Pillay,Johannesburg,Corporate,Phone,Mouse,7.0,792.48,0.1,63.8,0.15,570.93,None,Card,Completed,,5805.33,
ORD-0005672,C12792,2024-07-02 00:00:00,Aisha,Molefe,Johannesburg,Consumer,Online,Laptop,1.0,12205.9,0.0,78.71,0.15,9177.73,Payday Promo,Card,Cancelled,,14115.5,
ORD-0001584,C12931,2024-03-19 00:00:00,Aisha,Naidoo,Cape Town,Small Business, online ,Headset,3.0,1256.41,0.1,89.93,0.15,901.69,None,Card,Completed,,3991.08,
ORD-0001872,C11388,2024-05-08 00:00:00,Daniel,Nkosi,Pretoria,Consumer,Online,Office Chair,1.0,7320.02,0.0,171.84,0.0,6038.32,None,Cash,Pending,,7491.86,
ORD-0001615,C12381,2025-11-05 00:00:00,Jason,Williams,Nelspruit,Corporate,Online,Monitor,1.0,5991.93,0.0,214.13,0.15,4383.79,None,Bank Transfer,Cancelled,,7104.85,
ORD-0003368,C11319,2024-04-04 00:00:00,Ryan,Khumalo,Johannesburg,Consumer,Online, headset ,4.0,2751.95,0.1,145.97,0.15,2092.76,None,Card,Completed,,11539.05,
ORD-0005512,C12083,2025-11-06 00:00:00,Aisha,Mthembu,Johannesburg,Consumer,Online,Docking Station,8.0,2900.39,0.05,27.06,0.15,1729.51,None,Card,Pending,,25376.49,
ORD-0002957,C11880,2024-10-15 00:00:00,,Mokoena,Gqeberha,Consumer,Marketplace,Docking Station,2.0,3594.05,0.2,212.93,0.15,2252.23,None,EFT,Completed,,6825.97,
ORD-0004388,C12278,2024-02-03 00:00:00,Fatima,Nkosi,Johannesburg,Consumer,Online,Headset,5.0,2698.77,0.2,63.98,0.15,2266.15,None,EFT,Returned,,12478.31,
ORD-0003833,C11520,2024-02-23 00:00:00,Aisha,Molefe,CapeTown,Consumer,Online,Laptop,1.0,11350.48,0.1,199.83,0.0,6766.44,None,Mobile Wallet,Completed,,10415.26,
ORD-0005375,C11370,2024-12-23 00:00:00,Aisha,Molefe,Nelspruit,Consumer,Online,Printer,5.0,4566.51,0.05,32.95,0.15,3735.07,None,Card,Completed,,24977.5,
ORD-0003488,C10072,2024-05-01 00:00:00,Andile,Molefe,Gqeberha,Corporate,Store,Keyboard,3.0,1947.81,0.1,80.39,0.15,1301.14,None,EFT,Returned,Rep C,6128.35,
ORD-0005934,C12198,2025-05-04 00:00:00,Kabelo,Patel,Durban,Consumer,Online,Headset,2.0,2672.08,0.0,203.51,0.15,2044.91,None,Bank Transfer, cancelled ,,6349.29,
ORD-0003041,C12339,2024-11-28 00:00:00,Nomsa,,Nelspruit,Consumer,Online,Headset,1.0,2457.0,0.05,212.19,0.15,1587.56,None,Mobile Wallet,Completed,,2896.46,
ORD-0002035,C11722,2025-03-11 00:00:00,Mpho,Dlamini,Johannesburg,Corporate,Marketplace,Printer,1.0,4258.97,0.0,77.88,0.15,3341.25,Summer Sale,EFT,Completed,,4975.7,
ORD-0000686,C12308,2024-06-13 00:00:00,Andile,Smith,Johannesburg,Corporate,Online,Tablet,2.0,3150.29,0.03,93.93,0.15,1902.08,None,Card,Completed,,7122.23,
ORD-0000062,C11262,2025-02-24 00:00:00,Jason,Nkosi,Durban,Consumer,Marketplace,Tablet,2.0,6177.29,0.03,84.93,0.15,3699.43, none ,Mobile Wallet, completed ,,13866.48,
ORD-0003709,C12827,2024-08-09 00:00:00,Naledi,Mthembu,Johannesburg,Consumer,Online,Keyboard,10.0,373.75,0.15,3.02,0.15,314.92,None,EFT,Returned,,3656.46,
ORD-0004833,C12450,2025-03-03 00:00:00,Priya,Pillay,Durban,Consumer,Online,Monitor,1.0,4218.49,0.08,180.46,0.15,2908.06,Black Friday,Cash,Completed,,4643.62,
ORD-0003420,C12865,2024-04-21 00:00:00,Andile,Nkosi,Johannesburg,Corporate,Online, tablet ,2.0,7022.47,0.0,100.49,0.15,5554.99,None,Mobile Wallet,Completed,,16252.17,
ORD-0003960,C11755,2024-11-10 00:00:00,Andile,Mthembu,Pretoria,Consumer,Online,Router,1.0,3653.8,0.1,218.69,0.15,2585.32,None,Card,Cancelled,,4000.38,
ORD-0003211,C12310,2025/10/30,Mpho,Molefe,Bloemfontein,Consumer,Online,Mouse,4.0,1314.45,0.08,119.86,0.15,936.07,None,EFT,Pending,,5682.6,
ORD-0003661,C12706,2024-07-24 00:00:00,Lerato,Patel,Bloemfontein,Corporate,Store,SSD,2.0,1642.31,0.05,108.48,0.0,1405.02,None,Card,Completed,Rep D,3228.87,
ORD-0002436,C12318,2024-03-14 00:00:00,Lerato,Mokoena,Nelspruit,Consumer,Online,Mouse,1.0,521.72,0.15,121.71,0.15,318.78,Back to School,Mobile Wallet,Pending,,631.69,
ORD-0003121,C10897,2025-01-16 00:00:00,Thabo,Khumalo,Johannesburg,Consumer,Marketplace,Tablet,2.0,4665.49,0.03,59.3,0.14,2854.12,None,Card,complete,,10377.51,
ORD-0004160,C10135,2025-03-30 00:00:00,Siyanda,Mthembu,Bloemfontein,Consumer,Store,Laptop,3.0,20315.1,0.05,139.02,0.15,16841.53,Payday Promo,Card,Completed,Rep B,66721.77,
ORD-0003913,C11433,2024-03-11 00:00:00,Jason,Mthembu,Pretoria,Consumer,Online,Webcam,2.0,1574.99,0.15,146.62,0.15,1335.48, summer sale ,Card,Completed,,3225.72,
ORD-0005817,C10953,2024-12-18 00:00:00,Fatima,Molefe,Benoni,Consumer,Online,,1.0,6618.4,0.03,187.35,0.15,4155.54,None,Card,Completed,,7570.17,
ORD-0004768,C10082,2025-02-04 00:00:00,Chloe,Pillay,Pretoria,Consumer,Marketplace, mouse ,5.0,R 899.50,0.05,78.79,0.15,561.14,None,Card,Cancelled,,4992.33,
ORD-0005954,C11481,2024-12-18 00:00:00,Thabo,Khumalo,Pretoria,Consumer,Online,SSD,5.0,1123.1,0.0,115.29,0.15,699.84,None,Bank Transfer,Completed,,5299.17,
ORD-0005389,C10674,2025-06-14 00:00:00,Siyanda,Dlamini,Johannesburg,Consumer,Store,Headset,1.0,1560.12,0.05,184.8,0.15,1278.49,New Customer,Cash,Cancelled,Rep B,1889.23,
ORD-0002511,C12287,2024-10-11 00:00:00,Zanele,Dlamini,Pretoria,Corporate,Online,Headset,72.0,1355.25,0.0,69.42,0.15,1035.6,None,Card,Completed,,12537.72,
ORD-0002210,C11929,2024-05-16 00:00:00,Kabelo,Dlamini,Johannesburg,Consumer,Online,Router,2.0,1894.88,0.1,73.03,0.15,1167.97,None,Card,Cancelled,,3995.43,
ORD-0003479,UNKNOWN-43,2025-10-30 00:00:00,Zanele,Smith,Cape Town,Consumer,Store,Router,1.0,2315.77,0.08,101.07,0.15,1931.68,Summer Sale,Cash,Completed,Rep C,2551.15,
ORD-0000299,C12946,2025-02-11 00:00:00,Thabo,Smith,Johannesburg,Consumer,Online,Laptop,2.0,16308.74,0.0,120.29,0.15,11776.41,None,Mobile Wallet,Completed,,37630.39,
ORD-0000702,C11837,2025-11-01 00:00:00,Chloe,Pillay,Durban,Corporate,Marketplace,Tablet,1.0,3760.49,0.08,95.18,0.15,2623.86,New Customer,Bank Transfer,Completed,,4073.79,
ORD-0004401,C10821,2024-11-18 00:00:00,Zanele,Botha,Johannesburg,Consumer,Online,Laptop,8.0,8589.95,0.08,82.01,0.15,6108.21,Black Friday,Mobile Wallet,Cancelled,,72787.31,
ORD-0004117,C11444,2024-08-29 00:00:00,Sipho,Pillay,Benoni,Consumer,Online,Tablet,6.0,3776.67,0.0,21.78,0.15,2651.03,None,Cash,Completed,,26080.79,
ORD-0004142,C12375,2024-11-21 00:00:00,Lerato,Smith,Cape Town,Consumer,Marketplace,Webcam,2.0,1354.88,0.08,57.25,0.15,882.96,,Card,Pending,,2924.18,
ORD-0003347,C12228,2024-09-20 00:00:00,Aisha,Molefe,Johannesburg,Small Business,Online,Monitor,3.0,3203.02,0.0,25.63,0.15,2376.13,None,Card,Completed,,11076.04,
ORD-0001177,C11855,2024-09-28 00:00:00,Priya,Williams,Johannesburg,Consumer,Store,Docking Station,8.0,3678.28,0.05,15.16,0.15,2726.63,None,Card,Returned,Rep C,32163.36,
ORD-0000326,C12984,2024-04-08 00:00:00,Chloe,Pillay,Cape Town,Consumer,Store,Webcam,4.0,1818.99,0.0,18.1,0.15,1506.69,None,EFT,Returned,Rep B,8385.45,
ORD-0001197,C10328,2024-09-09 00:00:00,Jason,Nkosi,Durban,Corporate,Online,Tablet,1.0,3366.08,0.15,85.8,0.15,2876.64,None,Card,Completed,,3376.14,
ORD-0004672,C12903,2024-06-12 00:00:00,Kabelo,Mthembu,Durban,Corporate,Online,Router,7.0,2804.3,0.03,83.16,0.15,1786.09,None,EFT,Completed,,21980.58,
ORD-0004839,UNKNOWN-48,2024-04-01 00:00:00,Sipho,Molefe,Johannesburg,Consumer,Store,Mouse,6.0,1150.75,0.15,28.34,0.15,957.47,None,Card,Completed,Rep D,6777.49,
ORD-0003923,C11430,2024-03-04 00:00:00,Kabelo,Molefe,Cape Town,Consumer,Phone,Docking Station,1.0,3142.7,0.05,71.39,0.15,1878.68,None,EFT,Completed,,3504.79,
ORD-0000759,C11317,2025-11-05 00:00:00,Megan,Pillay,Johannesburg,Corporate,Online,SSD,2.0,3011.61,0.0,82.98,0.14,2364.64,None,Mobile Wallet,Completed,,6949.45,
ORD-0000362,C12050,2025-11-29 00:00:00,Jason,Pillay,Cape Town,Corporate,Store,Monitor,4.0,5425.42,0.05,39.57,0.15,3434.66,None,EFT,Completed,Rep D,23748.66,
ORD-0003640,C12881,2024-07-08 00:00:00,Siyanda,Nkosi,Johannesburg,Small Business,Phone,Monitor,1.0,3736.03,0.0,186.47,0.15,3202.41,New Customer,Bank Transfer,Pending,,4482.9,
ORD-0001620,C11470,2025-06-26 00:00:00,Sipho,Dlamini, bloemfontein ,Corporate,Store,Headset,4.0,2757.8,0.05,6.69,0.15,1991.71,None,Card,Completed,Rep E,12058.26,
ORD-0001087,C12200,2024-11-22 00:00:00,Aisha,Williams,Johannesburg,Small Business,Online,Office Chair,6.0,6130.45,0.03,114.09,0.15,5227.68,New Customer,Cash,Completed,,41145.18,
ORD-0004169,C12717,2024-08-14 00:00:00,Jason,Williams,Durban,Consumer,Online,Office Chair,2.0,3088.04,0.0,210.86,0.15,1944.73,Black Friday,Card,Completed,,7313.36,
ORD-0004080,C11839,2025-04-05 00:00:00,Jason,Pillay,Johannesburg,Consumer,Online,Webcam,2.0,1790.2,0.15,126.23,0.15,1336.16,None,Bank Transfer,Completed,,3626.08,
ORD-0002715,C11358,2024-06-11 00:00:00,Priya,Dlamini,Pretoria,Corporate,Store,Laptop,4.0,11087.9,0.05,94.82,0.15,8404.23,None,Bank Transfer,Pending,Rep A,48548.92,
ORD-0001647,C11187,16 Nov 2024,,Pillay,Cape Town,Corporate,Phone,Monitor,2.0,8282.38,0.05,157.27,0.15,5866.75,None,EFT,Pending,,18254.27,
ORD-0004650,C12244,2024-03-19 00:00:00,Siyanda,Khumalo,Benoni,Small Business,Store,Printer,1.0,4162.86,0.03,171.09,0.15,3095.87,None,Card,Returned,Rep A,4814.76,
ORD-0005225,C11972,2025-04-30 00:00:00,Priya,Khumalo,Johannesburg,Consumer,Online,Laptop,3.0,9191.01,0.1,6.91,0.15,6314.7,Back to School,Card,Pending,,28544.98,
ORD-0003628,C12659,2025-07-24 00:00:00,Sipho,Smith,Cape Town,Consumer,Marketplace,Mouse,1.0,299.42,0.15,181.73,0.15,238.81,Summer Sale,Bank Transfer,Returned,,474.41,
ORD-0004931,C11699,2025-05-12 00:00:00,Priya,Dlamini,Nelspruit,Consumer,Phone,Keyboard,3.0,791.2,0.0,58.37,0.15,497.47,Payday Promo,Bank Transfer,Completed,,2788.01,
ORD-0005864,C10850,2025-05-23 00:00:00,Priya,Williams,Cape Town,Consumer,Phone,Mouse,1.0,211.72,0.15,192.84,0.0,178.82,None,Mobile Wallet,Completed,,372.8,
ORD-0005574,C10213,2025-08-29 00:00:00,Zanele,Patel,Johannesburg,Corporate,Online,Keyboard,4.0,340.31,0.1,49.95,0.15,245.82,None,EFT,Completed,,1458.82,
ORD-0000490,C10228,2024-07-30 00:00:00,Andile,Naidoo,Pretoria,Consumer,Marketplace,SSD,1.0,2275.92,0.0,,0.0,1795.24,None,Card,Completed,,2378.21,
ORD-0000146,C10566,2025-10-30 00:00:00,Mpho,Mthembu,Johannesburg,Consumer,Marketplace, webcam ,4.0,1760.05,0.0,139.09,0.15,1262.34,None,Card,Completed,,8235.3,
ORD-0003108,C10689,2025-09-15 00:00:00,Thabo,Botha,Johannesburg,Corporate,Online,SSD,1.0,3214.69,0.05,43.77,0.15,2145.39,None,Card,Completed,,3555.83,
ORD-0002889,C11682,2024-08-28 00:00:00,Sipho,Pillay,Polokwane,Corporate,Store,SSD,7.0,3238.34,0.0,54.55,0.15,2002.81,None,Bank Transfer,Pending,Rep B,26123.23,
ORD-0000909,C10138,2025-02-21 00:00:00,Siyanda,Dlamini,Johannesburg,Consumer,Marketplace,Tablet,2.0,7032.39,0.0,130.95,0.15,4216.82,None,Cash,Completed,,16305.45,
ORD-0002678,C10920,2025-11-18 00:00:00,Jason,Dlamini,Gqeberha,Small Business,Store,Office Chair,3.0,5222.09,0.15,30.64,0.15,3369.62,None,Card,Completed,Rep C,15344.43,
ORD-0000174,C10289,2025-12-19 00:00:00,Mpho,Smith,,Consumer,Online,Webcam,6.0,1963.22,0.08,131.05,0.15,1262.07,Payday Promo,Card,Pending,,12593.6,
ORD-0000988,C10606,2024-01-30 00:00:00,Chloe,Patel,Cape Town,Corporate,Marketplace,Webcam,3.0,1377.65,0.05,55.3,0.15,1059.09,None,Card,Returned,,4570.55,
ORD-0005517,C11049,2024-06-02 00:00:00,Chloe,Pillay,Pretoria,Consumer,Phone,Tablet,2.0,4422.76,0.15,94.62,0.15,3648.29,None,Card,Completed,,8741.12,
ORD-0002597,C10972,2025-05-05 00:00:00,Aisha,Khumalo,Johannesburg,,Store,Laptop,1.0,16924.03,0.1,61.23,0.0,12259.17,None,Cash,Completed,Rep A,15292.85,
ORD-0004105,C12287,2024-06-18 00:00:00,Thabo,Khumalo,Cape Town,Consumer,Store,Keyboard,2.0,1090.53,0.15,206.72,0.15,702.42,Summer Sale,Card,Completed,Rep A,2338.7,
ORD-0004124,C12933,2024-04-17 00:00:00,Kabelo,Smith,Pretoria,Consumer,Store,,4.0,2028.69,0.25,52.53,0.0,1203.92,Back to School,EFT,Cancelled,Rep D,6138.6,
ORD-0001258,C12200,2025-01-14 00:00:00,Aisha,Mthembu,Polokwane,Consumer,Online,Laptop,3.0,11663.98,0.08,108.59,0.15,9206.83,None,Card,Completed,,37130.07,
ORD-0003680,C11251,2024-04-01 00:00:00,Jason,Patel,Benoni,Consumer,Store,Tablet,5.0,3646.38,0.15,88.14,0.15,3049.23,None,Mobile Wallet,Completed,Rep C,17909.83,
ORD-0003383,UNKNOWN-16,2024-01-06 00:00:00,Siyanda,Patel,Pretoria,Corporate,Online,Headset,2.0,2327.68,0.2,191.49,0.15,1991.59,None,Card,Completed,,4474.42,
ORD-0000425,C12352,2024-10-17 00:00:00,Zanele,Naidoo,Johannesburg,Consumer,Store,Tablet,2.0,3684.36,0.0,67.76,0.15,2170.02,None, mobile wallet ,Completed,Rep D,8541.79,
ORD-0002089,C10262,2025-06-14 00:00:00,Chloe,Mthembu,Polokwane,Consumer,Online,Keyboard,1.0,1063.78,0.2,116.74,0.15,841.79,None,Mobile Wallet,Completed,,1095.42,
ORD-0005240,C10468,2024-10-04 00:00:00,Zanele,Mokoena,Gqeberha,Small Business,Store,Tablet,1.0,3658.4,0.1,156.1,0.15,2752.67,None,Mobile Wallet,Completed,Rep E,3942.55,
ORD-0004800,C10611,2025-03-08 00:00:00,Nomsa,Williams,Gqeberha,Consumer,Online,Monitor,3.0,7197.41,0.0,15.33,0.15,4236.06,None,Bank Transfer,Returned,,24846.41,
ORD-0000562,C12935,2024-03-25 00:00:00,Fatima,Williams,Benoni,Consumer,Online,Webcam,4.0,1130.52,0.0,81.38,0.15,861.95,None,Card,Completed,,5281.78,
ORD-0005652,C12674,2025-10-10 00:00:00,Aisha,Mthembu,Johannesburg,Consumer,Online,Tablet,3.0,3449.72,0.0,14.81,0.15,2220.31,Payday Promo,Mobile Wallet,Completed,,11916.36,
ORD-0003724,C11580,2024-05-04 00:00:00,Zanele,Pillay,Pretoria,Corporate,Online,Tablet,3.0,6538.51,0.0,18.4,0.15,5408.61,None,Card,Completed,,22576.24,
ORD-0003700,C12621,2025-08-11 00:00:00,Zanele,Smith,Johannesburg,Small Business,Online,Tablet,1.0,4911.73,0.03,218.18,0.15,4104.35,None,Card,Completed,,5697.21,
ORD-0004747,C12895,2024-08-14 00:00:00,Chloe,Williams,Johannesburg,Corporate,Phone,Webcam,2.0,919.78,0.1,167.58,0.15,738.07,Black Friday,Card,Cancelled,,2071.52,
ORD-0001680,C12412,2024-03-20 00:00:00,Megan,Mthembu,Polokwane,Small Business,Phone,SSD,7.0,1685.8,0.0,133.0,0.0,1148.69,None,Card,Completed,,11933.58,
ORD-0005662,C10876,2024-10-16 00:00:00,Jason,Pillay,Gqeberha,Consumer,Store,Webcam,2.0,1371.85,0.0,104.78,0.15,1038.37,Back to School,Card,Pending,Rep A,3260.04,
ORD-0002295,C12683,2024-05-01 00:00:00,Nomsa,Mokoena,Cape Town,Consumer, store ,Tablet,1.0,10024.83,0.05,101.49,0.15,6005.47,None,EFT,Cancelled,Rep A,11053.62,
ORD-0003015,C11425,2024-12-03 00:00:00,Jason,Botha,Durban,Small Business,Online,Headset,5.0,2557.72,0.1,42.33,0.15,2186.26,Black Friday,Card,Completed,,13278.52,
ORD-0005626,C12550,2024-05-22 00:00:00,Lerato,Molefe,Gqeberha,Consumer,Online,Mouse,10.0,202.79,,47.01,0.15,133.36,Summer Sale,Cash,Completed,,1796.12,
ORD-0002732,C10818,2025-11-09 00:00:00,Nomsa,Botha,Johannesburg,Small Business,Online,Webcam,10.0,996.08,0.1,2.03,0.15,580.83,Summer Sale,Mobile Wallet,Completed,,10311.43,
ORD-0004328,C10337,2024-01-09 00:00:00,Kabelo,Smith,Polokwane,Corporate,Phone,Printer,2.0,3072.13,0.08,147.37,0.15,2387.76,None,Card,Cancelled,,6647.99,
ORD-0005119,C12938,2024-03-09 00:00:00,Jason,Patel,Gqeberha,Consumer,Phone,Laptop,1.0,15242.85,0.05,111.58,0.15,11386.87, none ,EFT,Completed,,16764.39,
ORD-0000618,C12996,2024-07-28 00:00:00,Mpho,Khumalo,Durban,Consumer,Online,Headset,1.0,1634.87,0.1,56.22,15%,1245.28,None,Card,Pending,,1748.32,
ORD-0003719,C11279,2025-07-03 00:00:00,Andile,Mokoena,Polokwane,Corporate,Marketplace,Laptop,2.0,17647.12,0.0,186.37,0.15,12192.82,New Customer,Card,Completed,,40774.75,
ORD-0004869,C11805,2025-06-12 00:00:00,Fatima,Mthembu,Durban,Consumer,Online,Headset,3.0,946.11,0.0,102.03,0.0,727.41,None,EFT,Completed,,2940.36,
ORD-0004711,C10072,2025-11-02 00:00:00,Sipho,Smith,Gqeberha,Small Business,Marketplace,Printer,5.0,2537.48,0.05,84.98,0.15,1760.07,None,Cash,Completed,,13945.95,
ORD-0005860,C12538,2025-08-26 00:00:00,Aisha,Molefe,Pretoria,Corporate,Online,Printer,2.0,4039.05,0.05,87.16,0.15,2501.85,New Customer,Cash,Completed,,8912.49,
ORD-0001834,C12548,2025-03-24 00:00:00,Jason,Naidoo,Cape Town,Corporate,Phone,SSD,1.0,2420.11,0.2,176.37,0.15,1749.81,None,EFT,Pending,,2402.87,
ORD-0004500,C11757,2024-11-14 00:00:00,Mpho,Mokoena,Pretoria,Small Business,Marketplace,Printer,2.0,4896.31,0.0,88.12,0.15,3538.62, none ,Card,Completed,,11349.64,
ORD-0002335,C11214,2025-03-25 00:00:00,Mpho,Mthembu,Johannesburg,Corporate,Online,Headset,3.0,1304.38,0.05,102.27,0.15,1076.31,Summer Sale,EFT,Completed,,4377.36,
ORD-0003369,C11171,2024-02-12 00:00:00,Zanele,Botha,Johannesburg,Consumer,Online,Laptop,3.0,20740.26,0.0,51.97,0.15,17439.06,None,Mobile Wallet,Completed,,71605.88,
ORD-0004951,C12848,2025-01-20 00:00:00,Thabo,Molefe,Durban,Corporate,Marketplace,Webcam,2.0,1326.93,0.08,168.69,0.15,770.18,None,EFT,Completed,,2976.47,
ORD-0000737,C12368,2024-11-26 00:00:00,Jason,Smith,Pretoria,Consumer,Store,Webcam,1.0,1126.33,0.05,135.36,15%,957.97,None,Mobile Wallet,Completed,Rep D,1365.88,
ORD-0003879,C10071,2025-11-20 00:00:00,Fatima,Molefe,Benoni,Consumer,Store,Mouse,3.0,326.83,0.0,132.76,0.15,270.39,None,Card,Completed,Rep B,1260.34,
ORD-0001816,C11350,2024-10-25 00:00:00,Zanele,Molefe,Benoni,Consumer,Online,Mouse,1.0,500.49,0.05,130.54,0.15,291.87,Back to School,Card, pending ,,677.33,
ORD-0002176,C10009,2024-05-07 00:00:00,Thabo,Mthembu,Polokwane,Consumer,Marketplace,Router,3.0,3267.27,0.03,149.45,0.15,2455.75,Back to School,Card,Completed,,11083.38,
ORD-0002509,C10151,2025-03-03 00:00:00,Kabelo,Williams,Johannesburg,Consumer,Phone,Router,4.0,1364.38,0.1,65.46,0.15,1119.37,None,Mobile Wallet,Pending,,5713.99,
ORD-0000864,C10502,2025-03-24 00:00:00,Mpho,Pillay,Johannesburg,Consumer,Store,Tablet,2.0,10112.49,0.0,60.98,0.15,6837.86,None,EFT,Pending,Rep A,23319.71,
ORD-0003446,C11812,2025-11-11 00:00:00,Mpho,Nkosi,Durban,Consumer,Online,Router,1.0,2668.44,0.1,36.82,0.15,2155.82,None,Card,Pending,,2798.66,
ORD-0002185,C10894,2025/02/15,Naledi,Pillay,Cape Town,Corporate,Online,Mouse,1.0,942.63,0.1,189.06,0.15,614.64,None,Cash,Completed,,1164.69,
ORD-0000853,C10379,2025-12-18 00:00:00,Mpho,Nkosi, pretoria ,Consumer,Online,Laptop,1.0,10655.93,0.08,79.33,0.15,7510.82,None,Card,Completed,,11353.3,
ORD-0004146,C12802,2024-02-03 00:00:00,Priya,Nkosi,Benoni,Consumer,Store,Office Chair,4.0,2035.28,0%,130.09,0.15,1680.94,None,Card,Completed,Rep C,9492.38,
ORD-0002184,C12345,2024-05-21 00:00:00,Andile,Pillay,Benoni,Consumer,Marketplace,Tablet,1.0,10667.61,0.0,77.24,0.15,7119.4,Clearance,Card,Returned,,12345.0,
ORD-0000495,C11589,2024-04-26 00:00:00,Kabelo,Molefe,Pretoria,Consumer,Phone,Router,8.0,2388.35,0.05,35.73,0.0,1713.25,Clearance,Card,Completed,,18187.16,
ORD-0004280,C10349,2024-04-06 00:00:00,Daniel,Williams,Johannesburg,Consumer,Store,Monitor,1.0,4987.64,0.1,65.49,0.15,3774.86,Payday Promo,Bank Transfer,Cancelled,Rep B,5227.7,
ORD-0005395,C11538,2025-10-07 00:00:00,Sipho,Mokoena,Cape Town,Consumer,Online,Headset,2.0,911.69,0.1,129.03,0.15,658.38,Summer Sale,Card,Completed,,2016.23,
ORD-0001594,C12764,2024-03-05 00:00:00,Kabelo,Patel,Gqeberha,Small Business,Marketplace,Printer,2.0,2507.02,0.0,55.33,0.15,1798.51,None,Card,Pending,,5821.47,
ORD-0001752,C11568,2025-02-09 00:00:00,Aisha,Patel,CapeTown,Small Business,Phone,Keyboard,6.0,1156.72,0.08,40.14,0.14,957.63,None,Card,Completed,,7319.15,
ORD-0001626,C11280,2024-01-16 00:00:00,Naledi,Smith, johannesburg ,Small Business,Phone,Monitor,1.0,5818.33,0.0,129.76,0.15,4027.56,None,Card,Cancelled,,6820.84,
ORD-0003753,C11639,2024-01-13 00:00:00,Nomsa,Botha,Durban,Consumer,Store,Mouse,2.0,773.88,0.1,140.96,0.15,585.39,None,Card,Returned,,1742.89,
ORD-0004064,C11850,2024-09-14 00:00:00,Naledi,Botha,Pretoria,Small Business,Store,Monitor,1.0,2681.07,0.1,106.76,0.14,1894.26,Payday Promo,Card,Completed,Rep C,2857.54,
ORD-0000439,C11091,2025-11-13 00:00:00,Aisha,Molefe,Johannesburg,Consumer,Online,Headset,2.0,1156.17,0.05,149.55,0.15,916.6,New Customer,,Completed,,2675.78,
ORD-0003149,C12499,2025-09-03 00:00:00,Lerato,Dlamini,Cape Town,Small Business,Online,,1.0,3750.31,0.2,111.78,0.15,3101.35,None,Bank Transfer,Returned,,3562.06,
ORD-0000138,C10809,2025-10-07 00:00:00,Megan,Dlamini,Bloemfontein,Small Business,Online,Dock station,4.0,1068.88,0.05,70.12,0.15,875.01,None,Bank Transfer,Completed,,4741.12,
ORD-0002725,C11023,2024-07-18 00:00:00,Sipho,Naidoo,Cape Town,Corporate,Online,SSD,3.0,3051.48,0.05,80.77,0.15,1946.57,New Customer,Cash,Pending,,10082.0,
ORD-0003334,C10447,2024-12-20 00:00:00,Fatima,Khumalo,Bloemfontein, consumer ,Online,Laptop,1.0,9785.46,0.0,219.51,0.15,8223.12,None,EFT,Completed,,11472.79,
ORD-0002391,C12030,2025-01-10 00:00:00,Daniel,Molefe,Cape Town,Consumer,Online,Keyboard,7.0,1187.32,0.0,139.85,0.15,909.31,New Customer,Mobile Wallet,Completed,,9697.74,
ORD 0003128,C12767,2025-03-20 00:00:00,Chloe,Smith,Nelspruit,Consumer,Marketplace,Keyboard,1.0,539.59,0.25,77.75,0.15,391.85,None,Cash,Completed,,543.15,
ORD-0002473,C10646,2025-09-17 00:00:00,Andile,Pillay,Durban,Corporate,Marketplace,Tablet,1.0,2843.27,0.1,71.77,0.15,1813.5,None,Mobile Wallet,Completed,,3014.55,
ORD-0001248,C11528,2024-05-12 00:00:00,Andile,Smith,Johannesburg,Consumer,Online,Headset,2.0,1973.04,0.0,30.75,0.14,1581.75,None,Card,Cancelled,,4529.29,
ORD-0002392,C10099,2024-12-31 00:00:00,Nomsa,Mthembu,Durban,Small Business,Marketplace,Mouse,1.0,667.81,0.1,76.7,0.15,447.45,None,EFT,Pending,,767.89,
ORD-0002413,C11855,2025-11-13 00:00:00,Ryan,Patel,Benoni,Corporate,Online,Mouse,1.0,916.58,0.2,60.04,0.15,563.5,Clearance,Card,Cancelled,,903.3,
ORD-0005794,C10061,2024-05-23 00:00:00,Andile,Khumalo,Cape Town,Consumer,Online,Mouse,5.0,465.39,0.1,99.27,0.15,379.65,New Customer,Mobile Wallet,Pending,,2507.69,2326.95
ORD-0000364,C11348,2024-05-07 00:00:00,Priya,Smith,Johannesburg,,Online,Keyboard,2.0,979.45,0.05,160.41,0.15,824.91,None,Cash,Completed,,2300.51,
ORD-0002229,C11013,2025-03-18 00:00:00,Siyanda,Pillay,Bloemfontein,Corporate,Store,Mouse,2.0,938.47,0.0,138.49,0.15,634.61,Clearance,Cash,Cancelled,Rep C,2296.97,
ORD-0000677,C10155,2025-03-02 00:00:00,Siyanda,Nkosi,Johannesburg,Small Business,Online,Laptop,10.0,13021.76,0.2,87.4,0.15,8112.04,None,Card,Completed,,119887.57,
ORD-0003704,C12229,2025-06-08 00:00:00,Siyanda,Mthembu,Johannesburg,Small Business,Online,SSD,2.0,2155.47,0.0,85.45,0.15,1511.45,None,Mobile Wallet,Completed,,5043.04,
ORD-0001950,C10616,2024-01-01 00:00:00,Nomsa,Nkosi, johannesburg ,Corporate,Online,Headset,1.0,1052.93,0.25,87.8,0.15,858.51,Payday Promo,Card,Completed,,995.95,
ORD-0004794,C11084,2024-08-18 00:00:00,Aisha,Pillay,Pretoria,Corporate,Store,Mouse,1.0,272.81,0.03,87.95,0.15,206.85,Back to School,Card,Pending,Rep D,392.26,
ORD-0000655,C10855,2024-10-18 00:00:00,Lerato,Williams,Bloemfontein,Corporate,Phone,Webcam,3.0,2024.31,0.0,16.85,0.0,1427.33,Black Friday,Card,Completed,,6089.78,
ORD-0001766,C12950,2024-09-18 00:00:00,Priya,Nkosi,Johannesburg,Small Business,Online,Webcam,4.0,1248.76,0.15,127.12,0.14,1039.19,Summer Sale,EFT,Cancelled,,4967.31,
ORD-0002980,C12479,2024-06-26 00:00:00,Megan,Patel,Gqeberha,Corporate,Store,Office Chair,1.0,6120.63,0.05,129.15,0.14,3810.19,None,Cash,Completed,Rep C,6757.79,
ORD-0005429,C10338,2024-08-06 00:00:00,Daniel,Pillay,Benoni,Consumer,Online, ssd ,2.0,2405.71,0.0,90.06,0.15,1449.05,None,Card,Completed,,5623.2,
ORD-0002919,C10321,2025-03-12 00:00:00,Sipho,Williams,Benoni,,Store,Keyboard,1.0,1126.49,0.1,124.98,0.15,737.61,None,Card,Completed,Rep D,1290.89,
ORD-0000330,C12771,2024-04-12 00:00:00,Ryan,Smith,Benoni,Corporate,Online,Monitor,2.0,5092.44,0.05,60.08,0.15,4216.75,None,Card,Completed,,11187.05,
ORD-0002904,C11684,2025-07-06 00:00:00,Naledi,Mokoena,Durban,Small Business,Phone,Laptop,3.0,17050.89,0.0,100.52,0.15,14239.8,,Bank Transfer,Cancelled,,58926.09,
ORD-0005603,C10696,2024-03-26 00:00:00,Megan,Nkosi,Polokwane,Consumer,Online,Docking Station,2.0,3314.75,0.05,58.4,0.15,1999.1,New Customer,Card,Completed,,7301.13,
ORD-0004193,C11833,2025-11-19 00:00:00,Lerato,Patel,Cape Town,Consumer,Store,Tablet,6.0,7105.97,0.15,115.72,0.15,5347.46,None,Mobile Wallet,Completed,Rep A,41792.26,
ORD-0001500,C12645,2025-04-27 00:00:00,Fatima,Botha,Gqeberha,Corporate,Online,Headset,1.0,1853.04,0.05,141.06,0.15,1106.53,Back to School,Card,Returned,,2165.5,
ORD-0000287,C10844,2025-08-13 00:00:00,Priya,Williams,Cape Town,Consumer,Marketplace,Monitor,3.0,8341.7,0.0,93.58,0.15,6660.62,Summer Sale, card ,Completed,,28872.43,
ORD-0000283,C12953,2024-06-20 00:00:00,Kabelo,Williams,Johannesburg,Consumer,Phone,Monitor,4.0,3893.11,0.08,140.68,0.0,2994.03,None,Card,Pending,,14467.34,
ORD-0002518,C11132,2024-07-21 00:00:00,Mpho,Patel,Johannesburg,Consumer,Online,Keyboard,3.0,660.97,0.05,87.5,0.15,468.02,None,Mobile Wallet,Returned,,2253.82,
ORD-0004858,C10935,2025-03-04 00:00:00,Andile,Botha,Cape Town,Consumer,Marketplace,Headset,1.0,676.55,0.0,207.06,0.15,518.82,None,Card,Completed,,985.09,
ORD-0002091,C12843,2025-05-10 00:00:00,Kabelo,Pillay,Nelspruit,Consumer,Store,Printer,5.0,1880.57,0.15,27.43,0.15,1417.22,None,Cash,Returned,Rep E,9218.7,
ORD-0000895,C10095,2025-12-14 00:00:00,Zanele,Nkosi,Cape Town,Small Business,Marketplace,Headset,2.0,1885.9,0.25,166.95,0.14,1568.32,None,Card,Pending,,2381.69,
ORD-0001776,C12455,2025-04-04 00:00:00,Priya,Williams,Johannesburg,Consumer,Store,Headset,1.0,2384.82,0.08,75.19,0.15,1499.22,None,EFT,Completed,Rep E,2598.34,
ORD-0001092,C12154,2025-03-29 00:00:00,Jason,Pillay,Bloemfontein,Consumer,Online,Router,2.0,1551.95,0.0,65.23,0.15,1277.42,None,Mobile Wallet,Completed,,3634.71,
ORD-0000625,C11757,2025-10-31 00:00:00,Megan,Mthembu,Pretoria,Corporate,Marketplace,Office Chair,,5077.93,0.1,132.87,0.15,3085.63,None,Card,Completed,,52689.42,
ORD-0000498,C10522,2025-12-20 00:00:00,,Mthembu,Durban,Corporate,Phone,Mouse,2.0,313.02,0.0,76.66,0.15,233.95,None,Card,Completed,,796.61,
ORD-0000596,C12428,2024-01-04 00:00:00,Naledi,Dlamini,Johannesburg,Corporate,Store,Laptop,2.0,14030.24,0.15,127.14,0.15,10123.68,Back to School,Card,Completed,Rep E,27556.26,
ORD-0002967,C11793,2024-01-29 00:00:00,Chloe,Botha,Johannesburg,Consumer,Online,Router,1.0,2843.27,0.2,142.35,0.15,2130.21,Black Friday,Card,Cancelled,,2758.16,
ORD-0003858,C11694,2025-02-05 00:00:00,Kabelo,Pillay,Pretoria,Corporate,Online,Laptop,6.0,20988.29,0.15,100.93,0.14,16816.73,Back to School,Card, completed ,,122126.85,
ORD-0005593,C10875,2024-10-21 00:00:00,Ryan,Pillay,Durban,Corporate,Phone,Printer,1.0,2977.9,0.0,171.85,0.15,2497.46,Black Friday,Card,Pending,,3596.44,
ORD-0005292,C12424,2024-06-30 00:00:00,Aisha,Mokoena,Johannesburg,Corporate,Marketplace,Webcam,5.0,1869.38,0.08,68.77,0.15,1372.82,None,EFT,Completed,,9957.8,
ORD-0000004,C10062,2025-07-27 00:00:00,Siyanda,Molefe,Johannesburg,Corporate,Online,Office Chair,10.0,2702.51,0.05,122.23,0.15,2015.69,None,Card,Cancelled,,29647.19,
ORD-0000429,C11749,2025-01-17 00:00:00,Megan,Naidoo,Gqeberha,Consumer,Store,Tablet,5.0,5526.46,0.05,120.85,0.15,4138.76,None,Card,Pending,Rep A,30309.13,
ORD-0003976,C12811,2024-09-03 00:00:00,Megan,Mokoena,Gqeberha,Corporate,Store,Tablet,5.0,4626.27,0.03,139.43,0.15,3008.69,Summer Sale,Card,Returned,Rep D,25942.48,
ORD-0001957,C11337,2024-05-15 00:00:00,Siyanda,Molefe,Polokwane,Corporate,Online,Webcam,1.0,1022.19,0.03,118.95,0.15,834.8,Payday Promo,Card,Completed,,1259.21,
ORD-0001427,C12583,2024-10-05 00:00:00,Jason,Williams,Johannesburg,Consumer,Online,Printer,1.0,4424.23,0.05,85.9,0.15,3621.25,None,Cash,Returned,,4919.38,
ORD-0002372,C12334,2025-04-26 00:00:00,Thabo,Botha,Pretoria,Corporate,Marketplace,Mouse,3.0,424.31,0.03,41.45,0.15,296.82,None,Bank Transfer,Returned,,1461.41,
ORD-0003908,C10042,2024-07-31 00:00:00,Mpho,Nkosi,Pretoria,Small Business,Online,Printer,1.0,5389.79,0.2,192.54,0.15,3374.22,None,EFT,Completed,,5151.15,
ORD-0002220,C10652,2024-12-02 00:00:00,Ryan,Dlamini,Nelspruit,Corporate,Online,Monitor,2.0,5091.52,0.08,140.79,0.15,3799.98,Summer Sale,EFT,Pending,,10914.46,
ORD-0005197,C11439,2024-06-18 00:00:00,Fatima,Dlamini,Benoni,Consumer,Online,Headset,4.0,1537.28,0.1,25.45,0.15,1090.16, none ,Card,Completed,,6389.79,
ORD-0001042,C12979,2024-02-26 00:00:00,Aisha,Pillay,Durban,Small Business,Online,Docking Station,1.0,1522.91,0.2,148.88,0.15,1187.74,Black Friday,Bank Transfer,Completed,,1549.95,
ORD-0004580,C12659,2025-09-17 00:00:00,Mpho,Pillay,Durban,Consumer,Online,SSD,1.0,2103.26,0.1,91.05,0.15,1581.25,Payday Promo,Card,pending,,2267.92,
ORD-0004704,C10375,2025-10-13 00:00:00,Chloe,Molefe,Durban,Consumer,Marketplace,Webcam,3.0,606.3,0.1,69.37,0.15,380.88,Summer Sale,Card,Returned,,1951.91,1818.9
ORD-0003463,C11288,2025-10-28 00:00:00,Zanele,Pillay,Benoni,Consumer,Store,Webcam,7.0,472.21,0.03,101.39,0.15,340.96,None,EFT,Completed ,Rep C,3788.65,
ORD-0002297,C11661,2025-12-07 00:00:00,Chloe,Pillay,Cape Town,Consumer,Online,Laptop,1.0,12675.67,0.05,199.34,,8665.53,Payday Promo,Card,Completed,,12241.22,
ORD-0001728,C12830,2024-01-09 00:00:00,Naledi,Naidoo,Polokwane,Small Business,Online,Docking Station,6.0,1837.53,0.1,85.34,0.15,1461.1,New Customer,Mobile Wallet,Returned,,11496.4,
ORD-0000799,C12406,2025-08-09 00:00:00,Nomsa,Patel,Polokwane,Small Business,Online,Keyboard,1.0,1137.5,0.1,68.9,0.15,777.84,Summer Sale,Card,Completed,,1246.21,
ORD-0001945,C11701,2024-06-27 00:00:00,Andile,Nkosi,Cape Town,Consumer,Store,Docking Station,3.0,1351.95,0.0,81.9,0.15,1084.32,Payday Promo,Bank Transfer,Pending,Rep A,4746.11,
ORD-0004751,C10937,2025-10-02 00:00:00,Aisha,Dlamini,Johannesburg,Consumer,Online,Tablet,2.0,5324.39,0.1,64.22,0.15,4241.55,None,Cash,Completed,,11085.71,
ORD-0005600,C11438,2024-08-22 00:00:00,Priya,Pillay,Nelspruit,Consumer,Online,SSD,1.0,1947.7,0.0,206.43,0.15,1438.87,Payday Promo,EFT,Pending,,2446.29,
ORD-0004761,C10611,2024-05-18 00:00:00,Lerato,Patel,Nelspruit,Consumer,Online,Tablet,1.0,5871.06,0.1,181.79,0.15,4457.53,None,Card,Completed,,6258.34,
ORD-0000771,C10359,2025-05-03 00:00:00,Lerato,Smith,Benoni,Consumer,Phone,Mouse,1.0,799.74,0.0,87.73,0.15,464.67,Clearance,Card,Completed,,1007.43,
ORD-0003060,C10033,2025-07-08 00:00:00,Kabelo,Pillay,Johannesburg,Consumer,Store,Tablet,10.0,8351.96,0.03,0.29,0.15,5034.84,None,Card,Completed,Rep D,93166.43,
ORD-0000232,C11179,2024-12-31 00:00:00,Priya,Mokoena,Nelspruit,Consumer,Store,Tablet,1.0,8365.61,0.15,159.75,0.15,6790.08,Summer Sale,Card, completed ,Rep E,8337.13,
ORD-0003850,C11808,2024-02-15 00:00:00,Mpho,Smith,Gqeberha,Small Business,Store,Laptop,1.0,11004.39,0.03,171.77,0.15,7623.76,Payday Promo,Mobile Wallet,Completed,Rep E,12447.17,
ORD-0003199,C11573,2025-12-27 00:00:00,Sipho,Naidoo,Johannesburg,Consumer,Store,Keyboard,1.0,1843.74,0.2,147.47,0.0,1457.49,Black Friday,Card,Pending,Rep A,1622.46,
ORD-0004234,C11483,2025-05-18 00:00:00,Daniel,Naidoo,Durban,Corporate,Online,Webcam,5.0,1626.75,0.15,92.84,0.15,1169.85,None,Card,Cancelled,,8043.58,
ORD-0004666,UNKNOWN-7,2024-03-07 00:00:00,Mpho,Nkosi,Benoni,Consumer,Online,Laptop,1.0,21896.55,0.1,31.76,0.15,13480.81,Clearance,Bank Transfer,Completed,,22694.69,
ORD-0000280,C12365,2025-03-24 00:00:00,Aisha,Williams,Johannesburg,,Online,Office Chair,1.0,5840.22,0.0,104.1,0.15,4957.71,None,Card,Completed,,6820.35,
ORD-0000857,C11917,2024-04-26 00:00:00,Megan,Smith,Cape Town,Consumer,Online,Mouse,3.0,"R 1,081.64",0.1,96.38,0.15,806.32,None,Card,Completed,,3454.87,
ORD-0005911,C12845,2025-11-16 00:00:00,Zanele,Williams,Johannesburg,Consumer,Online,Headset,10.0,1455.97,0.08,50.06,0.0,1068.03,Payday Promo,Card,Completed,,13444.94,
ORD-0001992,C10306,2025-03-06 00:00:00,Priya,Williams,Pretoria,Corporate,Marketplace,Monitor,1.0,6316.68,0.08,107.95,0.0,4454.43,None,Mobile Wallet,Completed,,5919.3,
ORD-0003897,C10644,2024-06-19 00:00:00,Naledi,Mthembu,Gqeberha,Small Business,Marketplace,Webcam,6.0,521.16,0.05,147.29,0.15,392.75,None,EFT,Completed,,3563.47,
ORD-0002726,C12555,2025-07-19 00:00:00,Chloe,Nkosi,Johannesburg,Consumer,Marketplace,Printer,4.0,6305.7,0.05,78.26,0.15,3798.69,None,Card,Completed,,27634.16,
ORD-0002393,C10374,2024-04-14 00:00:00,Thabo,Khumalo,Durban,Small Business,Marketplace,Keyboard,8.0,1243.99,0.0,41.75,0.15,869.02,None,Card,Completed,,11486.43,
ORD-0001895,C12085,2024-07-10 00:00:00,Jason,Patel,Benoni,Consumer,Marketplace,Office Chair,1.0,2731.82,0.05,86.44,0.15,1916.62,Summer Sale,Cash,Returned,,3070.95,
ORD-0002469,C12351,2025-05-26 00:00:00,Fatima,Naidoo,Nelspruit,Consumer,Marketplace,Printer,2.0,5953.72,0.1,67.21,0.15,3850.93,New Customer,Card,Completed,,12391.41,
ORD-0005285,C12614,2024-09-28 00:00:00,Naledi,Pillay,Pretoria,Consumer,Online,Monitor,7.0,7129.59,0.15,31.43,0.0,4718.08,None,Mobile Wallet,Completed,,42452.49,
ORD-0000570,C12352,2025-10-09 00:00:00,Naledi,Pillay,Polokwane,Corporate,Marketplace,SSD,5.0,2535.75,0.05,19.76,0.15,1668.92,,EFT,Completed,,13871.29,
ORD-0003508,C11878,2024-11-14 00:00:00,Kabelo,Smith,Johannesburg,Small Business,Online,Docking Station,3.0,3236.26,0.08,29.78,0.15,2437.38,None,Card,Pending,,10301.66,
ORD-0000669,C11212,2025-06-18 00:00:00,Siyanda,Pillay,Durban,Consumer,Online,Router,5.0,1869.62,0.0,83.91,0.15,1528.04,None,Cash,Completed,,10834.2,
ORD-0002573,C12129,2025-01-13 00:00:00,Aisha,Dlamini,Johannesburg,Consumer,Online,Monitor,2.0,7246.79,0.03,77.01,0.15,5719.79,Black Friday,Mobile Wallet,Completed,,16244.59,
ORD-0005123,C12168,2025-06-18 00:00:00,Fatima,Botha,Johannesburg,Consumer,Marketplace,Monitor,1.0,4083.61,0.08,189.3,0.15,2929.19,None,EFT,Completed,,4509.76,
ORD-0001985,C11705,2024-02-17 00:00:00,Siyanda,Molefe,Durban,Corporate,Marketplace,Router,3.0,3280.09,0.05,143.35,0.15,2247.02,None,EFT,Completed,,10893.86,
ORD-0005729,C10025,2024-09-18 00:00:00,Nomsa,Smith,Cape Town,Consumer,Marketplace,Keyboard,3.0,1563.95,0.15,38.17,0.15,1132.45,Payday Promo,Mobile Wallet,Completed,,4624.46,
ORD-0000725,C11555,2024-10-25 00:00:00,Zanele,Mthembu,Cape Town,Corporate,Online,Printer,3.0,6447.16,0.0,83.12,0.15,4727.61,Payday Promo,Card,Completed,,22325.82,
ORD-0000026,C10688,2024-08-21 00:00:00,Mpho,Molefe,Cape Town,Consumer,Online,Keyboard,1.0,587.28,0.0,143.33,0.14,440.62,None,Card,Completed,,812.82,
ORD-0002699,C11018,2025-03-19 00:00:00,Jason,,Johannesburg,Consumer,Online,Tablet,3.0,10295.63,10%,87.86,0.15,8144.85,None,EFT,Returned,,32055.79,
ORD-0002214,C11245,2024-03-04 00:00:00,Thabo,Williams,Johannesburg,Small Business,Online,Laptop,2.0,12503.4,0.0,,0.15,8054.59,None,Card,Pending,,28794.34,
ORD-0000143,C12341,2025-06-12 00:00:00,Daniel,Pillay,Gqeberha,Corporate,Online,Laptop,1.0,21256.13,0.1,106.06,0.15,13376.01,Black Friday,Mobile Wallet,Completed,,22106.16,
ORD-0002806,C11491,2025-03-12 00:00:00,Megan,Naidoo,Durban,Consumer,Online,Monitor,5.0,3267.7,0.15,49.31,0.15,2734.25,Payday Promo, mobile wallet ,Completed,,16020.21,
ORD-0004507,C12955,2025-04-04 00:00:00,Kabelo,Patel,Johannesburg,Consumer,Store,Headset,1.0,963.34,0.1,134.97,0.15,672.38,Clearance,Mobile Wallet,Cancelled,Rep E,1639.48,
ORD-0000273,C12812,2024-01-15 00:00:00,Sipho,Botha,Johannesburg,Consumer,Marketplace,SSD,10.0,1006.67,0.0,128.68,0.15,646.57,None,Card,Returned,,11705.44,
ORD-0000768,C11311,2025-04-13 00:00:00,Lerato,Nkosi,Nelspruit,Consumer,Online,Keyboard,4.0,378.8,0.1,146.12,0.15,234.45,None,Card,Completed,,1714.37,
ORD-0005915,C10398,2025-07-25 00:00:00,Megan,Smith,Benoni,Consumer,Online,Mouse,1.0,R 309.02,0.05,49.0,0.15,220.03,New Customer,Card,Completed,,386.61,
ORD-0005818,C12079,2025-09-26 00:00:00,Mpho,Mokoena,Nelspruit,Consumer,Phone,SSD,1.0,1215.94,0.1,98.19,0.15,757.05,New Customer,Card,Completed,,1356.69,
ORD-0005416,C12862,2024-04-18 00:00:00,Fatima,Smith,Johannesburg,Consumer,Store,SSD,4.0,1909.17,0.1,71.52,0.15,1444.87,Black Friday,Card,Completed,Rep B,7975.49,
ORD-0003084,C10753,2025-05-02 00:00:00,Lerato,Molefe,Johannesburg,Corporate,Online,SSD,4.0,3950.07,0.08,91.25,0.0,2879.41,Payday Promo,Card,Cancelled,,14627.52,
ORD-0004778,C12883,2024-01-06 00:00:00,Chloe,Pillay,Durban,Small Business,Store,Office Chair,4.0,5351.05,0.0,55.74,0.15,3637.03,Summer Sale,Card,Returned,Rep D,24670.57,
ORD-0004231,C10892,2025-02-20 00:00:00,Megan,Mokoena,Benoni,Consumer,Phone,Laptop,1.0,18771.88,0.1,189.26,0.15,15715.37,None,Card,Completed,,21424.35,
ORD-0005089,C11138,09-11-2024,Sipho,Molefe,Pretoria,Consumer,Online,Office Chair,5.0,3038.18,0.2,,0.15,2003.1, new customer ,Mobile Wallet,Returned,,14052.96,
ORD-0004329,C12482,2024-05-24 00:00:00,Nomsa,Patel,Johannesburg,Consumer,Phone,Printer,1.0,3931.53,0.0,87.0,0.14,3098.93,None,EFT,Returned,,4568.94,
ORD-0001115,C10692,2025-03-05 00:00:00,Sipho,Mthembu,Cape Town,Corporate,Online,Headset,1.0,465.58,0.0,218.52,0.15,318.36,Clearance,Card,Completed,,753.93,
ORD-0000157,C11770,2024-11-28 00:00:00,Fatima,Molefe,Cape Town,Consumer,Online,Printer,1.0,2971.8,0.05,205.33,0.15,2301.12,Clearance,Mobile Wallet,Completed,,3452.03,
ORD-0004344,C11898,2025-01-19 00:00:00,Megan,Williams,Cape Town,Consumer,Online,Office Chair,5.0,5143.39,0.1,79.59,0.15,3871.79,New Customer,Card,Completed,,26696.61,
ORD-0001337,C11911,2025-05-21 00:00:00,Naledi,Smith,Pretoria,Small Business,Online,Headset,5.0,1385.25,0.0,48.52,0.15,1009.46,New Customer,EFT,Pending,,8013.7,
ORD-0005699,C10853,2024-02-02 00:00:00,Sipho,Pillay,Benoni,Corporate,Online,Mouse,8.0,1110.15,0.0,70.99,0.0,743.57,Payday Promo, card ,Returned,,8952.21,
ORD-0005486,C12295,2025-05-31 00:00:00,Zanele,Smith,Johannesburg,Consumer,Online,Headset,1.0,2295.31,0.15,208.66,0.14,1919.4,Back to School,Card,Completed,,2432.81,
ORD-0001892,C10619,2024-04-10 00:00:00,Chloe,Pillay,Durban,Corporate,Marketplace,Mouse,1.0,1292.15,0.0,58.53,0.15,1068.22,None,EFT,Returned,,1544.5,
ORD-0003425,C12172,2024-11-16 00:00:00,Mpho,Pillay,Benoni,Corporate,Online,Mouse,5.0,1024.89,0.25,83.03,0.15,649.4,Black Friday,Card,Returned,,4502.88,
ORD-0003517,C11695,2025-07-07 00:00:00,Jason,Botha,Durban,Consumer,Phone,SSD,1.0,4152.86,0.1,80.59,0.15,2654.7,None,Card,Cancelled,,4378.81,
ORD-0003898,C12480,2025-08-20 00:00:00,Lerato,Pillay,Johannesburg,Corporate,Online,Keyboard,1.0,1248.47,0.15,168.18,0.15,997.4,Black Friday,Card,Returned,,1388.55,
ORD-0003918,C11627,2025-09-09 00:00:00,Thabo,Pillay,Pretoria,Small Business,Store,Mouse,3.0,872.43,0.05,143.65,0.15,724.99,None,Card,Completed,Rep D,3003.04,
ORD-0001996,C12404,2024-02-17 00:00:00,Ryan,Pillay,Pretoria,Consumer,Online,Printer,2.0,6472.56,0.08,112.95,0.0,4058.6,Back to School,Card,Pending,,12022.47,
ORD-0004027,C10042,2025-08-20 00:00:00,Nomsa,Smith,Pretoria,Consumer,Phone,Keyboard,1.0,653.25,0.25,49.06,0.15,539.84,None,Card,Pending,,612.49,
ORD-0004090,C11464,2025-08-24 00:00:00,Zanele,Mthembu,Johannesburg,Consumer,Online,Monitor,1.0,2668.72,0.08,31.15,0.15,1909.53,None,Cash,Completed,,2854.66,
ORD-0005705,C12031,2025-02-28 00:00:00,Lerato,Molefe,Johannesburg,Consumer,Online,Headset,2.0,2371.63,0.03,73.55,0.15,1522.95,Payday Promo,EFT,Completed,,5364.65,
ORD-0001730,C12443,2024-10-02 00:00:00,Jason,Mokoena,Johannesburg,Consumer,Store,Docking Station,5.0,2066.88,0.15,137.97,0.15,1214.23,None,Bank Transfer,Returned,Rep B,10239.83,
ORD-0002567,C11064,2024-04-08 00:00:00,Thabo,Mthembu,Pretoria, corporate ,Store,Docking Station,4.0,1630.86,0.0,85.57,0.15,1055.84,None,Card,Completed,Rep C,7587.51,
ORD-0003772,C10746,2024-06-09 00:00:00,Megan,Botha,Bloemfontein,Consumer,Marketplace,Monitor,1.0,6005.37,0.0,58.88,0.15,4883.67,Black Friday,Card,Completed,,6965.05,
ORD-0000354,C11643,2024-10-12 00:00:00,Megan,Mokoena,Pretoria,Consumer,Online,Mouse,6.0,293.93,0.2,104.55,0.15,249.22,Summer Sale,EFT,Completed,,1727.04,
ORD-0003205,C12275,2024-09-02 00:00:00,Jason,Nkosi,Nelspruit,Consumer,Store,Keyboard,1.0,2032.65,0.15,196.38,0.15,1460.31,None,Card,Completed,Rep D,2183.3,
ORD-0003581,C11715,2024-03-09 00:00:00,Fatima,Patel,Polokwane,Consumer,Online,Keyboard,3.0,1645.36,0.03,7.93,0.15,1272.37,None,EFT,Completed,,5514.12,
ORD-0005027,C11068,2025-01-03 00:00:00,Thabo,Williams,Durban,Corporate,Online,Office Chair,3.0,8243.22,0.15,133.9,0.15,6696.51,None,EFT,Completed,,24307.15,
ORD-0004923,C12880,2025-06-12 00:00:00,Naledi,Nkosi,Pretoria,Small Business,Marketplace,SSD,3.0,3447.26,0.05,5.81,0.15,2763.64,Back to School,Card,Completed,,11304.21,
ORD-0004532,C12392,2025-06-27 00:00:00,Kabelo,Naidoo,Cape Town,Small Business,Store, tablet ,1.0,10236.88,0.08,110.13,0.15,6318.37,Back to School,Cash,Cancelled,Rep A,10940.74,
ORD-0003405,C12330,2024-03-03 00:00:00,Zanele,Pillay,Pretoria,Corporate,Online,Keyboard,2.0,832.22,0.25,130.42,0.15,488.5,Back to School,Card,Completed,,1566.0,
ORD-0004247,C11794,2024-12-11 00:00:00,Sipho,Khumalo,Durban,Consumer,Online,Office Chair,2.0,3696.34,0.1,56.12,0.0,2278.46,Payday Promo,EFT,Completed,,6709.53,
ORD-0002878,C11918,2024-10-21 00:00:00,Siyanda,Mokoena,Johannesburg,Consumer,Marketplace,Keyboard,1.0,358.28,0.1,182.99,0.15,240.0,Black Friday,Card,Completed,,553.81,
ORD-0004498,C12082,2024-10-06 00:00:00,Ryan,Patel,Johannesburg,Corporate,Store,Laptop,6.0,15134.11,,8.91,0.15,9044.47,None,Card,Completed,Rep A,93991.73,
ORD-0005304,C12698,2024-08-07 00:00:00,Jason,Patel,Johannesburg,Consumer,Online,Laptop,1.0,10693.21,0.1,174.99,0.15,7657.43,None,Mobile Wallet,Completed,,11242.47,
ORD-0000838,C12112,2025-06-19 00:00:00,Jason,Patel,Durban,Corporate,Online,Webcam,4.0,1683.92,0.03,115.58,0.0,983.77,Summer Sale, card ,Completed,,6649.18,
ORD-0002785,C10048,2024-06-23 00:00:00,Ryan,Botha,Gqeberha,Consumer,Phone,Router,2.0,1758.6,0.0,116.76,0.15,1055.68,New Customer,EFT,Cancelled,,4161.52,
ORD-0001251,C10414,2024-08-10 00:00:00,Nomsa,Smith,Pretoria,Consumer,Marketplace,Headset,4.0,2605.05,0.05,143.26,0.15,1611.96,None,Mobile Wallet,Cancelled,,11527.34,
ORD-0005436,C12236,2024-05-19 00:00:00,Sipho,Khumalo,Polokwane,Consumer,Online,Headset,2.0,2198.82,0.08,84.35,0.15,1689.63,None,Mobile Wallet,Completed,,4737.06,
ORD-0004038,C10694,2025/07/12,Fatima,Botha,Johannesburg,Corporate,Marketplace,Keyboard,2.0,1840.92,0.15,65.62,0.15,1082.46,None,Card,Returned,,3664.62,
ORD-0005917,C11899,2024-04-24 00:00:00,Nomsa,Pillay,Nelspruit,Corporate,Store,Laptop,2.0,11535.4,0.1,212.88,0.15,8930.14,None,Card,Returned,Rep A,24091.15,
ORD-0001873,C12493,2024-02-21 00:00:00,Fatima,Molefe,,Corporate,Marketplace,Printer,1.0,2806.92,0.2,154.76,0.15,1653.31,New Customer,EFT,Completed,,2737.12,
ORD-0001132,C10573,2024-12-27 00:00:00,,Khumalo,Pretoria,Consumer,Marketplace,Printer,4.0,1984.28,0.15,86.03,0.15,1363.84,New Customer,Cash,Completed,,7844.56,7937.12
ORD-0005800,C11646,2024-02-15 00:00:00,Jason,Patel,Johannesburg,Consumer,Online,Mouse,4.0,226.65,0.0,3.57,0.0,157.48,Back to School,Bank Transfer,Pending,,910.17,
ORD-0005780,C10151,2025-05-11 00:00:00,Kabelo,Williams, nelspruit ,Small Business,Phone,Laptop,10.0,19001.82,0.05,92.69,0.15,12257.82,None,Mobile Wallet,Completed,,207687.62,
ORD-0005142,C10819,2025-09-15 00:00:00,Kabelo,Botha,Gqeberha,Consumer,Online,Keyboard,1.0,1529.91,0.0,179.23,0.15,946.07,None,Card,Returned,,1938.62,
ORD-0001347,C12946,2025-08-26 00:00:00,Nomsa,Mthembu,Johannesburg,Consumer,Online,Office Chair,2.0,6335.54,0.05,69.22,0.15,4901.48,None,Mobile Wallet,Completed,,13912.38,
ORD-0001633,C11504,2025-10-02 00:00:00,Thabo,Williams,Bloemfontein,Consumer,Phone,Laptop,2.0,12120.32,0.2,126.41,0.15,7820.18,Clearance,EFT,Returned,,22427.8,
ORD-0004320,C10631,2025-04-14 00:00:00,Fatima,Williams,Polokwane,Corporate,Marketplace,Laptop,2.0,12984.28,0.0,118.36,0.15,8821.32,None,Card,Pending,,29982.2,
ORD-0000468,C10934,04-07-2025,Lerato,Mokoena,Polokwane,Consumer,Phone,Headset,1.0,884.28,0.1,204.89,0.15,660.38,New Customer,Card,Completed,,1120.12,
ORD-0001242,C10101,2025-06-14 00:00:00,Naledi,Mokoena,Benoni,Consumer,Phone,Monitor,7.0,7126.44,0.0,77.65,0.15,4508.45,Back to School,Card,Completed,,57445.49,
ORD-0004897,C11871,2025-01-08 00:00:00,Daniel,Smith,Johannesburg,Consumer, store ,Monitor,5.0,4650.98,0.05,94.72,0.15,3410.71,Black Friday,Mobile Wallet,Completed,Rep E,25500.71,
ORD-0000458,C12358,2024-08-22 00:00:00,Kabelo,Molefe,Pretoria,Corporate,Phone,Monitor,8.0,8116.48,0.05,92.24,0.15,6420.74,None,Card,Pending,,71030.24,
ORD-0001843,C12758,2024-01-22 00:00:00,Lerato,Mthembu,Johannesburg,Consumer,Store,Router,2.0,2314.34,0.05,74.29,0.15,1531.83,None,Card,Completed,Rep B,5131.11,
ORD-0003207,C12050,07-03-2025,Lerato,Pillay,,Consumer,Store,Monitor,6.0,8261.28,0.05,146.21,0.15,6580.85,None,Card,Completed,Rep C,54298.93,
ORD-0000705,C10446,2025-10-04 00:00:00,Nomsa,Botha,Cape Town,Consumer,Online,Keyboard,2.0,1178.19,0%,169.79,0.15,910.26,Clearance,Card,Completed,,2879.62,
ORD-0000938,C10486,2024-06-02 00:00:00,Ryan,Williams,Nelspruit,Consumer,Online,Tablet,1.0,7957.64,0.0,66.42,0.15,5685.02, none ,Card,Cancelled,,9217.71,
ORD-0004687,C10446,2025-11-16 00:00:00,Jason,Smith,Benoni,Corporate,Marketplace,Tablet,3.0,6879.86,0.08,53.25,0.15,4140.12,Back to School,Card,Returned,,21889.92,
ORD-0004898,C11163,2024-02-08 00:00:00,Priya,Nkosi,Johannesburg,Small Business,Phone,Mouse,3.0,718.68,0.08,114.45,0.15,482.94,Clearance,Cash,Completed,,2395.56,
ORD-0000040,C11483,2025-12-13 00:00:00,Aisha,Williams,Cape Town,Consumer,Marketplace,Headset,3.0,812.46,0.2,23.22,0.15,572.76,Payday Promo,Card,Completed,,2265.61,
ORD-0003093,C12222,2024-08-12 00:00:00,Jason,Williams,Cape Town,Corporate,Store,Keyboard,1.0,587.62,0.05,164.75,0.15,398.85,None,Card,Completed,Rep D,806.73,
ORD-0005525,C12970,2025-08-04 00:00:00,Naledi,Molefe,Johannesburg,Consumer,Online,SSD,3.0,"R 2,192.75",0.08,127.66,0.15,1549.73,None,EFT,Completed,,7087.44,
ORD-0002101,C12490,2024/08/01,Fatima,Smith,Pretoria,Corporate,Online,Monitor,1.0,7235.95,0.03,207.66,0.15,4720.95,None, bank transfer ,Completed,,10295.1,
ORD-0002394,C10903,2024-05-05 00:00:00,Fatima,Patel,Pretoria,Consumer,Online,Monitor,6.0,4242.28,0.15,48.73,0.15,3165.01,None,Card,Completed,,24929.7,
ORD-0003297,C10939,2024-11-26 00:00:00,Zanele,Naidoo,Benoni,Consumer,Online,Keyboard,1.0,703.48,0.05,126.12,,552.27,None,EFT,Cancelled,,894.67,
ORD-0002114,C10932,2025-11-28 00:00:00,Chloe,Patel,Johannesburg,Small Business,Store,Printer,2.0,2078.6,0.2,162.21,0.15,1507.66,Summer Sale,Bank Transfer,Completed,Rep B,3986.84,
ORD-0003990,C10715,2025-04-06 00:00:00,Megan,Patel,Pretoria,Consumer,Phone,SSD,1.0,3882.49,0.0,44.25,0.15,2427.68,Back to School,Card,Cancelled,,4509.12,
ORD-0000598,C12098,2025-10-28 00:00:00,Priya,Patel,Pretoria,Consumer,Phone,Router,6.0,2178.32,0.15,77.6,0.15,1691.77,Summer Sale,Card,Completed,,12853.44,
ORD-0001473,C11621,2024-12-27 00:00:00,Fatima,Mthembu,Nelspruit,Corporate,Store,Webcam,2.0,677.08,0.0,99.19,0.14,415.48,None,Mobile Wallet,Pending,Rep D,1642.93,
ORD-0000898,C12553,2025-01-05 00:00:00,Andile,Dlamini,Benoni,Consumer,Online,Keyboard,1.0,1981.82,0.03,42.01,0.15,1198.06,None,EFT,Completed,,2252.73,
ORD-0002500,C10805,2025-04-15 00:00:00,Siyanda,Naidoo,Durban,Corporate,Online,Office Chair,7.0,4555.71,0.0,81.09,0.15,3377.37,None,Card,Cancelled,,36754.57,
ORD-0001477,C10797,2024-03-13 00:00:00,Kabelo,Smith,Nelspruit,Small Business,Store,Monitor,1.0,4330.43,0.03,152.95,0.15,2830.67,Payday Promo,,Completed,Rep E,4983.54,
ORD-0003124,C10252,2024-11-25 00:00:00,Siyanda,Khumalo,Durban,Corporate,Store,Webcam,2.0,891.88,0.1,112.15,0.15,678.38,None,Card,Pending,Rep A,1958.33,
ORD-0002357,C10709,2025-07-03 00:00:00,Priya,Smith,Durban,Consumer,Online,Headset,1.0,1661.76,0.08,76.83,0.0,1296.92,None,Card,Completed,,1605.66,
ORD-0004598,C12721,2024-04-08 00:00:00,Nomsa,Naidoo,Johannesburg,Small Business,Online,Webcam,1.0,1179.72,0.1,93.45,0.15,725.86,Black Friday,EFT,Cancelled,,1314.46,
ORD-0005531,C12608,2025-01-06 00:00:00,Thabo,Mokoena,Johannesburg,Corporate,Online,Router,1.0,1335.39,0.08,148.44,0.15,1021.12,None,Bank Transfer,Returned,,1561.28,
ORD-0001212,C12457,2024-03-14 00:00:00,Sipho,Smith,Cape Town,Corporate,Marketplace,Printer,3.0,4250.08,0.03,40.38,0.0,2889.33,None,Card,Pending,,12408.1,
ORD-0000913,C11913,2025-03-11 00:00:00,Ryan,Smith,Durban,Consumer,Marketplace,Headset,3.0,1382.36,0.15,28.51,0.15,940.25,None,Card,Returned,,4082.29,
ORD-0002992,C10052,2024-10-01 00:00:00,Chloe,Naidoo,Johannesburg,Consumer,Online,Keyboard,1.0,608.68,0.1,50.22,0.15,441.09,None,Card, completed ,,680.21,
ORD-0005872,C12490,2025-10-17 00:00:00,Naledi,Molefe,Nelspruit,Consumer,Online,Laptop,1.0,14834.57,0.15,187.22,0.15,11543.33,None,Mobile Wallet,Returned,,14688.01,
ORD-0003726,C11347,2025-11-04 00:00:00,Nomsa,Naidoo,Polokwane,Corporate,Online,Laptop,7.0,13131.54,0.0,99.7,0.15,10857.38,Payday Promo,Card,Cancelled,,105808.6,
ORD-0002077,C11589,2024-11-10 00:00:00,Ryan,Nkosi,Gqeberha,Small Business,Phone,Keyboard,1.0,622.19,0.15,206.1,0.14,462.65,None,Card,Completed,,809.01,
ORD-0004820,C10534,2025-01-21 00:00:00,Priya,Mokoena,Pretoria,Consumer,Marketplace,Tablet,8.0,6285.12,0.0,20.63,0.15,3761.29,None,Card,Returned,,57843.73,
ORD-0002274,C11671,2025-03-09 00:00:00,Kabelo,Pillay,Pretoria,Consumer,Online, headset ,6.0,683.79,0.05,61.17,0.15,561.82,None,Bank Transfer,Pending,,4543.38,
ORD-0002925,C12273,2024-08-03 00:00:00,Ryan,Botha,Cape Town,Consumer,Online,Mouse,1.0,612.18,0.03,132.93,0.15,455.62,, card ,Completed,,815.81,
ORD-0001003,C10358,2025-09-11 00:00:00,Ryan,Pillay,Gqeberha,Consumer, marketplace ,Office Chair,2.0,3758.64,0.1,117.61,0.0,2916.85, clearance ,Mobile Wallet,Cancelled,,6883.15,
ORD-0002493,C11772,2024-06-22 00:00:00,Sipho,Naidoo,Polokwane,Consumer,Online,Mouse,7.0,1014.62,0.1,70.49,0.15,804.1,Clearance,Card,Cancelled,,7421.4,
ORD-0000164,C12330,2025-11-20 00:00:00,Aisha,Dlamini,Polokwane,Small Business,Online,Laptop,2.0,15116.58,0.0,85.83,0.15,11441.51,None,Mobile Wallet,Pending,,34853.97,
ORD-0003793,C11332,2025-10-02 00:00:00,Chloe,Williams,Cape Town,Consumer,Phone,Router,2.0,2455.33,0.05,63.66,0.15,1641.05, summer sale ,Mobile Wallet,Pending,,5428.55,
ORD-0000078,C11626,2025-06-16 00:00:00,Thabo,Dlamini,Bloemfontein,Consumer,Marketplace,Office Chair,1.0,2772.94,0.05,147.86,0.15,2120.89,None,Mobile Wallet,Completed,,3177.29,
ORD-0004350,C12105,2025-02-01 00:00:00,Lerato,Mokoena,Benoni,Small Business,Phone,Keyboard,10.0,1341.85,0.05,47.8,0.15,993.49,Back to School,EFT,Completed,,14707.51,
ORD-0001937,C11162,2025-07-08 00:00:00,Zanele,Pillay,Gqeberha,Consumer,Online,Webcam,5.0,1481.17,0.1,84.65,0.15,905.52,None,Card,Completed,,7749.7,
ORD-0004730,C12957,2024-08-10 00:00:00,Chloe,Naidoo,Pretoria,Corporate,Online,Headset,2.0,2194.61,0.2,136.68,0.15,1539.92,None,Card,Completed,,4174.76,
ORD-0000614,C12958,2024-05-04 00:00:00,Lerato,Nkosi,Cape Town,Consumer,Online,Laptop,1.0,21283.8,0.0,34.57,0.0,14953.96,None,Card,Cancelled,,21318.37,
ORD-0000103,C11664,2025-03-23 00:00:00,Chloe,Mthembu,Gqeberha,Consumer,Phone,Mouse,1.0,665.62,0.1,202.83,0.15,513.63,Payday Promo,Mobile Wallet,Completed,,891.74,
ORD-0004221,C10447,2025-03-07 00:00:00,Thabo,Molefe,Polokwane,Consumer,Online,Headset,8.0,2450.15,0.0,30.39,0.15,1748.06,None,Card,Completed,,22571.77,
ORD-0002819,C10952,2025-03-11 00:00:00,Jason,Patel,Johannesburg,Small Business,Store,Laptop,2.0,18106.13,0.0,96.75,0.15,15348.2,Back to School,Card,Returned,Rep C,41740.84,
ORD-0003010,C10660,2024-12-13 00:00:00,Chloe,Molefe,Pretoria,Consumer,Online,Webcam,1.0,"R 1,875.75",0.25,54.85,0.15,1556.4,New Customer,Card,Completed,,1672.68,
ORD-0005307,C11104,2025-02-22 00:00:00,Ryan,Mthembu,Durban,Corporate,Online,Headset,2.0,2499.16,0.03,48.51,0.15,2146.14,Payday Promo,Mobile Wallet,Returned,,5624.14,
ORD-0004597,C12646,2024-04-06 00:00:00,Megan,Mokoena,Johannesburg,Consumer,Store,Printer,2.0,3417.07,0.0,104.11,0.15,2537.4,None,Mobile Wallet,Returned,Rep A,7963.37,
ORD-0003497,C10459,2024-01-26 00:00:00,Megan,Khumalo,Polokwane, consumer ,Phone,Webcam,3.0,1218.17,0.05,14.98,0.15,1045.13,None,EFT,Completed,,4007.52,
ORD-0005598,C12858,2025-12-25 00:00:00,Mpho,Smith,Cape Town,Corporate,Online,Router,3.0,2146.56,0.03,113.4,0.15,1258.81,None,EFT,Completed,,7296.85,
ORD-0003749,C10231,2025-02-05 00:00:00,Zanele,Mokoena,Johannesburg,Consumer,Marketplace,Monitor,5.0,7341.62,0.2,82.27,0.15,4459.45,Clearance,EFT,Completed,,33853.74,
ORD-0002086,C12192,2024-06-10 00:00:00,Siyanda,Pillay,Johannesburg,Small Business,Marketplace,Laptop,1.0,8683.13,0.03,147.99,0.15,6024.52,None,EFT,Completed,,9834.02,
ORD-0003563,C12667,2025-11-29 00:00:00,Mpho,Pillay,Gqeberha,Consumer,Online,Tablet,1.0,10812.97,0.03,104.76,0.15,8124.44,Summer Sale,Card,Completed,,12166.63,
ORD-0002540,C12024,2024-05-30 00:00:00,Nomsa,,Johannesburg,Consumer,Online,Router,1.0,2801.48,0.0,102.29,0.15,1637.57,None,Card,Completed,,3324.0,
ORD-0001579,C10351,2024-01-22 00:00:00,Sipho,Patel,Pretoria,Consumer,Store,Keyboard,2.0,1995.01,0.1,149.18,0.15,1625.86,Payday Promo,Mobile Wallet,Completed,Rep A,4278.86,
ORD-0005679,C11667,2024-10-31 00:00:00,Jason,Mokoena,Johannesburg,Consumer,Online,Tablet,1.0,8639.33,0.03,164.64,0.15,6308.42,None,Card,Completed,,9007.33,
ORD-0005806,C10774,2025-06-17 00:00:00,Naledi,Naidoo,Benoni,Consumer,Online,Headset,2.0,2044.81,0.05,129.78,0.0,1592.21,None,Card,Pending,,4014.92,
ORD-0004342,C11952,2025-02-19 00:00:00,Andile,Smith, cape town ,Consumer,Store,Mouse,2.0,1055.34,0.08,77.06,0.15,767.29,None,Card,Returned,Rep C,2310.16,
ORD-0005516,C11618,03-23-2024,Jason,Naidoo,Benoni,Consumer,Online,Headset,6.0,648.03,0.1,101.21,0.15,550.17,None,EFT,Completed,,4125.47,
ORD-0000709,C11541,2025-06-25 00:00:00,Fatima,Molefe,Nelspruit,Corporate,Store,Keyboard,4.0,1288.4,0.0,128.7,0.15,909.23,Black Friday,Card,Cancelled,Rep B,6055.33,
ORD-0003021,C10887,2025-12-17 00:00:00,Andile,Patel,Cape Town,Consumer,Online,Monitor,5.0,,0.25,122.84,0.14,5056.66,None,Bank Transfer,Pending,,27977.63,
ORD-0004930,C11108,2024-12-13 00:00:00,Daniel,Smith,Bloemfontein,Corporate,Store,Keyboard,2.0,813.63,0.08,208.39,0.15,502.42,None,Card,Completed,Rep C,1832.98,
ORD-0001430,C10936,2025-05-03 00:00:00,Fatima,Nkosi,Johannesburg,Consumer,Online,Keyboard,2.0,2072.44,0.2,32.83,0.15,1227.49,Back to School,Card,Pending,,3846.11,
ORD-0005297,C11935,2024-04-26 00:00:00,Priya,Molefe,PE,Corporate,Online,Laptop,2.0,16502.5,0.0,178.82,0.15,12017.49,None,Card,Pending,,38134.57,
ORD-0005621,C10429,2024-05-28 00:00:00,Naledi,Smith,Gqeberha,Corporate,Marketplace,Laptop,1.0,20684.09,0.0,73.03,0.15,13076.6,New Customer,Mobile Wallet,Returned,,23859.73,
ORD-0001051,C12507,2025-01-18 00:00:00,Sipho,Dlamini,Johannesburg,Corporate,Online,Headset,6.0,2538.85,0.03,68.55,0.15,1666.66, none ,Bank Transfer,Completed,,17061.07,
ORD-0001013,C11231,2024-12-31 00:00:00,Lerato,Naidoo,Johannesburg,Small Business,Online,Mouse,1.0,1203.75,0.1,126.19,0.15,770.34,None,Bank Transfer,returned,,1372.07,
ORD-0004996,C10572,2024-10-12 00:00:00,Kabelo,Nkosi,Pretoria,Consumer,Store,Mouse,2.0,840.91,0.0,127.96,0.0,545.73,None,Card,Completed,Rep B,1809.78,
ORD-0001059,C10150,2025-05-29 00:00:00,Thabo,Pillay,Bloemfontein,Corporate,Marketplace,SSD,4.0,3380.1,0.2,76.75,0.15,1995.91,None,Bank Transfer,Completed,,12515.53,
ORD-0005796,C11231,2024-04-09 00:00:00,Megan,Khumalo,Pretoria,Small Business,Store,Keyboard,1.0,718.22,0.0,104.38,0.15,456.46,None,Card,Pending,Rep B,930.33,
ORD-0002177,C12199,2025-04-12 00:00:00,Aisha,Patel,Johannesburg,Consumer,Store,Tablet,6.0,2956.82,0.0,52.8,0.15,1973.55,None,Mobile Wallet,Completed,Rep D,20454.89,
ORD-0002651,C11274,2024-07-10 00:00:00,Kabelo,Smith,Cape Town,Consumer,Phone,Keyboard,4.0,896.9,0.2,117.64,0.15,586.4,None,Card,Completed,,3418.22,
ORD-0004183,C11132,2025-11-13 00:00:00,Zanele,Patel,Nelspruit,Consumer,Online,Laptop,3.0,11089.79,0.03,54.82,0.15,7578.48,None,Bank Transfer,Cancelled,,37166.79,
ORD-0004977,C12061,2025-04-22 00:00:00,Ryan,Patel,Pretoria,Consumer,Online,SSD,5.0,4090.61,0.08,12.45,0.15,2824.87,None,Mobile Wallet,Cancelled,,21651.8,
ORD-0000795,C12205,2025-10-11 00:00:00,Naledi,Khumalo,Benoni,Consumer,Online,Monitor,4.0,3899.22,0.1,53.28,0.15,3210.11,Payday Promo,Card,Completed,,16196.04,
ORD-0004107,C10402,2024-09-24 00:00:00,Mpho,Williams,Johannesburg,Corporate,Store,Monitor,4.0,5142.6,0.08,108.84,0.15,3394.4,Back to School,Mobile Wallet,Cancelled,Rep B,21872.31,
ORD-0004744,C12328,2025-01-20 00:00:00,Thabo,Nkosi,Bloemfontein,Consumer,Marketplace,SSD,2.0,1716.2,0.0,205.59,0.15,1163.4,None,Card,Pending,,4152.84,
ORD-0003889,C11898,2024-04-13 00:00:00,Naledi,Mthembu,Johannesburg,Corporate,Phone,Printer,1.0,5044.68,0.1,87.47,0.15,3464.05,New Customer,Card,Cancelled,,5308.71,
ORD-0003341,C10704,2025-01-07 00:00:00,Aisha,Pillay,Nelspruit,Consumer,Online,Printer,1.0,3587.46,0.1,174.06,0.15,2347.11,Black Friday,EFT,Cancelled,,3887.08,
ORD-0002640,C12825,2024-08-02 00:00:00,Jason,Nkosi,Durban,Corporate,Online,Laptop,1.0,17434.54,0.0,106.81,0.15,14258.3,Summer Sale,Card,Completed,,20156.53,
ORD-0003113,C12750,2025-07-02 00:00:00,Chloe,Khumalo,Durban,Consumer,Online,Monitor,1.0,4966.61,0.08,59.65,0.15,3444.48,None,Cash,Completed,,5314.33,
ORD-0004137,C11678,2024-07-02 00:00:00,Chloe,Botha,Bloemfontein,Corporate,Online,Laptop,1.0,10743.9,0.0,,0.15,8173.15,None,Card,Completed,,12565.87,
ORD-0004110,C12338,2024-12-28 00:00:00,Jason,Williams,Benoni,Consumer,Online,Router,10.0,1446.54,0.15,141.82,0.15,863.53,None,Card,Completed,,14281.79,
ORD-0004848,C11475,2025-09-19 00:00:00,Zanele,Pillay,Johannesburg,Consumer,Online,Printer,5.0,4981.15,0.08,68.37,0.15,3847.06,New Customer,Card,Pending,,26418.63,
ORD-0004322,C11653,2025-07-29 00:00:00,Megan,Williams,Nelspruit,Consumer,Store,Headset,8.0,2765.91,0.05,24.98,0.15,2247.51,None,EFT,Cancelled,Rep A,24199.03,
ORD-0000361,C10768,2025-03-23 00:00:00,Lerato,Botha, johannesburg ,Corporate,Store,Laptop,1.0,9533.84,0.0,214.28,0.15,6451.94,None,Bank Transfer,Completed,Rep D,11178.2,
ORD-0001114,C10291,2024-04-05 00:00:00,Aisha,Smith,Pretoria,Consumer,Online,Monitor,3.0,3276.71,0.1,94.33,0.15,2304.7,None,EFT,Completed,,10268.52,
ORD-0001261,C11457,2025-12-09 00:00:00,Lerato,Molefe,Polokwane,Corporate,Online,Router,1.0,1463.5,0.1,45.36,0.15,1111.02,None,Card,Completed,,1560.08,
ORD-0004949,C10627,2024-05-23 00:00:00,Daniel,Mokoena,Polokwane,Small Business,Marketplace,Mouse,5.0,502.68,0.08,94.63,0.15,391.74,None,Card,Completed,,2753.78,
ORD-0000600,C11413,2025-11-27 00:00:00,Priya,Pillay,Johannesburg,Consumer,Store,Laptop,1.0,18456.63,0.0,179.04,0.15,11860.61,Back to School,Card,Returned,Rep B,21404.16,
ORD-0003561,C10926,2025-08-17 00:00:00,Ryan,Patel,Nelspruit,Corporate,Online,Office Chair,1.0,3398.02,0.0,202.64,0.14,2085.14,None,Card,Cancelled,,4076.38,
ORD-0004874,C12898,2025-11-02 00:00:00,Chloe,Botha,Johannesburg,Consumer,Phone,Monitor,4.0,4107.6,0.1,32.68,0.15,2454.08,Black Friday,Card,Pending,,17038.15,
ORD-0002750,C11430,2025-06-03 00:00:00,Megan,Botha,Cape Town,Consumer,Store,Tablet,3.0,2839.29,0.0,73.78,0.15,1929.31,Black Friday,Mobile Wallet,Completed,Rep B,9869.32,
ORD-0004164,C11850,2025-08-01 00:00:00,Zanele,Botha,Johannesburg,Consumer,Online, monitor ,4.0,6027.2,0.0,70.35,0.15,4812.05,Back to School,EFT,Completed,,27795.48,
ORD-0000894,C12062,2024-09-14 00:00:00,Naledi,Pillay,Nelspruit,Consumer,Online,Monitor,1.0,7050.38,0.03,121.24,0.15,4991.89,Back to School,EFT,Cancelled,,7985.94,
ORD-0003809,C10891,2024-06-19 00:00:00,Thabo,Williams,Johannesburg,Consumer,Store,Router,1.0,3162.28,0.1,158.61,0.15,2123.17,None,EFT,Completed,Rep E,3431.58,
ORD-0001836,C11098,2024-06-04 00:00:00,Kabelo,Khumalo,Cape Town,Small Business,Online,Router,1.0,1904.67,0.25,156.31,0.15,1580.72,None,Cash,Completed,,1799.09,
ORD-0001245,C11688,2025-11-19 00:00:00,Jason,Botha,Johannesburg,Consumer,Marketplace,Mouse,6.0,1221.06,0.1,61.05,0.15,877.1, new customer ,Cash,Returned,,7643.85,
ORD-0003309,C10628,2025-05-05 00:00:00,Priya,Patel,Benoni,Corporate,Online,Router,4.0,1121.68,0.0,65.04,0.15,797.86,Summer Sale,Bank Transfer,Completed,,5224.78,
ORD-0001580,C10042,2024-12-17 00:00:00,Megan,Mthembu,Polokwane,Consumer,Online,Laptop,5.0,12765.42,0.08,138.27,0.0,8416.81,None,Card,Returned,,70070.03,
ORD-0001026,C10355,2024-08-07 00:00:00,Thabo,Smith,Johannesburg,Consumer,Online,Laptop,2.0,16112.69,0.1,75.0,0.15,12869.71,None,Card,Returned,,33428.27,
ORD-0001563,C12709,2025-11-12 00:00:00,Zanele,Botha,Polokwane,,Online,Laptop,4.0,19066.45,0.0,79.64,0.15,15874.33,Payday Promo,Card,Completed,,87785.32,
ORD-0003288,C10160,2025-04-01 00:00:00,Aisha,Nkosi,Durban,Consumer,Marketplace,Webcam,1.0,828.34,0.0,112.22,0.15,507.64,None,Card,Pending,,1064.81,
ORD-0003086,C12207,2025-03-01 00:00:00,Megan,Patel,Polokwane,Consumer, store ,Monitor,2.0,4076.49,0.2,105.56,0.14,3043.28,New Customer,Card,Completed,Rep B,7541.07,
ORD-0004470,C12041,2025-10-20 00:00:00,Lerato,Patel,Pretoria,Small Business,Online,Tablet,1.0,4646.47,0.1,186.58,0.15,3375.48,None,EFT,Completed,,4995.68,
ORD-0004551,C11586,2025-11-30 00:00:00,Andile,Smith,Johannesburg,Consumer,Phone,Laptop,1.0,20704.06,0.15,206.25,0.15,13946.38,None,Card,Completed,,20444.48,
ORD-0004354,C12302,2024-10-28 00:00:00,Kabelo,Pillay,Johannesburg,Corporate,Online,Headset,7.0,1189.27,0.03,12.52,0.15,958.21,None,Bank Transfer,CANCELLED,,9298.97,
ORD-0005253,C11221,2024-04-11 00:00:00,Naledi,Mthembu,Cape Town,Consumer,Marketplace,Laptop,64.0,13476.17,0.15,96.13,0.15,8478.94,None,Bank Transfer,Completed,,13269.08,
ORD-0001524,C12213,2024-05-06 00:00:00,Fatima,Mthembu,Bloemfontein,Corporate,Store,SSD,3.0,2159.02,0.1,77.74,0.15,1832.87,None,Card,Completed,Rep A,6781.5,
ORD-0001432,C10177,2025-02-05 00:00:00,Chloe,Patel,Johannesburg,Consumer,Online,Mouse,8.0,221.52,0.0,55.45,0.15,136.32,None,EFT,Pending,,2093.46,
ORD-0000322,C10637,2025-04-12 00:00:00,Mpho,Pillay,Bloemfontein,Consumer,Online,Keyboard,2.0,537.43,0.1,57.9,0.15,371.66,Clearance,Card,Completed,,1170.39,
ORD-0000466,C12832,2024-05-12 00:00:00,Zanele,Botha,Durban,Consumer,Online,Mouse,4.0,620.91,0.0,104.75,0.15,520.95,None,EFT,Cancelled,,2960.93,
ORD-0000246,C10095,2025-10-24 00:00:00,Lerato,Williams,Pretoria,Consumer,Store,Headset,5.0,1094.97,0.1,17.73,0.15,750.7,None,Card,Completed,Rep B,5684.17,
ORD-0001909,C12518,2024-12-13 00:00:00,Sipho,Nkosi,Cape Town,Corporate,Online,Keyboard,2.0,1401.69,0.1,64.16,0.15,898.86,None,Cash,Completed,,2965.64,
ORD-0004081,C12628,2024-09-24 00:00:00,Chloe,Williams,Gqeberha, corporate ,Online,Router,1.0,1360.03,0.15,126.11,0.0,879.68,Payday Promo,Card,Cancelled,,1282.14,
ORD-0002653,C10318,2024-02-20 00:00:00,Mpho,Dlamini,Johannesburg,Consumer,Store,Tablet,3.0,2811.87,0.0,22.25,0.15,1661.38,None,Card,Returned,Rep A,9723.2,
ORD-0003710,C10220,2025-01-18 00:00:00,Ryan,Pillay,Gqeberha,Consumer,Store,Webcam,1.0,1151.37,0.05,64.64,0.15,968.87,None,Mobile Wallet,Returned,Rep C,1322.51,
ORD-0005502,C10245,2024-11-25 00:00:00,Mpho,Williams,Johannesburg,Small Business,Marketplace,Laptop,2.0,11517.83,0.15,191.09,0.15,8658.55,None,Bank Transfer,Completed,,22708.45,
ORD-0003595,C10846,2025-05-15 00:00:00,Aisha,Smith,Pretoria,Consumer,Phone,Router,4.0,2187.53,0.0,49.52,0.15,1308.89,Summer Sale,Mobile Wallet,Completed,,10112.13,
ORD-0001546,C10670,2024-08-17 00:00:00,Fatima,Mthembu,Nelspruit,Corporate,Marketplace,Monitor,1.0,7129.83,0.08,170.52,0.15,4568.08,None,Card,Cancelled,,7713.88,
ORD-0001812,C10698,2024-02-05 00:00:00,Thabo,Dlamini,Pretoria,Consumer,Online,Webcam,3.0,1891.8,0.0,99.34,0.15,1314.12,None,Bank Transfer,Completed,,6626.05,
ORD-0003721,C10519,2025-03-07 00:00:00,Daniel,Naidoo,Cape Town,Corporate,Phone,Monitor,1.0,3986.15,0.1,94.98,0.14,3253.51,New Customer,Card,Completed,,4184.77,
ORD-0002076,C10422,2024-02-27 00:00:00,Andile,Botha,Gqeberha,Consumer,Online,Laptop,10.0,21335.48,0.05,47.5,0.15,17041.8,None,EFT,Cancelled,,233137.66,213354.8
ORD-0003706,C12783,2025-07-24 00:00:00,Kabelo,Mthembu,Benoni,Small Business,Marketplace,Printer,5.0,6234.08,0.08,63.99,0.15,4250.03,Back to School,Card,Cancelled,,33042.27,
ORD-0003641,C10320,2024-12-21 00:00:00,Kabelo,Pillay,Durban,Consumer,Online,SSD,4.0,4033.4,0.1,82.87,0.15,2871.59,None,Cash,Completed,,16781.13,
ORD-0001069,C12024,2025-01-01 00:00:00,Fatima,Botha,Johannesburg,Small Business,Marketplace,Monitor,1.0,8444.41,0.05,187.28,0.15,7117.06,None,Mobile Wallet,Completed,,9412.8,
ORD-0002867,C12102,2024-01-01 00:00:00,Kabelo,Williams,Johannesburg,Corporate,Store,Office Chair,1.0,6100.33,0.05,180.21,0.15,5073.94,None,EFT,Completed,Rep D,6844.82,
ORD-0003874,C11749,2024-03-26 00:00:00,Ryan,Williams, johannesburg ,Small Business,Online,Mouse,2.0,1079.76,0.0,203.83,0.15,805.36,Summer Sale,EFT,Completed,,2687.28,
ORD-0000251,C12367,2025-11-13 00:00:00,Jason,Nkosi,Johannesburg,Small Business,Online,Mouse,1.0,336.96,0.2,49.77,0.15,233.36,Black Friday,Card,Cancelled,,359.77,
ORD-0002397,C11501,2024-07-09 00:00:00,Zanele,Smith,Benoni,Corporate,Marketplace,Monitor,3.0,1951.35,0.03,51.38,0.15,1398.49,None,Mobile Wallet,Pending,,6581.56,
ORD-0002264,C12990,2025-09-13 00:00:00,Andile,Khumalo,Johannesburg,Consumer,Online,Printer,1.0,3281.3,0.05,46.4,0.15,2533.93,None,Mobile Wallet,Completed,,3631.22,
ORD-0002059,C11739,2025-03-14 00:00:00,Ryan,Dlamini,Johannesburg,Corporate,Online,Printer,2.0,2894.03,0.03,214.19,0.15,2475.33,None,Mobile Wallet,Completed,,6670.76,
ORD-0005261,C12684,2025-07-14 00:00:00,Ryan,Naidoo,Benoni,Corporate,Store,Headset,2.0,1234.65,0.15,,0.15,853.27,None,EFT,Completed,Rep C,2540.94,
ORD-0000907,C12479,2025-12-27 00:00:00,Thabo,Pillay,PE,Small Business,Online,Monitor,2.0,5678.06,0.1,116.9,0.15,3791.49,None,EFT,Completed,,11870.49,
ORD-0005079,UNKNOWN-5,2025-10-01 00:00:00,Fatima,Dlamini,Pretoria,Small Business,Store,Headset,1.0,1207.49,0.03,79.89,0.15,1010.11,Black Friday,Card,Completed,Rep A,1426.85,
ORD-0002742,C10109,2025-09-03 00:00:00,Megan,Molefe,Gqeberha,Small Business,Online,Tablet,3.0,6311.5,0.05,52.81,0.15,3722.06,Clearance,Card,Completed,,20738.77,
ORD-0002991,C11690,2025-06-21 00:00:00,Kabelo,Naidoo,Johannesburg,Consumer,Store,Router,4.0,1074.46,0.1,129.2,0.15,801.4,New Customer,Mobile Wallet,Completed,Rep B,4577.44,
ORD-0001336,C11989,2024-08-09 00:00:00,Ryan,Pillay,Johannesburg,Consumer,Online,SSD,1.0,2764.84,0.05,105.78,0.15,2301.31,New Customer,Card,Completed,,3126.36,
ORD-0001858,C12003,2024-05-23 00:00:00,Fatima,Naidoo,Johannesburg,Consumer,Online,Webcam,1.0,2069.02,0.0,41.32,0.15,1670.96,None,EFT,Completed,,2420.69,
ORD-0001050,C12204,2025-11-05 00:00:00,Siyanda,Mokoena,Polokwane,Corporate,Online,Tablet,2.0,6716.64,0.0,41.26,0.15,4351.64,Summer Sale,Card,Completed,,15489.54,
ORD-0001372,C12722,2025-03-17 00:00:00,Lerato,Mthembu,Benoni,Corporate,Phone,Monitor,1.0,7339.39,0.1,183.55,0.15,5488.28,None, card ,Cancelled,,7779.83,
ORD-0000073,C11017,2024-05-17 00:00:00,Siyanda,Dlamini,Cape Town,Corporate,Online,Webcam,3.0,597.12,0.1,34.23,0.0,409.48,None,Cash,Cancelled,,1646.45,
ORD-0003114,C12135,2025-06-09 00:00:00,Siyanda,Molefe,Bloemfontein,Small Business,Online,Mouse,3.0,205.39,0.15,49.7,0.15,160.43,New Customer,EFT,Returned,,652.02,
ORD-0002269,C11566,2025-09-11 00:00:00,Nomsa,Dlamini,Benoni,Consumer,Marketplace,Webcam,2.0,503.03,0.05,82.43,0.15,348.59,Payday Promo,EFT,Cancelled,,1181.55,
ORD-0001117,C10519,2024-11-26 00:00:00,Thabo,Pillay,Pretoria,Consumer,Store,Keyboard,1.0,1700.48,0.0,149.18,0.0,1281.12,None,Card,Completed,Rep E,1849.66,
ORD-0002022,C12791,2024-11-21 00:00:00,Siyanda,Nkosi,Cape Town,Consumer,Marketplace,SSD,2.0,3451.68,0.0,123.54,0.15,2117.94, none ,Card,Completed,,8062.4,
ORD-0004455,C12145,2025-08-27 00:00:00,Naledi,Molefe,Nelspruit,Consumer,Online,Keyboard,4.0,1982.89,0.0,38.27,0.15,1482.62,None,Card,Returned,,9159.54,
ORD-0003302,C12034,2024-09-30 00:00:00,Siyanda,Mthembu,Pretoria,Consumer,Phone,,4.0,6773.21,0.0,144.43,0.15,4387.6,Summer Sale,Card,Pending,,31301.2,27092.84
ORD-0005069,C11482,2024-01-21 00:00:00,Mpho,Khumalo,Cape Town,Corporate,Marketplace,Webcam,5.0,905.5,0.1,147.77,0.0,573.12,Payday Promo,Card,Completed,,4222.51,
ORD-0002230,C12064,2024-04-23 00:00:00,Mpho,Mthembu,Johannesburg,Corporate,Online,Keyboard,2.0,1309.92,0.15,73.52,0.15,989.45,Clearance,Cash,Completed,,2634.41,
ORD-0001657,C11600,2024-10-16 00:00:00,Siyanda,Molefe,Johannesburg,Corporate,Online,Mouse,10.0,1068.03,0.1,101.1,0.15,871.97,None,Cash,Completed,,11155.19,
ORD-0002337,C11365,2024-01-06 00:00:00,Daniel,Botha,Pretoria,Corporate,Store,Laptop,1.0,15575.21,0.0,42.21,0.15,13110.15,New Customer,EFT,Returned,Rep E,17953.7,
ORD-0004879,C10917,2024-11-04 00:00:00,Sipho,Patel,Polokwane,Small Business,Marketplace,Printer,4.0,3080.59,0.03,65.2,0.15,2622.76,None,EFT,Returned,,13810.81,
ORD-0002618,C12490,2025-10-17 00:00:00,Ryan,Pillay,Durban,Corporate,Store,Router,1.0,2680.17,0.03,181.8,0.15,1997.65,New Customer,Card,Cancelled,Rep C,3171.53,
ORD-0004827,C12126,2025-12-13 00:00:00,Jason,Dlamini,Gqeberha,Consumer,Marketplace,Mouse,2.0,986.83,0.05,208.75,0.15,761.34,Clearance,Card,Pending,,2364.97,
ORD-0003070,C11294,2024-07-24 00:00:00,Aisha,Naidoo,Cape Town,Consumer,Store,Tablet,3.0,6338.82,0.0,148.63,0.15,4504.67,Black Friday,Card,Completed,Rep A,22017.58,
ORD-0000027,UNKNOWN-17,2025-04-11 00:00:00,Megan,Smith,Cape Town,Consumer,Online,Keyboard,7.0,954.55,0.03,135.0,0.15,773.74,Summer Sale,Card,Completed,,7588.59,
ORD-0005871,C10074,2024-10-27 00:00:00,Zanele,Smith,Johannesburg,Consumer,Phone,Printer,10.0,2347.49,0.0,36.44,0.15,1781.83,None,EFT,Completed,,27032.53,
ORD-0005135,C12502,2024-07-02 00:00:00,Sipho,Pillay,Pretoria,Consumer,Phone,Mouse,4.0,1335.04,0.03,73.06,0.0,953.8,None,Card,Cancelled,,5253.02,
ORD-0001065,C12923,2024-09-07 00:00:00,Andile,Mthembu,Durban,Consumer,Phone,Mouse,3.0,454.07,0.1,70.11,0.0,347.28,None,Mobile Wallet,Completed,,1296.1,
ORD-0000744,C10171,2024-07-18 00:00:00,Aisha,Botha,Benoni,Corporate,Marketplace,Headset,1.0,2679.84,0.0,69.08,0.15,1843.11,None,Mobile Wallet,Completed,,3150.9,
ORD-0003218,C10967,2024-04-07 00:00:00,Naledi,Mthembu,Pretoria,Consumer,Marketplace,Monitor,1.0,3854.15,0.1,128.11,0.15,2886.02,None,Card,Completed,,4117.15,
ORD-0004991,C10908,2025-09-05 00:00:00,Ryan,Smith,Pretoria,Consumer,Online,Monitor,1.0,6833.29,0.08,168.11,0.15,5111.36,None,Mobile Wallet,Pending,,7397.73,
ORD-0001194,C12460,2024-09-21 00:00:00,Lerato,Naidoo,Johannesburg,Consumer,Store,Tablet,1.0,6548.08,0.15,165.63,0.15,5613.27,Black Friday,EFT,Completed,Rep A,6566.38,
ORD-0001790,C10178,2024-05-23 00:00:00,Chloe,Mthembu,Johannesburg,Consumer,Phone,Router,1.0,1116.62,0.1,157.28,0.15,875.34,None,Bank Transfer,Completed,,1312.98,
ORD-0000789,C12847,2024-07-27 00:00:00,Mpho,Williams,Johannesburg,Consumer,Online,Docking Station,1.0,1846.02,0.2,151.71,0.15,1357.9,Clearance,Card,Completed,,1850.05,
ORD-0002036,C10553,2025-10-18 00:00:00,Priya,Naidoo,Pretoria,Consumer,Phone,Mouse,10.0,1165.33,0.03,93.08,0.15,784.0,None,Mobile Wallet,Completed,,13092.36,
ORD-0004109,C10230,2025-09-15 00:00:00,Lerato,Williams,Benoni,Corporate,Store,Mouse,,1252.59,0.05,128.28,0.0,893.42,None,Bank Transfer,Cancelled,,4888.13,
ORD-0005194,C10095,2024-02-17 00:00:00,Andile,Khumalo,Pretoria,Corporate,Store,Keyboard,3.0,1609.12,0.0,62.56,0.15,1172.96,New Customer,Card,Cancelled,Rep E,5614.01,
ORD-0001381,C12693,2025-06-15 00:00:00,Lerato,Nkosi,Benoni,Small Business,Store,Router,10.0,2551.58,0.0,33.34,0.15,1729.23,None,EFT,Pending,Rep B,29376.52,
ORD-0000683,C10826,2025-04-30 00:00:00,Ryan,Nkosi,Cape Town,Consumer,Online,Printer,2.0,4859.34,0.08,158.85,0.0,2978.61,New Customer,Cash,Completed,,9100.03,
ORD-0000202,C11123,2025-09-08 00:00:00,Andile,Botha,Gqeberha,Consumer,Online,Router,3.0,1317.33,0.15,72.54,0.0,843.03,None,Card,Completed,,2343.33,
ORD-0001463,C10850,2024-09-02 00:00:00,Jason,Khumalo,Cape Town,Small Business,Store,Laptop,2.0,13046.84,0.08,178.25,0.15,10605.89,Black Friday,Mobile Wallet,Pending,Rep A,27785.37,
ORD-0000871,C12902,2025-08-24 00:00:00,Lerato,Smith,Cape Town,Consumer,Store,Laptop,3.0,15202.28,0.1,86.28,0.0,8919.5,None,Bank transfer,Cancelled,Rep D,41132.42,
ORD-0000959,C11621,2024-11-25 00:00:00,Aisha,Nkosi,Pretoria,Corporate,Online,Webcam,2.0,1188.39,0.08,166.33,0.15,927.14,None,Cash,Returned,,2680.97,
ORD-0003921,C11906,2025-01-19 00:00:00,Chloe,Pillay,Durban,Consumer,Online,Router,2.0,682.38,0.0,63.88,15%,450.59,None,Card,Completed,,1633.37,
ORD-0003346,C10290,2024-09-07 00:00:00,Andile,Williams,Johannesburg,Corporate,Marketplace,Webcam,1.0,1177.84,0.0,38.5,0.15,939.36,None,EFT,Cancelled,,1393.01,
ORD-0005000,C11023,2025-10-05 00:00:00,Kabelo,Patel,Pretoria,Consumer,Phone, office chair ,2.0,2693.57,0.2,35.55,0.0,1572.56,Clearance,Card,Pending,,4345.26,
ORD-0000568,C10143,2025-01-05 00:00:00,Andile,Molefe,Cape Town,Small Business,Marketplace,Laptop,2.0,16638.7,0.0,110.42,0.15,12145.83,Back to School,Mobile Wallet,Completed,,38379.42,
ORD-0002531,C10766,2024-07-09 00:00:00,Aisha,Botha,Cape Town,Corporate,Online,Mouse,2.0,421.0,0.0,213.21,0.15,246.41,None,Card,Completed,,1181.5,
ORD-0002827,C10320,2024-02-24 00:00:00,Ryan,Botha,Durban,Consumer,Phone,Mouse,1.0,162.68,0.05,137.43,0.15,114.32,None,mobile wallet,Cancelled,,315.16,
ORD-0004372,C12839,2025-08-12 00:00:00,Naledi,Pillay,Johannesburg,Small Business,Online,SSD,3.0,2893.06,0.15,2.67,0.15,2132.22,None,Mobile Wallet,Completed,,8486.57,
ORD-0003587,C10023,2024-09-13 00:00:00,Siyanda,Dlamini,Johannesburg,Consumer,Store,Webcam,4.0,2327.81,0.08,30.71,0.15,1605.27,None,Card,Completed,Rep A,9882.0,
ORD-0004523,C11386,2025-08-20 00:00:00,Sipho,Molefe,Johannesburg,Small Business,Online,Printer,1.0,4823.8,0.0,74.19,0.15,3167.63,None,EFT,Cancelled,,5621.56,
ORD-0003231,C12999,2024-09-20 00:00:00,Mpho,Molefe,Benoni,Consumer,Online,Tablet,1.0,9618.02,0.0,108.57,0.15,7332.85,Summer Sale, mobile wallet ,Returned,,11169.29,
ORD-0005810,C11450,2025-05-24 00:00:00,Siyanda,Mthembu,Benoni,Small Business,Store,Monitor,2.0,8236.0,0.15,213.99,0.15,6230.76,None,Mobile Wallet,returned,Rep C,16315.37,
ORD-0000015,C10848,2025-03-11 00:00:00,Sipho,Botha,Johannesburg,Small Business,Online,Laptop,1.0,16112.42,0.1,90.38,0.15,11280.47,None,Card,Completed,,16766.73,
ORD-0001910,C10549,2024-03-20 00:00:00,Siyanda,Mthembu,Johannesburg,Consumer,Online,Headset,1.0,2508.27,0.0,109.63,0.0,1998.87,None,Mobile Wallet,Cancelled,,2617.9,
ORD-0003693,C10232,2025-01-21 00:00:00,Kabelo,Botha,Johannesburg,Consumer,Online,Keyboard,3.0,1087.44,0.0,3.51,0.15,855.59,None,Card,Completed,,3755.17,
ORD-0002240,C11255,2024-03-04 00:00:00,Siyanda,Williams,Pretoria,Consumer,Online,Office Chair,5.0,6543.99,0.1,142.84,0.15,4039.54,None,EFT,Completed,,34007.97,
ORD-0005033,C10780,2025-10-05 00:00:00,Kabelo,Naidoo,Benoni,Consumer,Online,Monitor,3.0,7153.13,0.03,98.16,0.15,5163.75,Payday Promo,EFT,Completed,,24036.1,
ORD-0005509,C10563,2024-05-03 00:00:00,Fatima,Williams,Polokwane,Small Business,Online,Monitor,3.0,5724.82,0.05,130.26,0.15,3894.41,Payday Promo,Card,Completed,,18893.36,
ORD-0000763,C10807,2024-01-10 00:00:00,Ryan,Patel,Johannesburg,Consumer,Phone,Router,1.0,3278.53,0.08,52.35,0.15,1912.96,Back to School,Card,Completed,,3521.04,
ORD-0004788,C11173,2024-05-09 00:00:00,Siyanda,Khumalo,Polokwane,Consumer,Marketplace, monitor ,2.0,4078.44,0.15,33.34,0.15,3203.75,Payday Promo,Card,Cancelled,,8006.7,
ORD-0003741,C10663,2024-03-18 00:00:00,Kabelo,Mokoena,Pretoria,Small Business,Store,Tablet,2.0,2982.92,0.0,40.62,0.15,2222.68,None,Card,Completed,Rep B,6901.33,
ORD-0005707,C11719,2025-09-08 00:00:00,Daniel,Naidoo,Gqeberha,Consumer,Online,Keyboard,4.0,1210.27,0.05,12.48,0.15,813.53,New Customer,Card,Completed,,5301.36,
ORD-0003512,C11396,2024-12-06 00:00:00,Naledi,Mthembu,Johannesburg,Consumer,Phone,Mouse,1.0,355.63,0.0,82.12,0.15,283.36,None,Card,Completed,,491.1,
ORD-0002065,C10556,2025-10-21 00:00:00,,Molefe,Pretoria,Consumer,Phone,Tablet,5.0,5337.33,0.08,138.28,0.15,3383.93,Back to School,Card,Cancelled,,28372.74,
ORD-0005524,C12838,2024-02-11 00:00:00,Nomsa,Williams,Durban,Consumer,Phone,Printer,3.0,5525.1,0.03,79.44,0.15,3724.6,None,Card,Pending,,18569.2,
ORD-0002705,C12958,2025-04-30 00:00:00,Sipho,Naidoo,Polokwane,Consumer,Marketplace,Laptop,1.0,9662.04,0.08,77.69,0.15,7060.96,Back to School,EFT,Cancelled,,10300.13,
ORD-0003872,C10369,2024-06-04 00:00:00,Thabo,Pillay,Pretoria,Consumer,Phone,Tablet,3.0,9339.59,0.05,20.02,0.15,6153.85,New Customer,Mobile Wallet,Completed,,30630.53,
ORD-0000053,C12161,2024-12-31 00:00:00,Daniel,Mthembu,Bloemfontein,Corporate,Store,Laptop,7.0,21849.79,0.05,23.79,0.15,15069.44,None,Card,Completed,Rep C,167120.09,
ORD-0004955,C10263,28/12/2025,Andile,Mthembu,Gqeberha,Consumer,Online,Monitor,1.0,2460.45,0.15,160.24,0.15,1550.37, new customer ,EFT,Completed,,2565.34,
ORD-0000379,C11567,2025-03-01 00:00:00,Mpho,Mokoena,Pretoria,Small Business,Store,Webcam,4.0,1057.9,0.25,103.92,0.15,810.05,None,Bank Transfer,Completed,Rep A,3753.67,
ORD-0000347,C10384,2024-03-28 00:00:00,Kabelo,Pillay,Johannesburg,Small Business,Phone,Laptop,2.0,8051.84,0.05,153.01,0.15,5162.35,Black Friday,Mobile Wallet,Completed,,17746.28,
ORD-0003837,C10577,2024-10-10 00:00:00,Chloe,Patel,Pretoria,Corporate,Marketplace,Monitor,2.0,5945.45,0.1,151.61,0.15,4530.22,Back to School,Cash,Completed,,12458.7,
ORD 0005391,C12182,2025-07-08 00:00:00,Andile,Smith,Nelspruit,Small Business,Online,Monitor,1.0,4573.45,0.1,210.03,0.15,3904.58,New Customer,Cash,Completed,,4943.55,
ORD-0005988,C12434,2024-08-26 00:00:00,Naledi,Williams,Gqeberha,Consumer,Online,Router,5.0,3644.85,0.1,105.21,0.15,2877.11,None,EFT Transfer,Returned,,18967.33,
ORD-0005910,C11501,2025-01-17 00:00:00,Mpho,Pillay,Johannesburg,Corporate,Online,SSD,1.0,2423.08,0.08,135.25,0.15,1583.95,None,Card,Completed,,2698.87,
ORD-0002111,C12660,2025-07-04 00:00:00,Chloe,Khumalo,Johannesburg,Consumer,Store,Tablet,8.0,6312.05,0.05,43.76,0.15,4080.88,Clearance,Card,Completed,Rep C,55211.09,50496.4
ORD-0000031,C11157,2025-12-23 00:00:00,Jason,,Durban,Consumer,Phone,Webcam,1.0,1399.04,0.03,164.7,0.14,937.7,None,Mobile Wallet,Pending,,1711.76,
ORD-0004740,C11928,2024-10-08 00:00:00,Fatima,Mthembu,Port Elizabeth,Corporate,Online,Mouse,1.0,1020.06,15%,210.79,0.15,784.39,Back to School,Card,Pending,,1207.9,
ORD-0000675,C11173,2025-11-15 00:00:00,Priya,Patel,Johannesburg,Consumer,Marketplace,SSD,1.0,4064.09,0.0,199.63,0.15,3106.73,Back to School,Card,Completed,,4873.33,
ORD-0001919,C12645,2024-04-06 00:00:00,Siyanda,Khumalo,Johannesburg,Corporate,Phone,Monitor,1.0,7031.56,0.1,118.39,0.0,4504.5,None, card ,Pending,,6446.8,
ORD-0002955,C10419,2024-07-28 00:00:00,Megan,Smith,Gqeberha,Corporate,Marketplace,Laptop,1.0,14044.14,0.0,51.99,0.15,11806.19,None,Card,Returned,,16202.75,
ORD-0003437,C12449,16 Sep 2025,Nomsa,Botha,Johannesburg,Small Business,Online,Keyboard,3.0,668.6,0.15,74.87,0.0,508.3,Payday Promo,Card,Completed,,1779.8,
ORD-0001501,C10992,2024-09-27 00:00:00,Megan,Molefe,Cape Town,Small Business,Online,Printer,4.0,3579.28,0.1,48.81,0.15,2362.63,Clearance,Card,Completed,,14867.03,
ORD-0005676,C10106,2024-04-24 00:00:00,Chloe,Williams,Benoni,Small Business,Phone,Laptop,1.0,14635.69,0.03,122.38,0.15,9411.87,None,Card,Pending,,16448.49,
ORD-0005508,C12988,2024-05-08 00:00:00,Sipho,Dlamini,Benoni,Small Business, online ,Headset,1.0,683.52,0.0,116.25,0.15,506.72,Black Friday,Card,Pending,,902.3,
ORD-0005193,C11684,2025-11-20 00:00:00,Ryan,Khumalo,Pretoria,Consumer,Marketplace,Headset,10.0,2094.96,0.05,132.66,0.15,1398.03,None,Card,Returned,,23020.08,
ORD-0004478,C10326,2024-09-27 00:00:00,Naledi,Williams,Cape Town,Small Business,Store,SSD,3.0,2085.06,0.05,128.46,0.0,1596.49,Summer Sale,EFT,Completed,Rep E,6070.88,
ORD-0004684,C11891,2024-05-01 00:00:00,Andile,Khumalo,Bloemfontein,Consumer,Marketplace,Headset,2.0,2674.14,0.05,157.12,0.15,2183.57,None,Card,Pending,,6000.12,
ORD-0005836,C10086,2024-10-28 00:00:00,Siyanda,Mokoena, benoni ,Small Business,Store,Headset,1.0,745.08,0.15,75.68,0.15,540.73,New Customer,Mobile Wallet,Completed,Rep E,804.0,
ORD-0003066,C10094,2024-06-07 00:00:00,Jason,Patel,Durban,Small Business,Store,Laptop,1.0,11930.99,0.05,177.8,0.15,8786.35,Black Friday,Mobile Wallet,Completed,Rep A,13212.4,
ORD-0001488,C12078,2024-12-02 00:00:00,Naledi,Naidoo,Johannesburg,Consumer,Store,SSD,3.0,2263.6,0.1,18.26,0.15,1830.97,New Customer,Card,Pending,Rep E,7046.73,
ORD-0001943,C10127,2024-08-28 00:00:00,Jason,Patel,Pretoria,Consumer,Marketplace,Laptop,2.0,16484.76,0.05,59.42,0.15,10708.7,Summer Sale,Bank Transfer,Completed,,36078.61,
ORD-0002302,C12873,2025-07-18 00:00:00,Zanele,Williams,Pretoria,Small Business,Marketplace,Mouse,2.0,961.61,0.0,129.57,0.15,571.36,None,Card,Completed,,2341.26,
ORD-0002762,C11917,2025-02-05 00:00:00,Sipho,Pillay,Johannesburg,Consumer,Store,Laptop,2.0,10802.44,0.1,97.96,15%,8997.31,New Customer,Bank Transfer,Cancelled,Rep D,22459.02,
ORD-0005615,C10643,2025-07-28 00:00:00,Zanele,Williams,Nelspruit,Corporate,Store,Monitor,3.0,4386.85,0.1,43.38,0.14,3484.31,None,Card,Cancelled,Rep E,13546.1,
ORD-0005013,C10807,2024-07-30 00:00:00,Thabo,Molefe,Johannesburg,Small Business,Online,Printer,3.0,2834.73,0.03,128.27,0.15,1666.39,Clearance,Cash,Pending,,9614.7,
ORD-0000152,C12907,2025-08-12 00:00:00,Daniel,Dlamini,Johannesburg,Consumer,Marketplace,SSD,2.0,4025.28,0.1,170.12,0.15,2566.3,Clearance,EFT,Returned,,8502.45,
ORD-0005881,C12696,2025-12-28 00:00:00,Chloe,Dlamini,Pretoria,Consumer,Marketplace,Webcam,1.0,543.83,0.0,99.01,0.15,452.59,Black Friday,Card,Completed,,724.42,
ORD-0004824,C10695,2024-11-08 00:00:00,Nomsa,Pillay,Johannesburg,Small Business,Marketplace,Docking Station,3.0,2035.67,0.15,53.02,0.0,1731.5,None,Bank Transfer,Returned,,5243.99,
ORD-0003632,C12780,2025-12-04 00:00:00,Mpho,Mokoena,Johannesburg,Consumer,Marketplace,Headset,2.0,488.12,0.25,170.62,0.15,312.15,None,EFT,Cancelled,,1012.62,
ORD-0004919,C11019,2024-12-29 00:00:00,Thabo,Botha,Durban,Corporate,Online,Mouse,1.0,919.58,0.08,177.67,0.15,637.51,None,Bank Transfer,Completed,,1150.58,
ORD-0004094,C12329,2025-05-26 00:00:00,Siyanda,Smith,Johannesburg,Corporate,Phone,Laptop,2.0,9374.29,0.05,136.56,0.14,5722.53,Summer Sale,EFT,Completed,,20441.28,
ORD-0005093,C10752,2025-02-11 00:00:00,Daniel,Pillay,Durban,Consumer,Online,Keyboard,8.0,1627.51,0.0,73.62,0.0,1309.29,None,Card,Completed,,13093.66,
ORD-0000617,C12049,2024-12-06 00:00:00,Naledi,Pillay,Pretoria,Consumer,Online,Webcam,1.0,"R 1,441.12",0.0,176.06,0.15,1138.22,None, mobile wallet ,Pending,,1833.35,
ORD-0003626,C11400,2024-12-23 00:00:00,Jason,Molefe,Durban,Corporate,Marketplace,Docking Station,3.0,4252.77,0.1,105.86,0.15,3306.38,Clearance,Cash,Completed,,13310.71,
ORD-0002251,C11976,2024-12-10 00:00:00,Nomsa,Nkosi,Bloemfontein,Consumer,Online,Mouse,3.0,1362.05,0%,49.22,0.15,1083.32,None,Card,Pending,,4748.3,
ORD-0000975,C12492,2024-07-12 00:00:00,Nomsa,Pillay,Pretoria,Consumer,Online,Router,3.0,2740.35,0.1,30.43,14%,2175.58,None,Card,Completed,,8465.23,
ORD-0004413,C10141,2024-11-17 00:00:00,Lerato,Botha,Durban,Corporate,Online,Monitor,3.0,5877.66,0.1,148.42,0.15,4129.51,Clearance,EFT,Completed,,18398.57,
ORD-0000094,C11915,2025-12-12 00:00:00,Chloe,Mthembu,Gqeberha,Consumer,Store,Keyboard,3.0,623.96,0.05,45.11,0.15,394.18, none ,Bank Transfer,Completed,Rep C,2090.14,
ORD-0001449,C11668,2024-01-04 00:00:00,Lerato,Botha,Cape Town,Corporate,Online,Laptop,5.0,12740.17,0.05,9.3,0.15,9472.21,None,Bank transfer,Completed,,69602.49,
ORD-0002376,C12494,2025-05-02 00:00:00,Naledi,Mthembu,Polokwane,Corporate,Online,Headset,5.0,1625.67,0.05,35.43,0.15,1272.94,None,Cash,Completed,,8915.67,
ORD-0003576,C11895,2024-05-30 00:00:00,Siyanda,Naidoo,Benoni,Consumer,Phone,Mouse,3.0,779.58,0.1,23.21,0.15,616.35,None,Card,Pending,,2443.8,
ORD-0003941,C11054,2024-07-24 00:00:00,Chloe,Pillay,Johannesburg,Corporate,Phone,Mouse,7.0,909.56,0.1,59.06,0.15,707.96,None,Card,Returned,,6648.81,
ORD-0004055,C12736,2024-11-19 00:00:00,Fatima,Mthembu,Gqeberha,Corporate,Online,Laptop,7.0,18612.55,0.2,64.78,0.15,15735.0,None,Card,Completed,,119929.57,
ORD-0004051,C10728,2024-06-11 00:00:00,Andile,Patel,Gqeberha,Small Business,Online,SSD,1.0,3094.07,0.1,133.02,0.15,2510.77,New Customer,Card,Completed,,3335.38,
ORD-0005075,C11138,2024-02-21 00:00:00,Fatima,Molefe,Bloemfontein,Consumer,Store,Docking Station,2.0,3391.65,0.08,162.37,0.14,2353.35,Payday Promo,Bank Transfer,Pending,Rep B,7276.69,
ORD-0005726,C12140,2024-05-28 00:00:00,Naledi,Smith,Durban,Consumer,Store,Laptop,3.0,14772.52,0.1,9.08,0.15,12103.0,None,Card,Completed,Rep B,45877.76,
ORD-0004763,C12219,2024-10-02 00:00:00,Kabelo,Smith,Benoni,Small Business,Store,Keyboard,4.0,631.46,0.03,128.86,15%,528.73,New Customer,Card,Completed,Rep A,2946.46,
ORD-0002764,C12670,2024-04-22 00:00:00,,Pillay,Bloemfontein,Corporate,Marketplace,Laptop,2.0,17680.0,0.2,175.92,0.15,13836.33,Clearance,Card,Completed,,32707.12,
ORD-0005653,C11608,2024-09-03 00:00:00,Andile,Naidoo,Pretoria,Corporate,Online,Office Chair,1.0,2444.02,0.1,212.25,0.0,1917.25,None,Card,Pending,,2411.86,
ORD-0000406,C11440,2025-06-25 00:00:00,Nomsa,Mthembu, pretoria ,Corporate,Phone,Tablet,1.0,6457.32,0.05,217.36,0.15,5331.33,None,Cash,Pending,,7271.98,
ORD-0002627,C10484,2024-11-22 00:00:00,Ryan,Dlamini,Cape Town,Corporate,Online,Router,4.0,1396.54,0.0,66.42,0.15,853.42,None,Card,Completed,,6490.5,
ORD-0001647,C11187,2024-11-16 00:00:00,Aisha,Pillay,Cape Town,Corporate,Phone,Monitor,2.0,8282.38,0.05,157.27,0.15,5866.75,None,EFT,Pending,,18254.27,
ORD-0002872,C11948,2024-11-30 00:00:00,Daniel,Mthembu,Johannesburg,Consumer,Online,Webcam,2.0,927.48,0.05,87.81,0.15,625.34,None,Mobile Wallet,Completed,,2114.36,
ORD-0000489,C11106,2024-03-13 00:00:00,Fatima,Naidoo,Pretoria,Consumer,Store,Webcam,2.0,1858.72,0.0,213.38,0.15,1491.65,None,EFT,Completed,Rep C,4488.45,
ORD-0001465,C10431,2024-11-14 00:00:00,Fatima,Naidoo,Johannesburg,Consumer,Online,Printer,3.0,2080.16,0.05,35.8,0.0,1667.13,None,Bank Transfer,Completed,,5964.27,
ORD-0002410,C11582,2025-09-14 00:00:00,Kabelo,Nkosi,Benoni,Corporate,Online,Mouse,1.0,623.42,0.15,191.72,0.15,391.93, none ,Card,Returned,,801.11,
ORD-0005903,C12686,2025/01/28,Naledi,Pillay,Pretoria,Consumer,Marketplace,Router,6.0,1109.1,0.08,0.71,0.15,776.53,None,Cash,Returned,,7041.3,
ORD-0004725,C12780,2024-05-26 00:00:00,Mpho,Botha,Cape Town,Consumer,Marketplace,Monitor,3.0,4042.21,0.0,31.29,0.15,2839.69,None,EFT,Cancelled,,13976.91,
ORD-0005136,C10496,2025-07-13 00:00:00,Zanele,Dlamini,Johannesburg,Small Business,Marketplace,Webcam,5.0,712.25,0.0,89.91,0.15,597.03,None,Card,Cancelled,,4185.34,
ORD-0004118,C12311,2024-10-24 00:00:00,Nomsa,Dlamini,Durban,Corporate,Online,Keyboard,10.0,561.86,0.08,142.08,0.15,332.42,Payday Promo,Card,Completed,,6086.6,
ORD-0004456,C11846,2025-09-10 00:00:00,Ryan,Nkosi,Cape Town,Consumer,Marketplace,Laptop,2.0,11910.55,0.0,145.62,0.15,9972.66,None,EFT,Cancelled,,27539.9,
ORD-0003147,C11105,2025-03-04 00:00:00,Siyanda,Naidoo,Durban,Consumer,Online,Tablet,1.0,8109.03,0.15,40.25,0.15,6959.35, none ,Card,Completed,,7966.82,
ORD-0004229,C11526,2025-02-01 00:00:00,Megan,Dlamini,Johannesburg,Consumer,Online,Mouse,4.0,1226.13,0.0,64.51,0.15,1024.84,Black Friday,Mobile Wallet,Cancelled,,5704.69,
ORD-0002588,C10814,2025-06-03 00:00:00,Lerato,Nkosi,Polokwane,Consumer,Online,Webcam,6.0,1799.04,0.08,121.84,0.0,1448.0,None,Card,Completed,,10052.56,
ORD-0002720,C11982,2025-08-13 00:00:00,Lerato,Patel,Bloemfontein,Consumer,Marketplace,Office Chair,5.0,6604.12,0.03,7.39,0.15,4664.32,None,EFT,Returned,,36841.9,
ORD-0003046,C11876,2024-01-04 00:00:00,Nomsa,Molefe,Nelspruit,Corporate,Phone,Webcam,3.0,1849.16,0.05,80.95,0.15,1200.53,None,Bank Transfer,Completed,,6141.57,
ORD-0004926,C12125,2025-08-29 00:00:00,Lerato,Dlamini,Gqeberha,Small Business,Online,SSD,2.0,2404.06,0.08,124.63,0.15,1700.5,Payday Promo,Cash,Completed,,5211.61,
ORD-0000087,C12254,2025-12-21 00:00:00,Daniel,Pillay,Johannesburg, consumer ,Store,Keyboard,7.0,1400.86,0.08,105.36,0.15,982.05,Summer Sale,EFT,Returned,Rep A,10480.12,
ORD-0001371,C10080,2024-06-15 00:00:00,Zanele,Patel,Johannesburg,Corporate,Online,Router,1.0,3374.34,0.2,69.24,0.15,2381.92,None,Card,Returned,,3173.63,
ORD-0001417,C12871,2024-03-27 00:00:00,Aisha,Smith,Benoni,Small Business,Online,Headset,2.0,1006.27,0.05,109.1,0.0,726.35,None,Cash,Completed,,2021.0,
ORD-0000433,C11049,2025-04-09 00:00:00,Daniel,Naidoo, cape town ,Corporate,Marketplace,Printer,2.0,4495.81,0.05,163.85,0.14,3200.02,None,Mobile Wallet,Completed,,9901.78,
ORD-0002048,C11250,2025-04-04 00:00:00,Priya,Mthembu,,Consumer,Marketplace,Laptop,3.0,13516.34,15%,98.9,0.15,8321.18,None,Cash,Completed,,39735.55,
ORD-0001001,C12739,2024-10-25 00:00:00,Zanele,Dlamini,Cape Town,Small Business,Marketplace,Keyboard,10.0,1694.13,0.05,21.94,0.15,1360.47,None,EFT,Completed,,18530.28,
ORD-0000879,C10647,2024-02-01 00:00:00,Daniel,Nkosi,Cape Town,Consumer,Phone,Tablet,1.0,6700.76,0.0,91.54,0.15,4177.34,None,Card,Completed,,7797.42,
ORD-0000392,C12104,2025-07-13 00:00:00,Fatima,Mokoena,Johannesburg,Consumer,Online,Docking Station,8.0,1651.52,0.0,136.5,0.0,1349.3,None,Cash,Completed,,13348.65,
ORD 0003637,C10687,2025-11-01 00:00:00,Jason,Molefe,Johannesburg,Corporate,Online,Webcam,1.0,908.25,0.0,169.01,0.15,722.6,Black Friday,Card,Completed,,1213.5,
ORD-0002642,C11824,2025-10-18 00:00:00,Andile,Mokoena,Johannesburg,Consumer,Online,HEADSET,5.0,526.4,0.05,29.65,0.15,311.36,None,Mobile Wallet,Completed,,2905.11,
ORD-0004198,C11735,2024-10-06 00:00:00,Priya,Khumalo,Johannesburg,Corporate,Phone,Docking Station,4.0,2544.8,0.15,125.06,0.15,1597.43,None,Card,Completed,,10075.24,
ORD-0003331,C12397,2024-11-28 00:00:00,Kabelo,Molefe,Johannesburg,Small Business,Online,Mouse,3.0,1253.36,0.15,49.6,0.15,861.24,New Customer, mobile wallet ,Returned,,3725.08,
ORD-0000982,C12581,2024-09-17 00:00:00,Lerato,Mthembu,Cape Town,Consumer,Online,Router,6.0,2338.76,0.1,128.17,0.15,1980.11,None,EFT,Returned,,14651.85,
ORD-0001390,C11715,2025-05-01 00:00:00,Aisha,Naidoo,Nelspruit,Consumer,Online,Headset,1.0,2530.05,0.1,74.58,0.0,2102.04,None,Card,Completed,,2351.62,
ORD-0005566,C12397,2025-08-16 00:00:00,Andile,Botha,Pretoria,Consumer,Online,Keyboard,6.0,1934.16,0.03,84.24,0.15,1273.26,None,Card,Completed,,13029.58,
ORD-0005469,C10834,2025-06-09 00:00:00,Ryan,Dlamini,Johannesburg,Consumer,Online,Docking Station,2.0,4293.43,0.15,108.11,0.0,2746.2,None,Card,Pending,,7406.95,
ORD-0002444,C11630,2025-05-06 00:00:00,Ryan,Smith,Benoni,Small Business,Marketplace,Keyboard,1.0,545.42,0.15,120.5,0.15,454.81,Back to School,Card,Pending,,653.65,
ORD-0002505,C12637,2024-08-09 00:00:00,Chloe,Mokoena,Gqeberha,Consumer,Online,Mouse,1.0,1166.7,0.03,163.17,0.15,781.48,None,Mobile Wallet,Completed,,1464.62,
ORD-0001952,C10011,2025-05-24 00:00:00,Lerato,Molefe,Bloemfontein,Consumer,Phone,Webcam,4.0,1149.7,0.15,139.19,0.15,889.82,None,Cash,Completed,,4634.52,
ORD-0005200,C11671,2025-03-09 00:00:00,Thabo,Patel,Cape Town,Consumer,Phone,Keyboard,2.0,1004.41,0.0,208.83,0.15,646.78,,EFT,Returned,,2518.97,
ORD-0000619,C11252,2024-08-25 00:00:00,Priya,Nkosi,Cape Town,Corporate,Store,Keyboard,3.0,1322.65,0.0,149.31,0.15,1079.42,None,Card,Pending,Rep E,4712.45,
ORD-0004233,C10758,2024-11-22 00:00:00,Jason,Williams,Durban,Small business,Online,Tablet,1.0,4166.02,0%,84.68,0.0,3529.96,None,Card,Completed,,4250.71,
ORD-0004068,C11425,2024-12-06 00:00:00,Lerato,Dlamini,Johannesburg,Corporate,Online,Monitor,1.0,1817.28,0.0,96.95,0.15,1337.4,None,Cash,Completed,,2186.83,
ORD-0002377,C12419,2024-11-23 00:00:00,Fatima,Patel,Gqeberha,Consumer,Online,Headset,6.0,1393.95,0.08,60.4,0.15,1119.34,Payday Promo,Card,Completed,,8909.17,
ORD-0001278,C12771,2025-08-04 00:00:00,Kabelo,Molefe,Pretoria,Small Business,Phone,Tablet,2.0,6410.13,0.15,122.13,,4306.79,Back to School,Card,Cancelled,,12653.94,
ORD-0000263,C10378,2025-01-23 00:00:00,Daniel,Pillay,Gqeberha,,Online,Webcam,2.0,1443.9,-0.1,34.66,0.15,899.31,Clearance,Card,Completed,,3189.58,2887.8
ORD-0002935,C11001,2024-08-04 00:00:00,Jason,Pillay,Johannesburg,Consumer,Online,HEADSET,10.0,19070.02,0.1,143.33,0.15,12798.38,Back to School,EFT,Pending,,197518.07,
ORD-0005127,C10045,2025/07/20,Chloe,Molefe,Benoni,Consumer,Phone, docking station ,4.0,4748.01,0.05,76.64,0.15,2782.84,None,Cash,Completed,,20825.43,
ORD-0004773,C12188,2024-08-26 00:00:00,Sipho,Williams,Benoni,Consumer,Online,Tablet,2.0,9916.46,0.1,129.5,0.15,8045.29,None,Card,Cancelled,,20656.57,
ORD-0004098,C12517,2025-10-11 00:00:00,Siyanda,Naidoo,Benoni,Corporate,Online,Monitor,1.0,3331.71,0.05,88.1,0.15,2171.49,None,Bank Transfer,Completed,,3727.99,
ORD-0004582,C12702,2025-08-28 00:00:00,Aisha,Pillay,Gqeberha,Consumer,Marketplace,Monitor,7.0,4548.04,0.1,103.12,0.15,3590.97,None,Card,Returned,,33053.64,
ORD-0005370,C12575,2024-10-20 00:00:00,Naledi,Pillay,Johannesburg,Consumer,Marketplace,Headset,1.0,2338.71,0%,185.34,0.15,1618.24,None,Card,Completed,,2874.86,
ORD-0004390,C10186,2025-06-15 00:00:00,Fatima,Pillay,Johannesburg,Consumer,Store,SSD,2.0,3434.25,0.1,138.47,0.15,2408.07,None,Card,Completed,Rep E,7247.36,
ORD-0000645,C11950,2025-12-23 00:00:00,Thabo,Mthembu,Pretoria,Consumer,Online,Laptop,1.0,12186.24,0.15,202.3,0.15,9973.28,,Mobile Wallet,Returned,,12114.35,
ORD-0004305,C10200,2024-02-28 00:00:00,Kabelo,Pillay,Nelspruit,Consumer,Marketplace,Laptop,2.0,12561.08,0.15,81.22,0.15,10764.75,Black Friday,Card,Pending,,24638.14,
ORD-0005989,C10664,2024-02-29 00:00:00,Sipho,Nkosi,Benoni,Consumer,Marketplace,Keyboard,1.0,286.42,0.0,159.95,0.15,193.0,Summer Sale,Card, completed ,,489.34,
ORD-0004818,C12849,2025-10-14 00:00:00,Megan,Mokoena,Pretoria,Corporate,Phone,Tablet,2.0,5602.96,0.0,117.7,0.15,4663.11,None,Bank Transfer,Completed,,13004.51,
ORD-0003406,C12311,2025-08-02 00:00:00,Andile,Smith,Polokwane,Consumer,Online,Monitor,3.0,2292.26,0.1,83.71,0.15,1482.02, none ,EFT,Completed,,7201.18,
ORD-0004823,C11342,2025-03-30 00:00:00,Kabelo,Pillay,Johannesburg,Consumer,Store,Headset,4.0,789.13,0.05,136.39,0.0,570.02,None,Card,Returned,Rep E,3135.09,
ORD-0002934,C10859,2025-03-07 00:00:00,Megan,Botha,Nelspruit,Consumer,Store,,1.0,813.15,0.0,166.7,0.15,606.28,None,Card,Completed,Rep E,1101.81,
ORD-0003927,C11515,2025-05-25 00:00:00,Fatima,Smith, pretoria ,Consumer,Phone,Mouse,4.0,997.91,0.15,52.79,0.15,643.1,Black Friday,Card,Completed,,3954.64,
ORD-0003846,C12839,2024-05-31 00:00:00,Priya,Mokoena,Durban,Small Business,Online,Docking Station,2.0,4271.64,0.0,91.86,0.15,2590.04,None,Card,Completed,,9916.63,
ORD-0002632,C12265,,Kabelo,Botha,Polokwane,Consumer,Online,Docking Station,1.0,4620.41,0.15,162.06,0.14,3081.42,Black Friday,EFT Transfer,Completed,,4639.24,
ORD-0005138,C11228,2024-05-18 00:00:00,Megan,Dlamini,Johannesburg,Small Business,Online,Mouse,2.0,1138.5,0.1,218.26,0.14,701.28,None,EFT,Completed,,2554.46,
ORD-0000974,C10355,2024-11-09 00:00:00,Naledi,Molefe,Gqeberha,Consumer,Online,Laptop,2.0,10174.19,0.05,187.31,0.15,6623.97,None,EFT,Completed,,22417.93,
ORD-0005979,C11249,2024-06-22 00:00:00,Daniel,Patel,Johannesburg, small business ,Marketplace,Office Chair,10.0,2142.29,0.0,107.38,0.15,1662.91,None,EFT,Completed,,24743.73,
ORD-0005790,C11583,2025-04-17 00:00:00,Thabo,Pillay,Durban,Corporate,Online,Headset,2.0,2794.56,0.0,118.57,0.15,2355.13,None,Card,Completed,,6546.07,
ORD-0000936,C11018,2025-08-03 00:00:00,Lerato,Mokoena,Johannesburg,Consumer,Store,Mouse,3.0,1142.64,0.05,27.48,0.15,934.16,None,Card,Cancelled,Rep B,3772.47,
ORD-0003780,C11844,2024-09-24 00:00:00,Zanele,Smith,Johannesburg, corporate ,Online,Monitor,2.0,8064.91,0.0,182.7,0.15,5540.47,None,EFT,Completed,,18731.99,
ORD-0002458,C11122,2024-06-08 00:00:00,Fatima,Nkosi,Johannesburg,Consumer,Online,Webcam,1.0,2188.15,0.08,54.07,0.15,1701.59,Summer Sale,Card,Completed,,2369.13,
ORD-0002722,C11358,2024-03-23 00:00:00,Siyanda,Pillay,Pretoria,Small Business,Marketplace,Router,1.0,3630.78,0.1,71.03,0.15,2295.22,None,Bank Transfer,Cancelled,,3828.89,
ORD-0001244,C10345,2025-11-26 00:00:00,Aisha,Patel,Bloemfontein,Consumer,Marketplace,Keyboard,1.0,1464.19,0.1,60.67,0.15,1097.69,None,Card,Completed,,1576.1,
ORD-0000412,C10612,2025-01-07 00:00:00,Chloe,Khumalo,Nelspruit,Small Business,Marketplace,Laptop,6.0,15005.52,0.08,67.67,0.14,9243.78,None,Card,Returned,,94494.4,
ORD-0004797,C10022,2024-05-06 00:00:00,Sipho,Mokoena,Nelspruit,Consumer,Phone,Office Chair,1.0,2696.08,0.05,208.17,0.15,2146.46,Back to School,EFT,Cancelled,,3153.64,
ORD-0004964,C11041,2024-06-06 00:00:00,Andile,Patel,Pretoria,Consumer,Online,Webcam,5.0,996.01,0.15,58.76,0.15,713.76,None,Card,Completed,,4926.77,
ORD-0002989,C10353,2025-12-19 00:00:00,Daniel,Khumalo,Durban,Corporate,Phone,Keyboard,4.0,1210.09,0.15,55.58,0.15,798.66,None,Card,Cancelled,,4787.04,
ORD-0002082,C10989,2025-06-23 00:00:00,Lerato,Naidoo,Bloemfontein,Consumer,Phone,Router,4.0,3257.38,0.05,95.2,0.15,2104.25,Summer Sale,Card,Completed,,14329.94,
ORD-0001871,C10684,2024-07-11 00:00:00,Priya,Patel,,Consumer,Online, tablet ,4.0,10453.2,0.0,15.48,0.15,7272.5,None,Bank Transfer,Completed,,48100.19,
ORD-0001533,C12392,2025-08-02 00:00:00,Daniel,Nkosi,Bloemfontein,Small Business, online ,Laptop,1.0,12216.71,0.05,116.27,0.15,8161.39,New Customer,Card,Pending,,13463.02,
ORD-0003642,C12153,2024-02-21 00:00:00,Kabelo,Dlamini,Benoni,Corporate,Store,Monitor,3.0,2857.4,0.03,23.9,0.14,1921.94,None,EFT,Completed,Rep C,9503.03,
ORD-0000481,C10822,2024-12-23 00:00:00,Jason,Mokoena,Cape Town,Small Business,Phone,Tablet,6.0,3647.41,0.08,71.7,0.15,2258.1,None,Card,Returned,,23225.45,
ORD-0000420,C11734,2024-03-02 00:00:00,Nomsa,Pillay,Cape Town,Consumer,Phone,Mouse,1.0,547.2,0.05,181.24,0.15,330.88,None,Card,Pending,,779.05,
ORD-0000144,C11990,2025-11-12 00:00:00,Chloe,Smith,Johannesburg,Consumer,Online,Mouse,1.0,1218.03,0.05,31.4,0.15,730.35,Payday Promo,Card,Completed,,1362.1,
ORD-0003055,C10225,2025-06-11 00:00:00,Andile,Williams,Johannesburg,Small Business,Online,Router,1.0,2667.18,0.05,209.71,0.15,2280.46,None,Bank Transfer,Completed,,3123.6,
ORD-0004505,C11528,2024-10-25 00:00:00,Siyanda,Williams,Cape Town,Corporate,Online,Mouse,1.0,846.9,0.0,152.67,0.15,551.84,Summer Sale,Card,Completed,,1126.6,
ORD-0001570,C11153,2024-12-11 00:00:00,Mpho,Molefe,Durban,Corporate,Online,Router,2.0,3778.28,0.0,115.02,0.15,2432.44,Summer Sale,Mobile Wallet,Completed,,9124.23,
ORD-0005186,C10319,2024-11-05 00:00:00,Mpho,Patel,Pretoria,Consumer,Online,Laptop,1.0,15267.76,0.1,115.15,0.15,9594.98,Payday Promo,Card,Completed,,15917.27,
ORD-0001668,C10247,2025-07-20 00:00:00,Thabo,Mokoena,Nelspruit,Consumer,Online,Mouse,2.0,266.23,0.2,128.72,0.15,165.33,None,Bank Transfer,Completed,,618.57,
ORD-0005116,C11613,2025-12-23 00:00:00,Kabelo,Botha,Durban,Consumer,Online,Router,3.0,2847.07,0.0,127.77,0.15,1932.63,None,Cash,Completed,,9950.16,
ORD-0005228,C12653,2024-02-16 00:00:00,Kabelo,Mthembu,Pretoria,Consumer,Marketplace,Monitor,1.0,3916.89,0.08,100.94,0.15,3205.5,None,Mobile Wallet,Completed,,4245.01,
ORD-0004906,C11040,2025-10-05 00:00:00,Sipho,Naidoo,Johannesburg,Consumer,Online,Tablet,3.0,10105.68,0.15,87.79,0.15,6331.37,None,Card,Completed,,29722.71,
ORD-0003169,C11199,2025-10-01 00:00:00,Nomsa,Nkosi,Johannesburg,Corporate,Marketplace,Webcam,1.0,582.0,0.05,168.29,0.15,477.22,Clearance,Cash,Cancelled,,804.12,582.0
ORD-0005875,C11675,2025/08/03,Nomsa,Patel,Pretoria,Corporate,Marketplace,Monitor,1.0,6216.54,0.0,208.37,0.15,4881.67,Summer Sale,Card,Cancelled,,7357.39,
ORD-0003862,C10872,2024-08-14 00:00:00,Naledi,Patel,Polokwane,Consumer,Store,Office Chair,3.0,5118.07,0.1,114.84,0.15,3568.0,Summer Sale,Card,Completed,Rep B,16006.45,
ORD-0001103,C12181,2025-12-09 00:00:00,Chloe,Khumalo,Cape Town,Consumer,Store,Printer,4.0,4929.83,0.05,36.8,0.15,3795.39,None,Bank Transfer,Completed,Rep E,21580.16,
ORD-0004746,C11749,2024-08-08 00:00:00,Mpho,Patel,CapeTown,Consumer,Phone,Printer,4.0,2779.54,0.1,66.09,0.15,2180.71,Payday Promo,Cash,Completed,,11573.4,
ORD-0001145,C12713,2024-01-16 00:00:00,Sipho,Smith,Durban,Consumer,Marketplace,Laptop,1.0,16831.37,0.1,30.66,0.15,13334.92,Back to School,EFT,Completed,,17451.12,
ORD-0004332,C12180,2024-08-15 00:00:00,Priya,Williams,Durban,Corporate,Phone,Headset,2.0,2446.95,0.08,200.5,0.15,1623.78,None,Card,Cancelled,,5378.24,
ORD-0000343,C11670,2024-07-01 00:00:00,Fatima,Williams,Johannesburg,Small Business,Phone,Mouse,3.0,795.52,0.1,81.49,0.15,612.59,None,EFT,Completed,,2551.58,
ORD-0001192,C12645,2024-07-02 00:00:00,Zanele,Molefe,Johannesburg,Consumer,Marketplace,Office Chair,2.0,8107.19,0.0,184.55,0.15,6196.16,None,Cash,Cancelled,,18831.1,
ORD-0003030,C11554,2025-03-30 00:00:00,Siyanda,Botha,Polokwane,Corporate,Store,Headset,6.0,621.01,10%,142.68,0.15,470.95,None,EFT,Completed,Rep D,3999.17,
ORD-0004311,C10854,2025-05-30 00:00:00,Daniel,Naidoo,Durban,Corporate,Phone,Tablet,4.0,4696.15,,97.22,0.15,3381.83,None,Card,Completed,,21699.51,
ORD-0003510,C11669,2024-12-31 00:00:00,Zanele,Naidoo,Johannesburg,Consumer,Online,Webcam,2.0,2030.03,0.05,88.64,0.15,1420.37,Clearance,Mobile Wallet,Completed,,4524.25,
ORD-0005807,C11885,2025-12-25 00:00:00,Chloe,Patel,Bloemfontein,Corporate,Store,Tablet,3.0,7539.34,0.0,110.71,0.15,6384.45,None,Cash,Completed,Rep D,26121.42,
ORD-0005821,C10336,2025-01-21 00:00:00,Lerato,Pillay,Johannesburg,Consumer,Online,Printer,1.0,2429.79,0.08,41.61,0.15,1636.39,None,Mobile Wallet,Completed,,2612.33,
ORD-0001210,C11677,2025-07-03 00:00:00,Priya,Mthembu,Nelspruit,Consumer,Online,Laptop,2.0,12846.09,0.0,77.89,0.15,10884.79,None,Card,Pending,,29623.9,
ORD-0005047,C12967,2025-02-23 00:00:00,Kabelo,Botha,Gqeberha,Consumer,Store, headset ,2.0,912.78,0.08,96.48,0.15,680.14,None,Bank Transfer,Returned,Rep A,2027.93,
ORD-0003625,C12090,2025-05-16 00:00:00,Jason,Khumalo,Polokwane,Corporate,Marketplace,Monitor,1.0,4525.7,0.0,191.55,0.15,2696.07,New Customer,Card,Returned,,5396.1,
ORD-0000552,C10252,2025-07-01 00:00:00,Siyanda,Molefe,Pretoria,Consumer,Marketplace,SSD,4.0,3745.42,0.03,81.7,0.15,2566.46,Clearance,Card,Pending,,16793.79,
ORD-0004432,C10883,2025-09-30 00:00:00,Jason,Williams,Nelspruit,Corporate,Store,Office Chair,4.0,7060.53,0.15,5.67,0.15,6029.26,Clearance,Bank Transfer,Completed,Rep B,27612.36,
ORD-0004445,C10515,2024-04-28 00:00:00,Zanele,Molefe,Johannesburg,Corporate,Phone,Mouse,5.0,1120.39,0.1,117.47,0.15,686.87,None,Bank Transfer,Completed,,5915.47,
ORD-0000422,C10418,2025-09-21 00:00:00,Megan,Naidoo,Johannesburg,Consumer,Store,Headset,4.0,2008.34,0.0,81.77,0.15,1512.93,None,Card,Completed,Rep A,9320.12,
ORD-0001373,C11830,2025-11-17 00:00:00,Mpho,Botha,Durban,Corporate,Marketplace,Laptop,4.0,9767.26,0.15,73.88,0.15,8086.51,None,Card,Completed,,38263.88,
ORD-0000527,C12065,2024-05-26 00:00:00,Daniel,Smith,Gqeberha,Consumer,Online,Laptop,1.0,21521.04,0.0,95.35,0.15,17732.6,Clearance,Card,Completed,,24844.55,
ORD-0003257,C11956,2024-03-23 00:00:00,Chloe,Naidoo,Johannesburg,Corporate,Phone,Tablet,4.0,6115.93,0.1,123.33,0.0,5204.44,None,Card,Returned,,22140.69,
ORD-0004297,C12798,2024-04-10 00:00:00,Naledi,Botha,Cape Town,Consumer,Store,Webcam,1.0,2032.24,0.1,86.87,0.0,1360.06,Back to School,Card,Returned,Rep D,1915.89,
ORD-0003969,C11727,2024-01-23 00:00:00,Zanele,Mthembu,Pretoria,Consumer,Online,Headset,4.0,427.47,0.0,,0.15,308.95,Summer Sale, eft ,Completed,,2007.97,
ORD-0001814,C11661,2024-04-11 00:00:00,Megan,Botha,Pretoria,Consumer,Online,Docking Station,2.0,2241.77,0.15,212.21,0.15,1669.28,None,Card,Completed,,4594.87,
ORD-0005826,C11840,2025-02-10 00:00:00,Megan,Khumalo,Benoni,Corporate,Online,Headset,1.0,2764.27,0.0,46.69,0.15,1839.09,None,EFT,Completed,,3225.6,
ORD-0003541,C11668,2025-02-05 00:00:00,Ryan,Naidoo,Durban,Consumer,Phone,Webcam,1.0,893.61,0.1,97.89,0.15,543.4,None,Card,Cancelled,,1022.78,
ORD-0004560,C10787,2024-01-22 00:00:00,Daniel,Williams,Johannesburg,Consumer,Online,Tablet,5.0,5367.99,0.1,116.56,0.15,3567.03,None,Card,Returned,,27895.93,
ORD-0004373,UNKNOWN-25,2025-01-23 00:00:00,Megan,Mthembu,Durban,Consumer,Online,Tablet,1.0,8639.0,0.2,50.45,0.15,5578.15,None,Card,Completed,,7998.33,
ORD-0005346,C11391,2024-01-12 00:00:00,Aisha,Patel,Pretoria,Consumer,Online,Mouse,4.0,464.63,0.03,44.81,0.15,335.71,None,Mobile Wallet,Completed,,2118.01,
ORD-0004511,C10217,2024-07-12 00:00:00,Andile,Williams,Johannesburg,Consumer,Store,Laptop,2.0,9926.47,0.0,156.45,0.15,8451.91,None,Card,Cancelled,Rep A,22987.33,
ORD-0004323,C11475,2024-06-12 00:00:00,,Smith,Johannesburg,Consumer,Online,Monitor,4.0,2976.14,0.08,140.28,0.0,2474.06,None,EFT,Completed,,11092.49,
ORD-0005025,C12391,2024-02-06 00:00:00,Chloe,Mokoena,Johannesburg,Consumer,Online,SSD,8.0,3884.65,0.03,58.3,0.15,3227.43,None,Card,Completed,,34724.89,
ORD-0002649,C12654,2025-09-27 00:00:00,Lerato,Pillay,Johannesburg,Corporate,Online,SSD,3.0,3675.69,0.08,70.07,0.15,2920.38,Black Friday,Card,Completed,,11736.69,
ORD-0004851,C10797,28 Oct 2025,Thabo,Smith,Johannesburg,Consumer,Online,Laptop,5.0,14317.25,0.1,83.74,0.15,10898.57,None,Card,Completed,,74175.51,
ORD-0002662,C10220,2025-09-23 00:00:00,Kabelo,Mthembu,Polokwane,Consumer,Online,Laptop,1.0,18658.89,0.0,198.92,0.15,15764.17,Summer Sale,Card,Pending,,21656.65,
ORD-0003424,C11217,2025-04-10 00:00:00,Mpho,Pillay,Benoni,Consumer,Online,Keyboard,1.0,780.45,0.0,128.78,0.15,469.75,Clearance,Card,Completed,,1026.29,
ORD-0002336,C10283,2024-08-05 00:00:00,Mpho,Khumalo,Johannesburg,Consumer,Online,SSD,2.0,1651.22,0.0,34.77,0.15,1049.96, payday promo ,Mobile Wallet,Completed,,3832.58,
ORD-0005455,C10846,2024-08-05 00:00:00,Sipho,Nkosi,Durban,Corporate,Online,Printer,2.0,2468.44,0.08,171.58,0.15,1556.09,None,Card,Completed,,5394.79,
ORD-0003987,C10878,2025-05-27 00:00:00,Naledi,Dlamini,Johannesburg,Corporate,Online,Headset,1.0,1666.32,0.08,59.59,0.15,1036.49,None,Bank Transfer,Completed,,1822.55,
ORD-0005981,C11669,2024-10-05 00:00:00,Mpho,Pillay,Johannesburg,Corporate,Online, webcam ,2.0,469.07,0.15,48.71,0.15,369.82,None,Card,Completed,,965.74,
ORD-0004934,C10180,2025-10-31 00:00:00,Fatima,Botha,Johannesburg,Corporate,Online,Headset,8.0,2459.0,0.15,126.65,0.15,1545.75,Payday Promo,Mobile Wallet,Pending,,19356.01,
ORD-0001259,C11288,2025-04-23 00:00:00,Megan,Pillay,Johannesburg,Consumer,Store,Laptop,2.0,18452.17,0.08,119.78,0.0,11662.56,None, card ,Completed,Rep E,34071.77,
ORD-0001057,C12119,2025-04-09 00:00:00,Priya,Smith,Bloemfontein,Corporate,Phone,Keyboard,2.0,1345.11,10%,187.86,0.15,901.3,None,EFT,Completed,,2972.24,
ORD-0003877,C10090,2024-09-22 00:00:00,Mpho,Williams,Johannesburg,Consumer,Marketplace,Laptop,3.0,16189.66,0.0,114.75,0.15,13048.65,Back to School,Bank Transfer,Completed,,55969.07,
ORD-0001187,C11806,2025-10-05 00:00:00,Sipho,Nkosi,Durban,Consumer,Online,Router,2.0,3338.41,0.15,92.2,0.15,2860.03,None,Card,Completed,,6618.79,
ORD-0005176,C10033,2025-08-05 00:00:00,Priya,Pillay,Polokwane,Corporate,Store,Monitor,5.0,2540.32,0.05,64.42,0.15,1862.7,None,Card,Returned,Rep D,8197.69,
ORD-0002619,C11116,2025-12-07 00:00:00,Naledi,Dlamini,Johannesburg,Consumer,Online,Monitor,1.0,3114.9,0.08,138.63,0.15,2545.81,None,Card,Completed,,3434.19,
ORD-0003535,C10093,2024-09-30 00:00:00,Priya,Mthembu,Benoni,Small Business,Online,SSD,1.0,1498.5,0.08,210.25,0.15,905.3,None,Cash,Completed,,1795.66,
ORD-0002673,C12985,2024-11-17 00:00:00,Thabo,Naidoo,Johannesburg,Consumer,Store,Mouse,4.0,994.22,0.0,49.06,0.15,771.72,None,Card,Pending,Rep E,4622.46,
ORD-0000308,C10702,2025-05-20 00:00:00,Ryan,Williams,Johannesburg,Corporate,Online,Docking Station,1.0,4345.86,0.0,149.57,0.15,3328.04,None,Card,Cancelled,,5147.3,
ORD-0005017,C11266,09/11/2025,Jason,Williams,Johannesburg,Corporate,Marketplace,Mouse,7.0,326.8,0.0,60.03,0.15,243.07,None,Card,Completed,,2690.73,
ORD-0001640,C12366,2024-10-14 00:00:00,Daniel,Patel,Cape Town,Corporate,Phone,Router,1.0,1637.27,0.0,166.43,0.0,1261.97,Payday Promo,Card,Cancelled,,1803.7,
ORD-0001356,C10117,2025-08-30 00:00:00,Lerato,Naidoo,Johannesburg,Corporate,Store,Mouse,1.0,1223.06,0.0,186.81,0.15,758.53,None,EFT,Cancelled,Rep A,1593.33,
ORD-0005893,C11086,2024-12-01 00:00:00,Aisha,Patel,Polokwane,Consumer,Store,Headset,2.0,376.78,0.15,91.97,0.15,222.03,None,EFT,Completed,Rep E,828.58,
ORD-0003699,C12561,2024-08-26 00:00:00,Mpho,Pillay, cape town ,Consumer,Online,Mouse,2.0,597.47,0.0,45.78,0.14,490.89,Payday Promo, card ,Cancelled,,1408.0,
ORD-0004083,C11491,2024-09-06 00:00:00,Daniel,Mthembu,Pretoria,Small Business,Store,Router,3.0,3573.12,0.2,115.32,0.14,3009.14,None,Card,Pending,Rep D,9891.38,
ORD-0001737,C11146,2024-07-05 00:00:00,Zanele,Molefe,Bloemfontein,Small Business,Online,Mouse,2.0,1116.73,0.05,197.37,0.15,650.21,None,Mobile Wallet,Completed,,2637.41,
ORD-0004980,C11880,2025-11-05 00:00:00,Siyanda,Dlamini,Polokwane,Consumer,Online,Tablet,5.0,3004.28,0.15,119.67,0.15,2430.54,None,Cash,Completed,,14803.1,
ORD-0005767,C10859,2025-08-22 00:00:00,Mpho,Pillay,Johannesburg,Consumer,Store,Headset,1.0,829.98,0.0,75.76,0.15,602.1,Payday Promo,Card,Completed,Rep D,1030.23,
ORD-0002687,C12498,2024-08-14 00:00:00,Kabelo,Botha,Cape Town,Consumer,Marketplace,Mouse,1.0,263.0,0.05,158.39,0.15,170.86,None,Bank Transfer,Cancelled,,445.71,
ORD-0000576,C12616,2025-12-31 00:00:00,Daniel,Dlamini,Pretoria,Consumer,Online,Monitor,1.0,2592.52,0.03,110.17,0.14,1599.95, back to school ,Bank Transfer,Completed,,2976.98,
ORD-0000585,C12392,2024-12-04 00:00:00,Chloe,Mokoena,Cape Town,Small Business,Online,Docking Station,2.0,3798.72,0.1,181.57,0.15,2588.82,New Customer,EFT,Completed,,8044.91,
ORD-0004969,C10184,2024-01-10 00:00:00,Mpho,Mokoena,Pretoria,Corporate,Online,Docking Station,6.0,4334.1,0.0,30.57,0.15,3202.57,Back to School,Card,Completed,,29935.84,
ORD-0001961,C10910,2025-09-09 00:00:00,Fatima,Botha,Gqeberha,Consumer,Marketplace, tablet ,4.0,10614.19,0.0,149.21,0.15,8995.4,None,Card,Completed,,48974.47,
ORD-0004987,C10177,2024-04-15 00:00:00,Thabo,Dlamini,Benoni,Small Business,Online,Laptop,10.0,13507.25,0.1,73.93,0.15,11482.2,Clearance,Cash,Completed,,139874.02,
ORD-0002380,C12533,2024-07-15 00:00:00,Andile,Naidoo,Durban,Consumer,Phone,Docking Station,3.0,1621.64,0.08,132.25,0.15,1024.32,None,Mobile Wallet,Completed,,5279.34,
ORD-0005573,C10824,2024-10-16 00:00:00,Nomsa,Botha,Pretoria,Consumer,Store,Webcam,2.0,1584.89,0.15,162.48,0.15,1300.93,None,Card,Cancelled,Rep A,3260.95,
ORD-0004530,C11993,2024-02-04 00:00:00,Daniel,Pillay,Johannesburg,Corporate,Online,Office Chair,1.0,8357.31,0.05,103.64,0.15,5562.75,Back to School,Card,Completed,,9234.0,
ORD-0001170,C10665,2025-01-10 00:00:00,Naledi,Naidoo,Cape Town,Corporate,Online,Webcam,1.0,1840.35,0.15,55.92,0.15,1080.96,Payday Promo,Card,Returned,,1854.86,
ORD-0005404,C10004,2025-05-02 00:00:00,Kabelo,Molefe,Pretoria,Consumer,Online,Monitor,5.0,5731.42,0.1,10.43,0.14,4441.25,None,EFT,Completed,,29412.63,
ORD-0000847,C10207,2025-11-03 00:00:00,Aisha,Patel,Cape Town,Corporate,Marketplace,Tablet,3.0,10237.31,0.08,82.93,0.15,8723.49,Clearance,Card,Pending,,32576.16,
ORD-0003630,C12562,2025-05-31 00:00:00,Megan,Khumalo,Cape Town,Consumer,Phone,SSD,1.0,3351.4,0.03,163.53,0.15,2171.43,New Customer,Cash,Cancelled,,3902.01,
ORD-0000793,C10916,2024-02-23 00:00:00,Aisha,Smith,Bloemfontein,Consumer,Marketplace,Headset,1.0,1976.64,0.0,156.73,0.14,1421.99,None,Mobile Wallet,Returned,,2410.1,
ORD-0002855,C11284,2025-11-01 00:00:00,Fatima,Pillay,Cape Town,Consumer,Store,SSD,6.0,4153.34,0.1,81.81,0.15,3217.07,None,MobileWallet,Returned,Rep B,25874.05,
ORD-0005708,C11474,2024-05-18 00:00:00,Daniel,Patel,Cape Town,Small Business,Online,Docking Station,1.0,4795.22,0.0,172.37,0.15,4050.07,Black Friday,Card,Cancelled,,5686.87,
ORD-0003472,C12475,2025-11-25 00:00:00,Jason,Pillay,Johannesburg,Corporate,Online,Keyboard,1.0,1933.06,0.05,110.17,0.15,1450.11,Back to School,Cash,Cancelled,,2222.04,
ORD-0005607,C13000,2024-11-29 00:00:00,Mpho,Dlamini,Cape Town,Consumer,Online,Tablet,3.0,5416.38,0.1,148.64,0.15,3953.72,Payday Promo,Mobile Wallet,Completed,,16966.49,
ORD-0005393,C11001,2025-09-29 00:00:00,Thabo,Smith,Durban,Small Business,Phone,Docking Station,3.0,2510.34,0.1,122.52,0.15,1823.35,Back to School,,Cancelled,,7917.11,
ORD-0003518,C12668,2024-01-03 00:00:00,Fatima,Mokoena,Pretoria,Consumer,Online,Tablet,3.0,5348.65,0.0,141.47,0.15,3677.36,Summer Sale,Card,Completed,,18594.31,
ORD-0000980,C11012,2025-09-15 00:00:00,Thabo,Naidoo,Pretoria,Corporate,Store,Tablet,3.0,5689.89,0.0,114.69,0.15,4246.79,Black Friday,Card,Completed,Rep B,19744.82,
ORD-0001739,C11554,2024-10-21 00:00:00,Lerato,Pillay,,Consumer,Marketplace,Tablet,3.0,2868.88,0.08,115.42,0.15,2119.81,Black Friday,Card,Returned,,9221.26,
ORD-0004482,C12225,2025-01-31 00:00:00,Zanele,Mokoena,Pretoria,Corporate,Online,Router,3.0,1929.39,0%,56.68,15%,1621.57,Black Friday,Card,Cancelled,,6713.07,
ORD-0003466,C12715,2024-03-19 00:00:00,Daniel,Naidoo,Benoni,Consumer,Phone,SSD,1.0,2981.05,0.0,74.58,0.15,2002.61,None,Card,Completed,,3502.79,
ORD-0001238,C11384,2024-03-23 00:00:00,Kabelo,Molefe,Pretoria,Corporate,Online,SSD,1.0,2150.93,0.0,90.52,0.15,1310.71,None,Mobile Wallet,Returned,,2564.09,
ORD-0004114,C11880,2025-01-04 00:00:00,Andile,Mokoena,Pretoria,Corporate,Phone,Monitor,2.0,5053.78,0.25,97.94,0.15,3522.09,Payday Promo,Mobile Wallet,Cancelled,,8815.7,
ORD-0005169,C12281,2024-08-13 00:00:00,Aisha,Botha,Johannesburg,Corporate,Store,Laptop,1.0,11475.69,0.08,118.85,0.15,9226.19,None,Bank Transfer,Completed,Rep C,12260.13,
ORD-0004809,C12435,2025-06-30 00:00:00,Zanele,Mthembu,Cape Town,Consumer,Marketplace,Monitor,1.0,4104.69,0.0,155.26,0.15,2558.57,None,EFT,Completed,,4875.65,
ORD-0002812,C11040,2024-08-23 00:00:00,Naledi,Khumalo,Polokwane,Small Business,Online,Laptop,1.0,9069.78,0.1,212.03,0.15,7545.85,Payday Promo,Card,Completed,,9599.25,
ORD-0001084,C12813,2025-07-24 00:00:00,Megan,Khumalo,Gqeberha,Small Business,Online,SSD,3.0,1710.14,0.0,24.61,0.15,1010.43,None,EFT,Completed,,5924.6,
ORD-0005846,C12084,2024-06-14 00:00:00,Kabelo,Mokoena,Benoni,Consumer,Phone,Headset,10.0,2144.18,0.05,48.68,0.15,1335.98,New Customer,Card,Pending,,23473.82,
ORD-0001420,C12009,2025-02-28 00:00:00,Aisha,Williams,Johannesburg,Consumer,Store,Headset,6.0,1799.72,0.08,74.14,0.0,1278.21,Back to School,EFT,Completed,Rep D,10008.6,
ORD-0005546,C11188,2025-04-04 00:00:00,Siyanda,Dlamini,Benoni,Corporate,Marketplace,Headset,,973.8,0.1,131.87,0.15,705.42,Payday Promo,Card,Completed,,4163.41,
ORD-0001172,C12651,2024-12-25 00:00:00,Jason,Patel,Cape Town,Consumer,Online,Monitor,1.0,4982.86,0.05,44.19,0.15,3633.87,None,Cash,Completed,,5487.96,
ORD-0004596,C11501,2025-12-25 00:00:00,Sipho,Smith,Benoni,Small Business,Marketplace,Tablet,1.0,2802.69,0.08,78.33,0.15,1783.36,None,EFT,Completed,,3043.58,
ORD-0002865,C10076,2024-12-23 00:00:00,Megan,Dlamini,Durban,Consumer,Store,SSD,2.0,3393.34,0.1,215.61,0.15,2508.76,Payday Promo,Bank Transfer,Completed,Rep D,7239.82,
ORD-0003049,C11336,2024-02-03 00:00:00,Zanele,Smith,Durban,Corporate,Online,Webcam,7.0,1586.76,0.1,78.55,0.15,1010.59,None,EFT,Pending,,11574.64,
ORD-0004950,C12153,2025-02-22 00:00:00,Megan,Dlamini,Gqeberha,Consumer,Marketplace,Office Chair,1.0,5944.82,0.0,165.56,0.0,4886.1,New Customer,Card,Completed,,7335.96,
ORD-0000672,C10058,2025-09-28 00:00:00,Priya,Khumalo,Johannesburg, small business ,Online,Office Chair,4.0,7685.69,0.15,18.81,0.15,4540.97,None,Card,Completed,,30069.87,
ORD-0001545,C10457,2025-08-13 00:00:00,Jason,Smith,Cape Town,Corporate,Online,Monitor,1.0,3901.44,0.1,188.72,0.15,2390.62,None,Card,Pending,,2803.63,
ORD-0000051,C10408,2025-10-15 00:00:00,Siyanda,Naidoo,Johannesburg,Consumer,Online,Mouse,5.0,1127.89,0.0,53.22,0.0,763.31,None,Card,Pending,,5692.68,
ORD-0000025,C11087,2024-12-20 00:00:00,Priya,Mokoena,Cape Town,Corporate,Marketplace,Monitor,2.0,2272.72,0.2,69.02,0.15,1781.11,Clearance,Card,Pending,,4250.82,
ORD-0002457,C12559,2025-09-20 00:00:00,Aisha,Williams,Johannesburg,Consumer,Store,Headset,1.0,2098.23,0.05,172.09,0.15,1301.34,None,Card,Completed,Rep B,2464.41,
ORD-0001086,C12360,2024-11-28 00:00:00,Ryan,Mokoena,Gqeberha,Small Business,Store,Monitor,1.0,3053.57,0.0,37.14,0.15,2354.73,Black Friday,Cash,Completed,Rep B,3548.75,
ORD-0004196,C12060,2025-11-26 00:00:00,Lerato,Mokoena,Pretoria,Consumer,Marketplace,Headset,2.0,1555.39,0.25,194.91,0.15,1224.98,None,Card,Completed,,2877.96,
ORD-0003551,C10702,2025-04-13 00:00:00,Mpho,Pillay,Cape Town,Consumer,Store,Mouse,4.0,621.94,0.0,58.89,0.15,361.52,None,Card,Completed,Rep C,2919.83,2487.76
ORD-0004473,C11494,2024-02-09 00:00:00,Andile,Khumalo,Durban,Corporate,Online,Webcam,2.0,751.94,0.0,214.97,0.15,645.86,None,Bank Transfer,Pending,,1944.43,
ORD-0005532,C12559,2024-05-24 00:00:00,Ryan,Mokoena,Polokwane,Corporate,Online,Tablet,5.0,8421.49,0.1,85.66,0.15,6092.04,None,Card, completed ,,43666.85,
ORD-0004509,C12704,2024-01-29 00:00:00,Fatima,Dlamini,Durban,Consumer,Online,Headset,3.0,1436.85,5%,17.62,0.15,1226.3,Payday Promo,Card,Returned,,4726.88,
ORD-0000291,C12316,2025-05-23 00:00:00,Kabelo,Botha,Durban,Consumer,Online, monitor ,3.0,7743.77,0.03,48.71,0.15,5022.43,None,Mobile Wallet,Completed,,25963.24,
ORD-0004371,C12860,2025-03-06 00:00:00,Mpho,Dlamini,Pretoria,Small Business,Online,Headset,1.0,1672.68,0.03,109.12,0.0,1246.16,None,Card,Completed,,1731.62,
ORD-0002318,C10880,2025-07-16 00:00:00,Zanele,Mokoena,Nelspruit,Consumer,Online,Laptop,1.0,17642.79,0.08,116.01,0.15,11805.54,None,Mobile Wallet,Completed,,18782.07,
ORD-0000286,C12514,2024-06-08 00:00:00,Naledi,Mokoena,Cape Town,Corporate,Online,Headset,1.0,690.05,0.0,98.02,0.15,575.68,None,Card,Completed,,891.58,
ORD-0004420,C10373,2025-10-10 00:00:00,Siyanda,Botha,Pretoria,Small Business,Online,Monitor,2.0,5770.87,0.05,122.23,0.15,3819.73,None,EFT,Completed,,12731.59,
ORD-0002156,C11263,2024-06-27 00:00:00,Siyanda,Molefe,Johannesburg,Consumer,Marketplace,Office Chair,2.0,4958.19,0.0,144.1,0.15,4179.42,None,Card, cancelled ,,11547.95,
ORD-0005267,C10607,2024-01-22 00:00:00,Megan,Khumalo,Bloemfontein, small business ,Online,Keyboard,1.0,733.26,0.05,195.16,0.15,616.75,None,EFT,Cancelled,,996.25,
ORD-0003363,C10195,2025-08-05 00:00:00,Fatima,Mthembu,Johannesburg,Consumer,Online,Mouse,4.0,717.75,0.0,75.71,0.15,572.97,None,Card,Completed,,3377.38,
ORD-0001855,C11988,2025-09-29 00:00:00,Megan,Dlamini,Johannesburg,Consumer,Marketplace,SSD,1.0,4111.72,0.0,171.58,0.15,2899.56,None,EFT,Pending,,4900.06,
ORD-0002884,C12072,2025-03-26 00:00:00,Sipho,Smith,Nelspruit,Small Business,Online,Tablet,3.0,2974.54,0.03,63.29,0.15,2147.33,Back to School,Card,Completed,,10017.6,
ORD-0005720,C10747,2025-04-20 00:00:00,Lerato,Mthembu,Johannesburg,Consumer,Phone,Laptop,4.0,15949.73,0.05,20.73,0.15,11064.64,Black Friday,Card,Pending,,69721.05,
ORD-0005684,C10799,2025-11-22 00:00:00,Thabo,,Benoni,Corporate,Marketplace,Router,1.0,3377.56,0.2,74.79,0.15,2454.19,None,Card,Completed,,3182.14,
ORD-0000262,C12652,2024-03-20 00:00:00,Andile,Botha,Cape Town,Consumer,Marketplace,Router,2.0,2008.47,0.1,144.8,0.15,1470.65,None,Card,Returned,,4302.33,
ORD-0004928,C11952,2025-01-18 00:00:00,Aisha,Williams,Durban,Small Business,Store,Printer,1.0,4414.12,0.0,49.4,0.15,3114.37, none ,Mobile Wallet,Completed,Rep B,5125.63,
ORD-0000220,C10431,2025-07-16 00:00:00,Ryan,Khumalo,Pretoria,Corporate,Marketplace,Office Chair,1.0,4183.43,0.0,152.26,0.0,2674.83,None,Bank Transfer,Completed,,4335.69,
ORD-0003832,C11808,2024-08-15 00:00:00,Fatima,Mthembu,Johannesburg,Consumer,Marketplace,Docking Station,2.0,4504.39,0.1,217.37,0.15,3440.4,New Customer,Card,Pending,,9541.46,
ORD-0004206,C11841,2024-01-26 00:00:00,Priya,Naidoo,Johannesburg,Consumer,Phone,Keyboard,2.0,1209.77,0.2,162.92,0.15,793.64,Summer Sale,Card,Cancelled,,2388.9,
ORD-0004733,C10239,2024-04-24 00:00:00,Lerato,Nkosi,Benoni,Small Business,Online,Monitor,2.0,8057.33,0.2,95.62,0.15,5783.06,None,Bank Transfer,Completed,,14921.1,
ORD-0000526,C10151,2025-03-27 00:00:00,Kabelo,Dlamini,Bloemfontein,Small Business,Marketplace,Tablet,2.0,5048.97,0.05,36.26,0.15,3500.92,Clearance,EFT,Completed,,11068.27,
ORD-0002171,C11056,2024-03-21 00:00:00,Nomsa,Patel,Johannesburg,Consumer,Online,Headset,4.0,2737.47,0.1,103.7,0.15,2144.92,New Customer,Bank Transfer,Returned,,11436.84,
ORD 0000192,C10563,2024-02-26 00:00:00,Thabo,Naidoo,Gqeberha,Consumer,Online,Tablet,5.0,10406.5,0.25,148.82,0.15,8266.34,None,EFT,Cancelled,,45026.86,
ORD-0005894,C10345,2025-07-11 00:00:00,Lerato,Khumalo,Cape Town,Corporate,Online,Headset,1.0,2244.8,0.0,77.61,0.15,1455.57,None,Cash,Completed,,2659.13,
ORD-0001128,C10868,2024-01-03 00:00:00,Lerato,Khumalo,Pretoria,,Online,Laptop,1.0,18465.66,0.0,208.51,0.15,15695.19,Black Friday,Cash,Returned,,21444.01,
ORD-0003355,C12814,2025-06-22 00:00:00,Daniel,Molefe,Pretoria,Consumer,Store,Docking Station,4.0,4225.51,0.03,11.31,0.0,3053.68, summer sale ,Card,Returned,Rep D,16406.28,
ORD-0004691,C10481,2025-10-08 00:00:00,,Patel,Polokwane,Small Business,Online,Monitor,2.0,4749.45,0.0,176.44,0.15,4032.34,None,Cash,Returned,,11100.17,
ORD-0002280,C12512,2025-08-10 00:00:00,Kabelo,Patel,Johannesburg,Consumer,Store,Printer,4.0,1819.9,0.08,44.52,0.14,1217.92,None,Cash,Completed,Rep C,7679.36,
ORD-0002314,C11291,2025-07-05 00:00:00,Thabo,Dlamini,Polokwane,Consumer,Online,Tablet,5.0,9685.44,0.0,148.0,0.15,6448.38, none ,Card,Completed,,55839.26,
ORD-0001203,C12655,2024-11-24 00:00:00,Lerato,Botha, pretoria ,Consumer,Online,SSD,1.0,3497.75,0.1,33.99,0.15,2945.29,None,Card,Completed,,3654.16,
ORD-0001149,C12129,2025-10-29 00:00:00,Aisha,Nkosi,Johannesburg,Consumer,Online,Docking Station,6.0,3743.06,0.15,127.44,0.15,2385.16,None,EFT,Returned,,22080.47,
ORD-0002418,C11843,2025-11-04 00:00:00,Chloe,Mthembu,Gqeberha,Consumer,Marketplace,Mouse,1.0,1035.03,0.08,147.99,0.0,639.92,None,Card,Cancelled,,1100.22,
ORD-0005589,C10422,2024-07-11 00:00:00,Fatima,Botha,Durban,Consumer,Marketplace,Monitor,1.0,6349.62,0.05,83.45,0.15,4064.61,Back to School,Card,Completed,,7020.41,
ORD-0000034,C10240,2025-08-21 00:00:00,Zanele,Khumalo,Johannesburg,Small Business,Online,,1.0,1261.66,0.05,190.01,0.15,771.17,None,Mobile Wallet,Completed,,1568.37,
ORD-0005278,C10869,2024-03-02 00:00:00,Aisha,Naidoo,Cape Town,Consumer,Marketplace,Mouse,1.0,974.52,0.08,208.57,0.15,692.52,None,Cash,Cancelled,,1239.61,
ORD-0001049,C11992,2024-03-17 00:00:00,Sipho,Smith,Polokwane,Consumer,Online,Mouse,5.0,1167.5,0.2,33.64,0.0,729.81,Summer Sale,Mobile Wallet,Completed,,4703.63,
ORD-0001196,C11066,2024-09-03 00:00:00,Lerato,Botha,Nelspruit,Small Business,Phone,Headset,2.0,1644.08,0.0,149.74,0.15,1240.13,Summer Sale,Card,Returned,,3931.13,
ORD-0005651,C10549,2024-10-24 00:00:00,Ryan,Molefe,Cape Town,Consumer,Marketplace,Laptop,3.0,16619.19,0.05,71.01,0.15,13748.44,None,EFT,Returned,,54540.4,
ORD-0000752,C10140,2025-06-29 00:00:00,Fatima,Dlamini,Johannesburg,Consumer,Online,Headset,1.0,2649.01,0.1,191.37,0.15,1783.96,New Customer,EFT,Pending,,2933.1,
ORD-0002435,C12239,2024-01-14 00:00:00,Andile,Nkosi,Johannesburg,Consumer,Online,Tablet,2.0,4601.09,0.05,70.37,0.15,3558.05,None,Card,Cancelled,,10123.74,
ORD-0003000,C10069,2024-03-25 00:00:00,Sipho,Naidoo,Durban,Consumer,Marketplace,Laptop,3.0,19187.31,0.0,79.53,0.15,15375.11,Back to School,Mobile Wallet,Completed,,93441.75,
ORD-0004671,C10446,2025-06-30 00:00:00,Sipho,Khumalo,Durban,Consumer,Online,Laptop,4.0,12684.89,0.05,123.91,0.15,8614.0,None,Card,Pending,,55556.86,
ORD-0005612,C12556,2024-05-16 00:00:00,Megan,Botha,Gqeberha,Consumer,Store,Docking Station,1.0,3193.33,0.05,124.2,0.0,2688.38,None,EFT,Cancelled,Rep A,3157.86,
ORD-0004721,C10235,2025-11-21 00:00:00,Daniel,Patel,Nelspruit,Consumer,Phone,Laptop,3.0,13138.46,0.08,58.31,0.15,9121.6,Summer Sale,Card,Completed,,41759.8,
ORD-0000267,C10342,2024-08-01 00:00:00,Chloe,Williams,Cape Town,Small Business,Online,Laptop,1.0,20503.08,0.05,218.79,0.15,16922.52,New Customer,Mobile Wallet,Completed,,22618.41,
ORD-0001979,C11394,2024-03-18 00:00:00,Zanele,Williams,Cape Town,Consumer,Store,Office Chair,1.0,6936.73,,175.73,0.0,4380.32,Clearance,Cash,Returned,Rep A,6765.62,
ORD-0004549,C12105,2024-09-10 00:00:00,Jason,Khumalo,Cape Town,Small Business,Marketplace,Laptop,7.0,20460.76,5%,4.26,0.15,17082.98,None,Card,Completed,,156477.91,
ORD-0005335,C11403,2025-01-10 00:00:00,Aisha,Mthembu,Johannesburg,Consumer,Marketplace,SSD,4.0,1975.26,0.08,16.15,0.15,1387.53,None,,Returned,,8375.45,
ORD-0004802,C10212,2024-02-29 00:00:00,Zanele,Khumalo,Cape Town,Consumer,Online,Monitor,1.0,8014.77,10%,45.58,0.15,6822.75,None,Card,Cancelled,,8340.87,
ORD-0005695,C11305,2025-12-18 00:00:00,Thabo,Dlamini,Pretoria,Corporate,Marketplace,Keyboard,2.0,1582.01,0.0,151.78,0.15,1126.21,None,EFT,Completed,,3790.4,
ORD-0004327,C12106,2024-10-05 00:00:00,Nomsa,Pillay,Johannesburg,Consumer,Store,SSD,4.0,3986.38,0.0,77.67,0.15,2775.64,None,EFT,Completed,Rep A,18415.03,
ORD-0002233,C11600,2024-11-24 00:00:00,Megan,Pillay,Cape Town,Consumer,Phone,Keyboard,5.0,1343.97,0.0,101.6,0.15,801.82,Back to School,Card,Pending,,7829.44,
ORD-0001048,C12129,2024-09-06 00:00:00,Jason,Khumalo,Pretoria,Consumer,Online,Router,2.0,"R 3,324.24",0.1,163.84,0.15,2730.49,None,Mobile Wallet,Completed,,7045.03,
ORD-0003847,C12846,2025-03-21 00:00:00,Priya,Naidoo,Johannesburg,Consumer,Online,Office Chair,1.0,1838.64,0.1,33.55,0.15,1351.89,None,EFT,Completed,,1936.55,
ORD-0003078,C12511,2025-07-18 00:00:00,Megan,Smith,Johannesburg,Consumer,Online,Tablet,6.0,4930.33,0.15,104.69,0.15,3506.36,New Customer,Card,Returned,,29021.11,
ORD-0000863,C10838,2025-12-19 00:00:00,Priya,Dlamini,Pretoria,Small Business,Store,Office Chair,3.0,7842.31,0.1,43.91,0.15,5564.27,Payday Promo,EFT,Completed,Rep C,24394.28,
ORD-0000973,C11590,2024-06-10 00:00:00,Lerato,Patel,Johannesburg,Consumer,Online,Monitor,1.0,1973.73,0.03,214.28,0.15,1510.89,New Customer,Cash,Completed,,2415.98,
ORD-0001437,C10294,2024-09-08 00:00:00,Andile,Khumalo, johannesburg ,Consumer,Phone,Printer,2.0,5772.09,0.08,198.8,0.15,3772.03,New Customer,Card,Completed,,12412.54,
ORD-0005831,C10473,2025-07-06 00:00:00,Kabelo,Mokoena,Bloemfontein,Consumer,Marketplace,Headset,2.0,2180.77,0.03,48.3,0.15,1581.05,New Customer,Bank Transfer,Completed,,4913.6,
ORD-0000132,C11121,2025-10-08 00:00:00,Daniel,Mokoena,CapeTown,Consumer,Online,Laptop,5.0,9355.59,0.08,51.51,0.15,7577.68,Payday Promo,Card,Completed,,49542.58,
ORD-0003285,C11298,2025-07-05 00:00:00,Ryan,Williams,Johannesburg,Small Business,Store,Router,4.0,3197.72,0.0,40.55,0.15,2406.04,Black Friday,EFT,Completed,Rep E,14750.05,
ORD-0000949,C12495,2025-12-02 00:00:00,Mpho,Williams,Durban,Small Business,Online,Headset,1.0,476.06,0.08,68.6,0.15,318.34,New Customer,EFT,Completed,,572.27,
ORD-0000553,C12418,2025-11-20 00:00:00,Priya,Nkosi,Pretoria,Consumer,Marketplace,Monitor,2.0,2625.23,0.1,176.63,0.15,2190.9,Clearance,EFT,Completed,,5610.85,
ORD-0001509,C12954,2024-01-16 00:00:00,Mpho,Pillay,Benoni,Consumer,Online,Headset,1.0,905.13,0.15,102.13,0.15,665.6,None,Card,Completed,,986.89,
ORD-0004309,C12594,2025-10-14 00:00:00,Sipho,Patel,Nelspruit,Consumer,Online,Headset,4.0,824.66,0.03,38.39,0.14,602.88,Black Friday,EFT,Completed,,3686.04,
ORD-0005074,C10510,2024-04-04 00:00:00,Chloe,Williams,Johannesburg,Consumer,Marketplace,SSD,4.0,2222.6,0.2,1.46,0.15,1897.74,None,Mobile Wallet,Returned,,8180.63,
ORD-0000561,C10044,2024-08-20 00:00:00,Fatima,Nkosi,Pretoria,Small Business,Online,Laptop,1.0,13741.55,0.0,98.48,0.15,10404.36,None,Card,Completed,,15901.26,
ORD-0002506,C12965,2025-04-01 00:00:00,Mpho,Patel,Benoni,Corporate,Marketplace,Office Chair,2.0,5796.72,0.05,149.74,0.0,4552.7,None,EFT,Completed,,11163.5,
ORD-0002931,C11343,2024-04-03 00:00:00,Zanele,Williams,Durban,Corporate,Store,Keyboard,2.0,443.64,0.0,132.4,0.15,322.5,New Customer,Mobile Wallet,Cancelled,Rep B,1152.77,
ORD-0001786,C11661,2024-07-23 00:00:00,Aisha,Williams,Johannesburg,Consumer,Marketplace,Laptop,1.0,21912.41,0.0,34.28,0.15,14558.68,Clearance,Card,Completed,,25233.56,
ORD-0001078,C11621,2024-02-29 00:00:00,Priya,Mthembu,Pretoria,Consumer,Store,Keyboard,1.0,1588.34,0.05,183.31,0.15,1167.43,,Card,Completed,Rep E,1918.57,
ORD-0004251,C11766,2025-12-13 00:00:00,Lerato,Nkosi,Durban,Consumer,Online,Office Chair,2.0,8401.83,0.08,125.71,0.15,6895.26,Clearance,Card,Pending,,17903.99,
ORD-0005092,C12386,07-11-2025,Daniel,Mthembu,Benoni,Consumer,Online,Monitor,4.0,6335.48,0.08,88.87,0.15,3974.77,None,Mobile Wallet,Returned,,26900.6,
ORD-0004681,C12614,2025-04-13 00:00:00,Sipho,Mthembu,Cape Town,Consumer,Online,Docking Station,2.0,2305.43,0.15,158.63,0.15,1356.12,Clearance, card ,Completed,,4665.74,
ORD-0004694,C12781,2025-12-01 00:00:00,Zanele,Smith,Pretoria,Consumer,Online,Laptop,2.0,16281.27,0.1,105.1,0.15,9744.33,Back to School,Card,Completed,,33807.33,
ORD-0000941,C11017,2024-02-20 00:00:00,Fatima,Pillay,Cape Town,Small Business,Store,Monitor,1.0,8263.01,0.1,62.61,0.15,5913.97,Black Friday,Cash,Completed,Rep A,8614.83,
ORD-0001221,C10080,2024-08-03 00:00:00,Daniel,Khumalo,Johannesburg,Corporate,Marketplace,Printer,4.0,2151.76,0.08,116.46,0.15,1358.09,None,Bank Transfer,Pending,,9222.69,
ORD-0004199,C12053,2025-10-21 00:00:00,Priya,Nkosi,Gqeberha,Small Business,Online,Webcam,1.0,2348.82,0.0,207.03,0.15,2011.85,None,EFT,Returned,,2908.18,
ORD-0003785,C12355,2024-07-15 00:00:00,Naledi,Patel,Pretoria,Corporate,Phone,Docking Station,1.0,3117.18,0.1,41.44,0.15,2405.64,None,Card,Completed,,3267.72,
ORD-0000028,C10009,2025-05-27 00:00:00,Mpho,Nkosi,Johannesburg,Corporate,Store,Laptop,5.0,13962.35,0.08,148.93,0.15,9370.53,New Customer,Card,Completed,Rep E,74009.77,
ORD-0005058,C10795,2024-01-29 00:00:00,Aisha,Dlamini,Gqeberha,Consumer,Online,SSD,1.0,2274.41,0.05,61.77,0.15,1500.3,None,Bank Transfer,Pending,,2546.56,
ORD-0001538,C10952,2024-11-14 00:00:00,Mpho,Smith,Gqeberha,Corporate,Online,Printer,3.0,5078.16,0.0,137.41,0.15,3606.97,Payday Promo,Mobile Wallet,Completed,,17657.08,
ORD-0005472,C11643,2025-06-23 00:00:00,,Williams,Johannesburg,Corporate,Store,Printer,2.0,4652.63,0.08,134.04,0.0,3530.14,Payday Promo,Card,Completed,Rep A,8694.89,
ORD-0003229,C11521,2025-09-29 00:00:00,Megan,Botha,Pretoria,Corporate,Store,Mouse,7.0,805.48,0.08,46.08,0.15,632.07,Summer Sale,Card,Completed,Rep D,6011.48,
ORD-0000820,C10745,2025-02-09 00:00:00,Zanele,Smith,Pretoria,Consumer,Store,Headset,1.0,2189.27,0.0,63.4,0.0,1758.31,None,Bank Transfer,Completed,Rep B,2252.67,
ORD-0002876,C12344,2025-06-21 00:00:00,Priya,Mokoena,Johannesburg,Consumer,Phone,Keyboard,2.0,1888.5,0.08,197.01,0.15,1143.2,Payday Promo,Mobile Wallet, completed ,,4193.07,
ORD-0001460,C11107,2024-04-05 00:00:00,Sipho,Khumalo,Polokwane,Consumer,Marketplace,SSD,5.0,4075.6,0.0,47.17,0.15,3341.04,Back to School,EFT,Cancelled,,23481.89,
ORD-0002959,C12133,2025-07-06 00:00:00,Lerato,Patel,Bloemfontein,Consumer,Marketplace,Webcam,1.0,1099.15,0.08,126.19,0.15,764.78,Back to School,Card,Completed,,1289.09,
ORD-0000223,C10667,2024-12-21 00:00:00,Daniel,Mokoena,Johannesburg,Consumer,Online,DockingStation,1.0,3371.31,0.15,51.33,0.15,2888.82,None,Card,Completed,,3346.79,
ORD-0002741,C12591,2025-09-09 00:00:00,Lerato,Botha,Nelspruit,Consumer,Marketplace,Laptop,2.0,17595.11,0.1,182.10,0.15,12052.01,Clearance,EFT,Completed,,36603.97,35190.22
ORD-0001927,C11889,2025-08-16 00:00:00,Lerato,Molefe,Pretoria,Consumer,Online,SSD,1.0,4024.6,0.08,65.97,0.15,3273.33,None,EFT,Pending,,4323.99,
ORD-0003342,C12157,2024-06-22 00:00:00,Lerato,Botha,Johannesburg,Consumer,Online,Webcam,3.0,1181.94,0.03,74.8,0.0,864.8,None,EFT,Cancelled,,3514.24,
ORD-0005905,C10230,02/05/2025,Nomsa,Molefe,Bloemfontein,Consumer,Online,Monitor,7.0,3112.18,0.1,148.99,0.15,1950.18,None,Card,Returned,,22696.77,
ORD-0002004,C12993,2024-01-10 00:00:00,Aisha,Pillay,Bloemfontein,Consumer,Online,SSD,7.0,2827.72,0.25,86.71,0.15,2107.92,None,Card,Cancelled,,17159.04,
ORD-0002775,C12245,2025-11-14 00:00:00,Mpho,Mokoena,Johannesburg,Small Business,Phone,Keyboard,4.0,1507.15,0.08,76.72,0.0,1235.35,Payday Promo,Mobile Wallet,Completed,,5623.02,
ORD-0003443,C11370,2025-11-19 00:00:00,Megan,Molefe,Cape Town,Small Business,Store,Office Chair,5.0,2940.65,0.1,105.96,0.14,1857.75,None,Mobile Wallet,Pending,Rep B,15191.52,
ORD-0000724,C10251,2025-10-18 00:00:00,Fatima,Williams,Benoni,Consumer,Online,Mouse,2.0,1146.43,0.15,54.87,0.15,665.51,None,Card,Cancelled,,2296.13,
ORD-0000309,C10243,2024-01-04 00:00:00,Nomsa,Patel,Benoni,Consumer,Store,Docking Station,1.0,3305.6,0.0,30.06,0.15,2043.34,Back to School, card ,Completed,Rep C,3831.5,
ORD-0000691,C10490,2025-02-11 00:00:00,Fatima,Mokoena,Johannesburg,Corporate,Online,Router,1.0,2104.47,0.08,47.56,15%,1765.88,Clearance,Card,Cancelled,,2274.09,
ORD-0004604,C10369,2025-04-23 00:00:00,Lerato,Mthembu,Cape Town,Consumer,Phone,SSD,7.0,2471.94,0.08,146.48,0.15,1472.55,None,Mobile Wallet,Returned,,18453.67,
ORD-0001176,C12955,2024-07-30 00:00:00,Sipho,Dlamini,Pretoria,Small Business,Marketplace,Mouse,2.0,984.25,0.0,92.54,0.15,643.63,None,Bank Transfer,Completed,,2356.32,
ORD-0004014,C12972,2024-03-12 00:00:00,Daniel,Smith,Benoni,Corporate,Store,SSD,3.0,1822.41,0.2,3.42,0.15,1537.0,Black Friday,Card,Returned,Rep E,5033.26,
ORD-0005569,C10396,2024-01-01 00:00:00,Mpho,Smith,Johannesburg,Consumer,Online,Monitor,7.0,6764.47,0.0,121.45,0.15,4040.58,None,Cash,Returned,,54575.46,
ORD-0001385,C12703,2024-02-29 00:00:00,Mpho,Khumalo,Pretoria,Consumer, online ,Webcam,5.0,R 958.80,0.0,20.15,0.15,599.22,None,Mobile Wallet,Completed,,5533.24,
ORD-0000700,C12662,2025-02-12 00:00:00,Chloe,Patel,Johannesburg,Consumer,Online,Keyboard,4.0,787.95,0.05,64.35,0.15,630.12,None,Card,Pending,,3507.71,
ORD-0005882,C11802,2024-12-30 00:00:00,Naledi,Nkosi,Polokwane,Corporate,Online,Tablet,1.0,4493.83,0.15,94.66,0.15,3531.95,None,Card,Completed,,4487.37,
ORD-0003112,C12257,2024-04-04 00:00:00,Nomsa,Patel,Bloemfontein,Corporate,Online,Monitor,1.0,3036.87,0.0,33.28,0.15,2114.63,Payday Promo,EFT,Pending,,3525.68,
ORD-0001205,C11948,2024-07-01 00:00:00,Naledi,Botha,Johannesburg,Consumer,Online,Printer,2.0,4452.48,0.15,183.35,0.15,2704.78,None,EFT,Completed,,8887.95,
ORD-0005974,C11199,2024-08-03 00:00:00,Kabelo,Nkosi,Pretoria,Consumer,Marketplace,Keyboard,6.0,1853.04,0.08,18.92,0.15,1302.75,New Customer,EFT,Completed,,11782.02,
ORD-0002362,C11772,2025-09-01 00:00:00,Megan,Nkosi,Pretoria,Corporate,Store,Headset,1.0,1829.54,0.15,112.75,0.15,1302.47,None,Mobile Wallet,Completed,Rep C,1901.13,
ORD-0004856,C11263,2024-04-02 00:00:00,Mpho,Molefe,Polokwane,Consumer,Phone,Webcam,7.0,735.89,0.1,83.45,0.15,495.81,None,Card,Completed,,5414.94,
ORD-0003074,C11630,2024-07-18 00:00:00,Andile,Williams,Polokwane,Small Business,Online,Headset,2.0,1720.82,0.0,134.24,0.15,1055.77,None,EFT,Completed,,4092.11,
ORD-0005258,C11799,2024-10-01 00:00:00,Siyanda,Pillay,Benoni,Consumer,Phone,Laptop,2.0,10326.09,0.03,164.13,0.15,7588.24,None,Mobile Wallet,Completed,,23201.64,
ORD-0002727,C12222,2025-04-02 00:00:00,Andile,Pillay,Johannesburg,Corporate,Online,Mouse,2.0,1107.86,0.05,77.13,0.14,918.04, none ,Card,Pending,,2476.76,
ORD-0000591,C12474,2025/02/04,Naledi,Mthembu,Gqeberha,Small Business,Store,Printer,6.0,3149.78,0.0,50.59,0.15,1859.32,None,Bank Transfer,Returned,Rep A,21784.08,
ORD-0005501,C10678,2025-07-27 00:00:00,Lerato,Khumalo,Cape Town,Consumer,Store,Mouse,3.0,1389.3,0.0,37.99,0.15,897.4,None,Card,Cancelled,Rep A,4831.09,
ORD-0002152,C11708,2024-07-02 00:00:00,Jason,Molefe,Nelspruit,Consumer,Marketplace,Office Chair,1.0,2990.92,0.05,153.76,15%,2144.01,None,Card,Cancelled,,3421.34,
ORD-0002533,C12506,2025-09-28 00:00:00,Lerato,Botha,Johannesburg,Small Business,Marketplace,Docking Station,1.0,5148.62,0.05,83.03,0.15,3907.02,Clearance,Card,Completed,,5707.9,
ORD-0002439,C10770,2025-01-05 00:00:00,Chloe,Patel,Cape Town,Consumer,Online,Headset,2.0,1881.56,0.0,70.86,0.15,1503.39,None,Card,Cancelled,,4398.45,3763.12
ORD-0004355,C12160,2024-01-21 00:00:00,Ryan,Mokoena,Johannesburg,Consumer,Online,Monitor,1.0,5521.47,0.0,158.74,0.15,4679.0,None,Bank Transfer,Completed,,6508.43,
ORD-0005460,C12576,2025-11-02 00:00:00,Sipho,Mthembu,Benoni,Corporate,Store,Laptop,0.0,13864.95,0.0,99.66,0.15,8184.97,New Customer,Card,Pending,Rep D,31989.04,
ORD-0002930,C10029,2025-12-02 00:00:00,Daniel,Mokoena,Pretoria,Consumer,Online,Mouse,3.0,1172.39,0.05,24.44,0.15,986.27,Summer Sale,Card,Completed,,3866.95,
ORD-0003868,C11305,2024-03-28 00:00:00,Aisha,Nkosi,Cape Town,Consumer,Online,Mouse,1.0,958.06,0.1,133.1,0.15,581.49,Summer Sale,Bank Transfer,Completed,,1124.69,
ORD-0001075,C10858,2025-02-21 00:00:00,Nomsa,Botha,Johannesburg,Consumer,Online,Laptop,6.0,15927.87,0.15,119.99,0.15,13192.84,None,Bank Transfer,Completed,,93536.95,
ORD-0000064,C11866,2025-05-20 00:00:00,Zanele,Smith,Johannesburg,Consumer,Online,Tablet,2.0,6400.08,0.08,133.93,0.15,4468.17,New Customer,Card,Cancelled,,13676.5,
ORD-0004552,C12688,2024-01-19 00:00:00,Priya,Mokoena,Pretoria,Consumer,Online,Docking Station,1.0,5149.26,0.0,77.97,0.15,2997.79,Back to School,Card,Cancelled,,5999.62,
ORD-0005845,C11171,2025-07-16 00:00:00,Andile,Williams,Cape Town,Consumer,Online,Monitor,1.0,8126.01,0.03,84.49,0.15,5391.57,None,EFT,Returned,,9149.05,
ORD-0004985,C10143,2025-07-25 00:00:00,Lerato,Patel,Benoni,Consumer,Phone,Headset,5.0,630.05,0.0,93.9,0.15,438.29,None,EFT, pending ,,3716.68,
ORD-0001693,C11872,2024-03-23 00:00:00,Mpho,Naidoo,Johannesburg,Corporate,Marketplace,Monitor,2.0,3565.87,0.0,124.46,0.15,2255.76,None,Bank Transfer,Returned,,8325.96,
ORD-0002535,C11435,2024-09-18 00:00:00,Lerato,Mokoena,Polokwane,Corporate,Online,Mouse,1.0,1374.84,0.08,216.48,0.15,1075.91,None,Card,Completed,,1671.06,
ORD-0000052,C12195,2024-12-13 00:00:00,Ryan,Botha,Johannesburg,Consumer,Store,Monitor,1.0,6490.53,0.1,62.49,0.15,4529.56,Clearance,Card,Completed,Rep D,6780.18,
ORD-0005718,C10608,2024-12-16 00:00:00,Zanele,Botha,Bloemfontein,Consumer,Store,Laptop,1.0,8747.35,0.03,97.32,0.15,6406.52,None,,Completed,Rep D,9854.98,
ORD-0002659,C12298,2024-08-25 00:00:00,Megan,Naidoo,Johannesburg,Consumer,Store,Office Chair,2.0,2906.06,0.0,83.49,0.15,2094.82,None,Card,Completed,Rep C,6767.43,
ORD-0004814,C11668,2024-04-30 00:00:00,Mpho,Molefe,Benoni,Consumer,Online,Mouse,2.0,419.23,0.0,39.67,0.15,285.01,None,Bank Transfer,Completed,,1003.9,
ORD-0002419,C10943,2024-03-17 00:00:00,Ryan,Williams,Benoni,Consumer,Online,Tablet,10.0,8614.17,0.0,131.39,0.0,7051.73,None,Bank Transfer,Completed,,86273.05,
ORD-0001000,C12085,2025-03-15 00:00:00,Chloe,Khumalo,Johannesburg, small business ,Phone,Office Chair,1.0,4923.82,0.25,82.15,0.0,3645.9,None, bank transfer ,Completed,,3775.01,
ORD-0000915,C11974,2024-10-23 00:00:00,Lerato,,Nelspruit,Consumer,Online, webcam ,2.0,865.65,0.15,47.53,0.15,710.34,None,EFT, pending ,,1739.88,
ORD-0003909,C12331,2025-10-26 00:00:00,Sipho,Williams,Johannesburg,Consumer,Online,Webcam,1.0,1847.89,0.0,139.11,0.14,1431.34,Payday Promo,Cash,Cancelled,,2245.71,
ORD-0001518,C11130,2024-01-02 00:00:00,Megan,Khumalo,Johannesburg,Small Business,Marketplace,Webcam,1.0,1804.43,0.0,200.04,0.15,1238.89,New Customer,EFT,Pending,,2275.14,
ORD-0002465,C10201,2025-08-11 00:00:00,Ryan,Botha,Bloemfontein,Consumer,Online,Printer,1.0,5865.65,0.0,146.58,0.15,4438.92,None,Card,Completed,,6892.07,
ORD-0002956,C10973,2024-08-27 00:00:00,Lerato,Naidoo,Johannesburg,Consumer,Online,Monitor,3.0,5951.78,0.03,129.38,0.15,4892.78,None,EFT,Completed,,20047.01,
ORD-0002153,UNKNOWN-25,2024-05-24 00:00:00,Jason,Patel,Johannesburg,Small Business,Store,SSD,5.0,3587.13,0.1,114.65,0.15,2328.83,None,Card,Completed,Rep C,18678.03,
ORD-0003395,C10377,2025-02-22 00:00:00,Nomsa,Botha,Benoni,Consumer,Online,Docking Station,2.0,3054.32,0.1,203.31,0.15,2223.89,Black Friday,Bank Transfer,Cancelled,,6525.74,
ORD-0002212,C11771,2024-12-16 00:00:00,Ryan,Mthembu,Cape Town,Consumer,Online,Laptop,4.0,18594.48,0.25,143.58,0.15,14155.47,Back to School,Card,Cancelled,,64294.54,
ORD-0000767,C12736,2024-06-20 00:00:00,Thabo,Dlamini,Durban,Consumer,Online,Keyboard,1.0,1239.81,0.05,161.76,0.0,1041.03,None,Cash,Completed,,1339.58,
ORD-0003733,C10141,2024-05-23 00:00:00,Ryan,Williams,, consumer ,Online,Laptop,1.0,18552.34,0.05,153.82,0.15,14283.2,Clearance,EFT,Completed,,20422.24,
ORD-0004318,C12847,2025-09-07 00:00:00,Jason,Smith,Polokwane,Small Business,Online,Laptop,2.0,10325.87,0.0,34.07,0.15,7403.71,None,Card,Pending,,23783.56,
ORD-0001028,C10742,2024-09-13 00:00:00,Zanele,Nkosi,Gqeberha,Small Business,Phone,Webcam,4.0,2340.11,0.05,12.14,0.15,1771.28,None,Cash,Returned,,10238.43,
ORD-0003787,C10646,2025-01-30 00:00:00,Thabo,Molefe,Johannesburg,Consumer,Online,Laptop,5.0,8957.55,0.0,114.24,0.15,5701.24,None,Cash,Completed,,51620.16,
ORD-0005494,C11090,2025-03-17 00:00:00,Naledi,Smith,Cape Town,Corporate,Marketplace,Monitor,5.0,2498.42,0.0,113.25,0.0,2037.73,New Customer,Card,Completed,,12605.34,
ORD-0000852,C10436,2024-10-29 00:00:00,Aisha,Patel,Johannesburg,Small Business,Online,Keyboard,1.0,2027.47,0.1,176.07,0.15,1324.45,None,Card,Cancelled,,2274.51,
ORD-0001035,C10185,2024-02-29 00:00:00,Zanele,Williams,Bloemfontein,Corporate,Online,Router,1.0,716.2,0.05,167.19,0.15,436.09,None,Mobile Wallet,Completed,,949.63,
ORD-0003230,C12718,2024-07-05 00:00:00,Kabelo,Naidoo,Polokwane,Consumer,Online,Monitor,4.0,4894.28,0.08,5.78,0.15,3151.59,None,Mobile Wallet,Completed,,20718.37,
ORD-0002282,C10393,2024-04-04 00:00:00,Sipho,Pillay,Pretoria,Consumer,Online,Monitor,1.0,2770.61,0.0,217.69,0.14,1620.93,New Customer,EFT,Completed,,3376.18,
ORD-0004060,C11477,2025-08-03 00:00:00,Naledi,Dlamini,Johannesburg,Consumer,Phone,Printer,2.0,2162.22,0.05,151.17,0.15,1338.76,Black Friday,Bank Transfer,Pending,,4875.62,
ORD-0003409,C11609,2024-10-17 00:00:00,Nomsa,Dlamini,Cape Town,Consumer,Phone,Docking Station,4.0,2121.19,0.1,134.77,0.15,1818.65,None,Bank Transfer,Completed,,8916.48,
ORD-0004294,C10558,2024-03-17 00:00:00,Kabelo,Mokoena,Pretoria,Consumer,Online,Monitor,2.0,2335.03,0.15,85.17,0.15,1555.52,Back to School,Bank Transfer,Completed,,4650.16,
ORD-0001309,C11649,2025-10-15 00:00:00,Chloe,Patel,Johannesburg,Corporate,Store,Monitor,2.0,4181.1,0.15,194.25,0.0,2894.54,None,Mobile Wallet,Returned,Rep A,7302.13,
ORD-0002550,C12771,2024-02-19 00:00:00,Sipho,Nkosi,Durban,Corporate,Online,Mouse,5.0,1264.12,0.08,99.36,0.15,1062.96,Summer Sale,EFT,Completed,,6786.53,
ORD-0002789,C12361,2024-08-31 00:00:00,Megan,Molefe,Polokwane,Corporate,Phone,Monitor,5.0,3324.63,0.05,22.83,0.15,2566.47,None,EFT,Pending,,18183.61,
ORD-0004416,C11112,2024-11-24 00:00:00,Chloe,Mthembu,Polokwane,Corporate,Store,Headset,10.0,1981.12,0.0,141.52,0.15,1609.49,None,Card,Completed,Rep B,22924.43,
ORD-0004049,C10503,2024-10-01 00:00:00,Megan,Smith,Durban,Corporate,Online,Laptop,4.0,20416.43,0.1,123.08,0.15,13496.66,Clearance,Card,Completed,,52919.34,
ORD-0001877,C10634,2025-03-08 00:00:00,Zanele,Williams,Benoni,Small Business,Phone,Office Chair,10.0,7484.87,0.15,61.4,0.15,5398.4,Summer Sale,Mobile Wallet,Completed,,73226.05,
ORD-0003025,C10496,2024-05-07 00:00:00,Siyanda,Mokoena,Johannesburg,Consumer,Marketplace,Mouse,3.0,1012.04,0.03,134.44,0.15,772.47,None,Card,Cancelled,,4006.57,
ORD-0004680,C10951,2024-05-04 00:00:00,Sipho,Botha,Benoni,Consumer,Online,Tablet,2.0,4573.29,0.15,210.5,,2815.61,None,Cash,Pending,,9151.28,
ORD-0005491,C12455,2025-07-31 00:00:00,Mpho,Mthembu,Pretoria,Consumer,Online,Mouse,2.0,1350.19,0.0,195.41,0.15,1136.71,Payday Promo,Card,Pending,,3300.85,
ORD-0002840,C12197,2025-07-14 00:00:00,Jason,Smith,Pretoria,Corporate,Store,Router,3.0,3061.47,0.1,65.74,0.15,2596.85,None,EFT,Cancelled,Rep D,9571.6,
ORD-0005260,C11232,2024-03-11 00:00:00,Mpho,Khumalo,Benoni,Corporate,Online,Monitor,96.0,5771.48,0.15,41.96,0.15,3407.76,Clearance,Cash,Pending,,16966.83,
ORD-0001904,C11589,03-26-2024,Thabo,Molefe,Johannesburg,Small Business, online ,Headset,2.0,1418.56,0.08,205.49,0.15,920.93,None,Mobile Wallet,Returned,,3207.17,
ORD-0002543,C12264,2025-09-08 00:00:00,Ryan,Williams,Johannesburg,Consumer,Phone,Laptop,7.0,21457.37,0.15,100.5,0.15,16228.44,Black Friday,Mobile Wallet,Cancelled,,146922.53,
ORD-0002450,C12379,2025-02-28 00:00:00,Kabelo,Molefe,Durban,Small Business,Online,Headset,1.0,1851.81,0.15,34.41,0.15,1582.3,Back to School,Card,Completed,,1844.55,
ORD-0005847,C11574,2025-09-24 00:00:00,Chloe,Pillay,Nelspruit,Consumer,Phone,Mouse,1.0,228.55,0.1,34.1,0.15,138.63,Summer Sale,Card,Completed,,270.65,
ORD-0000115,C12593,2024-08-19 00:00:00,Fatima,Pillay,Nelspruit,Consumer,Online,Headset,3.0,950.28,0.15,89.25,0.15,659.83,Black Friday,Card,Completed,,2875.95,
ORD-0000833,C10400,2024-04-25 00:00:00,Sipho,Nkosi,Johannesburg,Corporate,Online,Printer,2.0,3784.04,0.08,82.4,0.15,2486.22,Payday Promo,Cash,Completed,,8089.43,
ORD-0001759,C11312,2024-06-12 00:00:00,Megan,Dlamini,Polokwane,Corporate,Store,Mouse,1.0,366.39,0.0,154.51,0.15,311.73, payday promo ,Mobile Wallet,Returned,Rep B,575.86,
ORD-0003766,C11213,2024-03-03 00:00:00,Zanele,Mokoena,Johannesburg,Consumer,Online,Printer,1.0,4527.52,0.1,54.76,0.15,3781.52,None,Mobile Wallet,Completed,,4740.74,
ORD-0000385,C10601,2025-06-07 00:00:00,Sipho,Dlamini,Nelspruit,Consumer,Store,Mouse,2.0,1313.14,0.05,179.57,0.15,882.62,None,EFT,Returned,Rep C,3048.79,
ORD-0003161,C12106,2025-04-27 00:00:00,Kabelo,Patel,Durban,Consumer,Phone,Mouse,4.0,842.11,0.15,77.09,0.15,673.78,None,Card,Completed,,3369.73,
ORD-0003115,C10867,2024-08-20 00:00:00,Kabelo,Mthembu,Durban,Corporate,Marketplace,Mouse,1.0,1342.59,0.15,137.4,0.0,918.19,Back to School,Card,Completed,,1278.61,
ORD-0000732,C12793,2025-03-02 00:00:00,Ryan,Molefe,Durban,Small Business,Marketplace,Laptop,1.0,19399.91,0.15,138.42,0.15,12232.41,None,Card,Pending,,19101.84,
ORD-0005885,C11045,2025-10-10 00:00:00,Aisha,Khumalo,Johannesburg,Consumer,Online,Monitor,1.0,5450.99,0.15,47.25,0.15,3837.97,None,Bank Transfer,Returned,,5325.4,
ORD-0001712,C12411,2025-06-29 00:00:00,Nomsa,Botha,Nelspruit,Consumer,Online,Router,5.0,1769.38,0.0,48.93,0.14,1387.72,Payday Promo,EFT,Pending,,10134.39,
ORD-0002553,C12888,2025-10-22 00:00:00,Sipho,Naidoo,Cape Town,Consumer,Phone,Monitor,6.0,7806.47,0.03,14.18,0.15,5350.67,None,EFT,Completed,,52262.86,
ORD-0002315,C10397,2025-01-05 00:00:00,Nomsa,Smith,Johannesburg,Consumer,Store,Mouse,5.0,213.52,0.1,0.86,0.15,166.05,None,Bank Transfer,Completed,Rep D,1105.81,
ORD-0001841,C12403,2025-05-12 00:00:00,Siyanda,Khumalo,Pretoria,Consumer,Marketplace,Headset,1.0,843.62,0.1,103.68,0.15,707.6,None,Card,Completed,,976.83,
ORD-0005713,C12493,2025-02-19 00:00:00,Nomsa,, johannesburg ,Consumer,Phone,Keyboard,1.0,821.65,0.1,104.85,0.15,559.3,None,Bank Transfer,Pending,,955.25,
ORD-0002921,C11510,2024-11-23 00:00:00,,Mokoena,Bloemfontein,Small Business,Online,Mouse,7.0,614.12,0.05,107.53,0.15,363.53,None,Card,Completed,,4803.99,
ORD-0005471,C10862,2025-09-23 00:00:00,Kabelo,Naidoo,Johannesburg,Corporate,Online,Webcam,3.0,1099.64,0.1,16.52,0.15,780.61,Back to School,Card,Completed,,3430.92,
ORD-0005678,C10137,2024-07-11 00:00:00,Aisha,Mthembu,Johannesburg,Consumer, online ,Mouse,1.0,943.26,0.0,203.66,0.14,727.75,Clearance,Card,Completed,,1278.97,
ORD-0003130,C11382,2025-08-25 00:00:00,Chloe,Mthembu,Gqeberha,Corporate,Online,Laptop,1.0,8451.56,0.1,136.15,0.15,7146.47,None,Card,Completed,,8883.51,
ORD-0000038,C10429,2024-12-23 00:00:00,Zanele,Pillay,Johannesburg,Consumer,Online,Tablet,1.0,2840.19,0.05,111.08,0.15,1706.88,None,Mobile Wallet,Completed,,3214.0,
ORD-0003392,C11005,2025-04-05 00:00:00,Daniel,Patel,Pretoria,Consumer,Online,Monitor,4.0,4927.32,0.05,16.72,0.15,3568.24,New Customer,Mobile Wallet,Returned,,21549.09,19709.28
ORD-0002545,C10846,2025-09-27 00:00:00,Thabo,Nkosi,Polokwane,Corporate,Online,Mouse,2.0,990.93,0.1,122.09,0.0,669.65,None,Card,Completed,,1905.78,
ORD-0003042,C11272,2024-08-06 00:00:00,Priya,Williams,Gqeberha,Small Business,Marketplace,SSD,1.0,2621.09,0.03,203.58,0.15,2248.94,Back to School,EFT,Completed,,3127.4,
ORD-0000149,C11075,2025-02-26 00:00:00,Aisha,Molefe,Cape Town,Consumer, marketplace ,Laptop,1.0,12935.25,0.15,182.12,0.15,9350.75,Payday Promo,EFT,Returned,,12826.33,
ORD-0001408,C11544,2025-08-17 00:00:00,Siyanda,Smith,Johannesburg,Consumer,Store,Printer,1.0,2166.64,0.15,68.47,0.15,1421.09,None,Card, cancelled ,Rep E,2186.36,
ORD-0005449,C10616,2025-11-07 00:00:00,Chloe,Dlamini,Pretoria,Small Business,Online,Laptop,1.0,9931.94,0.1,163.12,0.15,7725.28,Payday Promo,Card,Returned,,10442.68,
ORD-0001549,C11507,2024-02-28 00:00:00,Megan,Khumalo,Johannesburg,Consumer,Online,Monitor,1.0,2856.91,0.05,32.84,0.15,2129.6,None,Mobile Wallet,Completed,,3154.01,
ORD-0005563,C10366,2025-05-10 00:00:00,Kabelo,Dlamini,Johannesburg,,Phone,Monitor,2.0,6490.99,0.0,136.99,0.15,5526.78,None,Card,Completed,,15066.26,
ORD-0003881,C12927,2025-09-03 00:00:00,Naledi,Nkosi,Port Elizabeth,Corporate,Phone,Tablet,1.0,7041.86,10%,74.32,0.15,4366.14,None,Card,Completed,,7362.64,
ORD-0003452,C10836,2024-12-14 00:00:00,Thabo,Dlamini,Durban,Consumer,Online,Headset,7.0,1511.08,0.1,50.3,0.15,1148.85,None,Card,Completed,,10998.09,
ORD-0004052,C12890,2024-08-15 00:00:00,Thabo,Molefe,Gqeberha,Small Business,Online,Docking Station,2.0,3633.23,0.03,98.46,0.15,2496.11,None,Bank Transfer,Completed,,8204.2,
ORD-0004899,C10320,2024-04-24 00:00:00,Andile,Botha,Nelspruit,Consumer,Phone,Printer,1.0,3183.26,0.1,192.24,0.15,1865.0,None,Mobile Wallet,Cancelled,,3486.91,
ORD-0002814,C11583,2024-11-11 00:00:00,Lerato,Smith,Durban,Corporate,Online,Mouse,3.0,1394.62,0.03,2.51,0.15,919.53,None,Card,Cancelled,,4669.6,
ORD-0002835,C12013,2024-12-27 00:00:00,Ryan,Naidoo,Benoni,Consumer,Store,Tablet,5.0,8835.79,0.05,94.41,0.15,6106.17,None,Mobile Wallet,Completed,Rep A,29317.16,
ORD-0002755,C11973,2025-08-29 00:00:00,Daniel,Mokoena,Durban,Consumer,Phone,Router,2.0,3362.35,0.05,88.68,0.15,2506.36,None,Cash,Completed,,7435.41,
ORD-0004392,C11421,2024-12-15 00:00:00,Ryan,Williams,Cape Town,Consumer,Marketplace,Headset,1.0,1100.68,0.08,217.02,0.0,702.25,None,EFT,Cancelled,,1229.64,
ORD-0001866,C12047,2025-12-16 00:00:00,Priya,Patel,Gqeberha,Consumer,Online,Headset,2.0,354.47,0.0,120.76,0.15,282.11,None,Card,Completed,,936.03,
ORD-0004427,C11760,2025-10-12 00:00:00,Chloe,Pillay,Gqeberha,Consumer,Phone,Monitor,1.0,5903.2,0.08,100.17,0.15,3467.31,Clearance,Bank Transfer,Returned,,6345.75,
ORD-0005749,C11717,2024-10-16 00:00:00,Siyanda,Molefe,Polokwane,Corporate,Phone,Laptop,5.0,20721.96,0.0,84.68,0.0,13462.64,None,Card,Completed,,103694.5,
ORD-0003126,C10929,2024-04-15 00:00:00,Kabelo,Botha,Johannesburg,Consumer,Phone,Headset,6.0,1258.88,0.05,73.06,0.15,917.51,New Customer,Mobile Wallet,Pending,,8325.02,
ORD-0003786,C12571,2025-09-13 00:00:00,Lerato,Khumalo,Johannesburg,Consumer,Online,Laptop,1.0,12645.02,0.03,102.57,0.15,10738.48,None,Mobile Wallet,Returned,,14208.1,
ORD-0001602,C10780,2025-02-07 00:00:00,Zanele,Pillay,Gqeberha,Consumer,Online,Printer,2.0,4885.17,0.15,37.43,0.15,3537.0,None,Card,Completed,,9587.95,
ORD-0001208,C11403,2025-03-31 00:00:00,Ryan,Nkosi,Durban,Consumer,Phone,Mouse,2.0,157.9,0.08,135.97,0.15,123.07,None,EFT,Cancelled,,360.18,
ORD-0004700,C11570,2024-09-06 00:00:00,Kabelo,Naidoo,Johannesburg,Small Business,Online,Laptop,3.0,18414.65,0.1,94.65,0.15,12048.45,Back to School,Card,Completed,,57272.12,
ORD-0004431,C12247,2025-11-20 00:00:00,Kabelo,Patel,Johannesburg,Consumer,Online,Keyboard,2.0,1038.55,0.03,37.83,0.15,617.61,None,Card,Cancelled,,2354.83,
ORD-0004364,C11415,2025-08-01 00:00:00,Jason,Botha,Johannesburg,Corporate,Marketplace,Monitor,3.0,3539.49,0.0,1.91,0.15,2166.07,New Customer,Mobile Wallet,Completed,,12213.15,
ORD-0000479,C12082,2024-11-23 00:00:00,Fatima,Smith,Johannesburg,Consumer,Marketplace,Keyboard,3.0,1879.62,0.2,10.23,0.15,1337.69,Back to School,EFT,Completed,,5197.97,
ORD-0004394,C10648,2024-08-26 00:00:00,Nomsa,Molefe,Johannesburg,Consumer,Online,Mouse,2.0,928.58,0.1,204.22,0.15,564.77,Summer Sale,Cash,Cancelled,,2126.38,
ORD-0002494,C10499,2025-08-07 00:00:00,Daniel,Nkosi,Gqeberha,Small Business,Phone,Docking Station,1.0,5173.31,0.1,77.33,0.15,3733.63,None,Card,Returned,,5431.7,
ORD-0004189,C12818,2024-03-18 00:00:00,Aisha,Mthembu,Johannesburg,Small Business,Marketplace,Headset,2.0,2035.41,0.15,128.77,0.15,1393.63,None,Card,Cancelled,,4107.99,
ORD-0003695,C11030,2024-04-23 00:00:00,Aisha,Dlamini,Johannesburg,Consumer,Online,Laptop,3.0,16778.31,0.15,37.03,0.15,12807.41,Back to School,Card,Cancelled,,49239.43,
ORD-0002485,C10917,2025-03-24 00:00:00,Megan,Mthembu,Johannesburg,Consumer,Online,Keyboard,2.0,2094.28,0.05,176.89,0.15,1551.51,None,Card,Completed,,4752.9,
ORD-0001198,C12413,2024-02-03 00:00:00,Priya,Molefe,Polokwane,Corporate,Marketplace,Mouse,1.0,1100.67,0.0,92.13,0.15,922.35,None,Card,Pending,,1357.9,
ORD-0003192,C10671,2024-06-10 00:00:00,Naledi,Dlamini,Nelspruit,Consumer,Online,Monitor,6.0,4025.7,0.15,74.82,0.15,2504.44,None,Card,Pending,,23685.56,
ORD-0004668,C10486,2024-02-09 00:00:00,Zanele,Smith,Johannesburg,Consumer,Online,Docking Station,3.0,4007.02,0.08,130.3,0.15,2461.12,None,EFT Transfer,Returned,,12848.57,
ORD-0001391,C10756,2025-07-01 00:00:00,Andile,Mokoena,Johannesburg,Consumer,Online,Laptop,3.0,21887.02,0.15,125.91,0.15,13199.75,New Customer,Card,Completed,,64309.6,
ORD-0002628,C12491,2025-11-15 00:00:00,Siyanda,Williams,Johannesburg,Consumer,Online,Laptop,1.0,15357.1,0.2,135.53,0.15,12688.95,Black Friday,Card,Completed,,14264.06,
ORD-0000646,C12202,2025-10-01 00:00:00,Siyanda,Williams,Nelspruit,Corporate,Online,Router,1.0,1871.14,0.0,144.07,0.15,1465.94,Black Friday,Card,Returned,,2295.88,
ORD-0003449,C12537,2024-10-01 00:00:00,Daniel,Naidoo,Benoni,Consumer,Online,Mouse,1.0,570.89,0.15,123.43,0.15,409.41,Black Friday,Cash, returned ,,681.48,
ORD-0003654,C11038,2024-07-05 00:00:00,Jason,Khumalo,Johannesburg,Small Business,Online,Laptop,1.0,13535.99,0.0,114.92,0.15,9645.13,Back to School,Card,Completed,,15681.31,
ORD-0000039,C12450,2025-08-31 00:00:00,Mpho,Pillay,Nelspruit,Consumer,Online,Laptop,2.0,11297.73,0.05,31.62,0.15,8363.25,Clearance,Card,Completed,,24717.17,
ORD-0005737,C11603,2025-01-23 00:00:00,Zanele,Khumalo,Benoni,Consumer,Marketplace,Laptop,3.0,14675.02,0.03,138.67,0.15,9301.01,Black Friday,Card,Cancelled,,49248.63,
ORD-0001306,C12433,2025-03-08 00:00:00,Aisha,Williams,Pretoria,Consumer,Store,Keyboard,5.0,1338.31,0.0,34.13,0.0,1129.38,None,Card,Completed,Rep E,6725.65,
ORD-0004513,C10475,2025-11-19 00:00:00,Lerato,Williams,Johannesburg,Corporate,Online,Office Chair,1.0,2854.71,0.15,107.26,0.15,1852.74,New Customer,EFT,Pending,,2897.74,
ORD-0002472,C11216,2024-08-24 00:00:00,Fatima,Williams,Bloemfontein,Consumer,Online,Laptop,4.0,12826.07,0.03,6.9,0.15,8362.63,None,Card,Completed,,57236.83,
ORD-0004810,C11921,2025-06-28 00:00:00,Jason,Smith,Johannesburg,Small Business,Online,Mouse,1.0,1230.59,0%,214.98,0.15,963.44,None,EFT,Cancelled,,1011.06,
ORD-0003843,C10808,2025-05-14 00:00:00,Naledi,Smith,Nelspruit,Small Business,Store,SSD,2.0,2108.12,0.25,65.71,0.15,1642.79,None,Card,Pending,Rep B,3702.21,
ORD-0005386,C10058,2024-01-24 00:00:00,Jason,Molefe,Johannesburg,Small Business,Marketplace,Tablet,1.0,10459.42,0.25,204.79,0.0,7996.03,None,Card,Completed,,8049.36,
ORD-0003233,C10465,2024-08-08 00:00:00,Lerato,Pillay,Durban,Consumer,Store,Laptop,3.0,10243.94,0.1,19.64,0.15,7539.07,None,EFT,Completed,Rep B,31827.06,
ORD-0003386,C12582,2024-08-17 00:00:00,Chloe,Mthembu,Benoni,Corporate,Marketplace,Printer,2.0,5451.29,0.05,164.41,0.15,-500.0,New Customer,Card,Pending,,12075.48,
ORD-0001829,C11583,2024-09-01 00:00:00,Lerato,Mokoena,Johannesburg,Consumer,Phone,Mouse,1.0,444.24,0.0,104.38,0.0,288.25,None,EFT,Returned,,548.62,
ORD-0005087,C12949,2025-12-13 00:00:00,Thabo,Nkosi,JHB, corporate ,Phone,Printer,4.0,2739.21,0.1,81.53,0.0,1722.63,None,Card,Completed,,9942.68,
ORD-0005706,C10957,2025-11-23 00:00:00,Sipho,Botha,Pretoria,Corporate,Online,Laptop,2.0,19964.24,0.05,109.07,0.15,14323.87,Clearance,Card,Completed,,43730.92,
ORD-0002946,C10358,2025-02-01 00:00:00,Thabo,Pillay,Johannesburg,Consumer,Marketplace,Docking Station,7.0,2292.78,0.1,105.03,0.15,1954.44,New Customer,Mobile Wallet,Completed,,16716.26,
ORD-0001679,C10569,2024-08-14 00:00:00,Daniel,Naidoo,Pretoria,Small Business,Online,Mouse,2.0,326.33,0.15,48.8,0.15,257.43,None,Bank Transfer,Completed,,686.77,
ORD-0005427,C12833,2025-04-14 00:00:00,Thabo,Mthembu,Cape Town,Corporate,Marketplace,Router,8.0,3248.27,0.0,118.82,0.15,2717.62,Payday Promo,Card,Returned,,30002.86,
ORD-0004565,C11919,2025-12-09 00:00:00,Naledi,Nkosi,Benoni,Corporate,Phone,Router,3.0,804.44,0.03,110.57,0.0,483.89,New Customer,MobileWallet,Completed,,2451.51,
ORD-0003556,C12128,2025-07-29 00:00:00,Sipho,Naidoo,Bloemfontein,Consumer,Online,Monitor,5.0,4805.86,0.05,30.25,0.15,3642.98,None,EFT,Completed,,26282.29,
ORD-0002343,C10938,2024-07-10 00:00:00,Priya,Smith,Cape Town,Small Business,Phone,Printer,3.0,4644.53,0.15,79.64,0.15,3642.85,None,Card,Pending,,13699.73,
ORD-0002824,C10155,2025-03-17 00:00:00,Sipho,Botha,Cape Town,Small Business,Online,SSD,1.0,1112.26,0.08,178.2,0.15,892.5,None,Card,Completed,,1354.98,
ORD-0001120,C12698,2025-06-19 00:00:00,Fatima,Khumalo,Durban,Consumer,Phone,Keyboard,8.0,839.39,0.0,66.94,0.15,659.84,None,EFT,Completed,,7789.33,
ORD-0000163,C10430,2025-11-13 00:00:00,Priya,Williams,Benoni,Small Business,Marketplace,Monitor,2.0,8468.29,0.03,94.89,0.15,6321.63,None,EFT,Completed,,18987.64,
ORD-0004689,C11596,2024-01-23 00:00:00,Daniel,Williams,Benoni,Consumer,Phone,Router,3.0,3654.92,0.1,115.94,0.0,2838.3,None,Card,Cancelled,,9984.21,
ORD-0005813,C11762,2024-05-15 00:00:00,Daniel,Molefe,Gqeberha,Consumer,Phone,Mouse,1.0,930.53,0.0,80.97,0.15,601.88,Black Friday,Cash,Completed,,1151.08,
ORD-0003816,C12631,2024-05-16 00:00:00,Megan,Mokoena,Pretoria,Corporate,Marketplace,Webcam,6.0,1776.59,0.0,14.23,0.15,1132.64,None,Mobile Wallet,Returned,,12272.72,
ORD-0005450,C11691,2025-01-21 00:00:00,Lerato,Patel,Johannesburg,Consumer,Online, headset ,4.0,1767.2,0.0,83.45,0.14,1035.25,None,EFT,Completed,,8141.87,
ORD-0005265,C12685,2025-06-15 00:00:00,Nomsa,Naidoo,Durban,Small Business,Online,Monitor,2.0,4251.35,0.15,103.15,0.15,2828.64,Back to School,EFT,Completed,,8414.54,
ORD-0002906,C12671,2025-02-06 00:00:00,Chloe,Nkosi,Pretoria,Corporate,Phone,Headset,2.0,1614.68,0.0,93.89,0.15,956.15,New Customer,Card,Completed,,3807.65,
ORD-0001705,C11406,2025-11-23 00:00:00,Naledi,Mokoena,Durban,Corporate,Online,SSD,2.0,2015.54,0.08,139.92,0.15,1408.15,None,Card,Completed,,4404.8,
ORD-0004639,C10434,2024-10-24 00:00:00,Lerato,Botha,Durban,Small Business,Marketplace,SSD,3.0,1555.64,0.0,34.98,0.15,965.38,None,Card,Returned,,5401.94,
ORD-0002527,C12338,2024-12-23 00:00:00,Daniel,Smith,Pretoria,Small Business,Marketplace,Laptop,10.0,21627.61,0.03,46.43,0.15,13572.3,Back to School,Card,Completed,,241302.43,
ORD-0005951,C10705,2024-08-04 00:00:00,Lerato,Dlamini,Johannesburg,Consumer,Marketplace,Mouse,2.0,520.87,0.15,179.51,0.0,360.15,None,Card,Completed,,1064.99,
ORD-0005809,C10373,2024-05-11 00:00:00,Siyanda,Mthembu,Cape Town,Consumer,Store,Printer,1.0,4519.57,0.03,80.51,0.15,3787.31,None,EFT,Cancelled,Rep E,5122.09,
ORD-0003610,C11841,2024-03-11 00:00:00,Sipho,Botha,Benoni,Small Business,Phone,Laptop,5.0,19569.43,0.08,79.8,0.15,14490.87,Black Friday,Card,Completed,,103602.1,
ORD-0001310,C11061,2024-10-22 00:00:00,Siyanda,Smith,Johannesburg,Consumer,Store,Laptop,1.0,12788.76,0.2,56.35,0.15,8791.04,Payday Promo,EFT Transfer,Completed,Rep B,11822.01,
ORD-0000899,C11385,2024-05-17 00:00:00,Kabelo,Pillay,Johannesburg,Corporate,Online,Webcam,5.0,1913.28,0.08,95.4,0.15,1612.64,None,Card,Completed,,10216.64,
ORD-0002165,C12852,2025-10-15 00:00:00,Siyanda,Mokoena,Johannesburg,Consumer,Online,Headset,2.0,1562.17,0.2,96.3,0.15,1188.96, summer sale ,Card,Completed,,2970.69,
ORD-0000208,C12194,2024-01-04 00:00:00,Jason,Molefe,Polokwane,Small Business,Online,Headset,1.0,1285.94,0.0,75.67,0.15,873.51,,Card,Returned,,1554.5,
ORD-0005922,C10520,2024-05-12 00:00:00,Nomsa,Khumalo,Gqeberha,Consumer,Online,Mouse,2.0,635.75,0.08,83.88,0.15,488.91,Payday Promo,Card,Completed,,1429.13,
ORD-0004533,C10962,2025-10-16 00:00:00,Lerato,Williams,Durban,Small Business,Online,Headset,1.0,2628.95,0.1,144.63,0.15,1855.99,None,Card,Completed,,2865.59,
ORD-0003887,C10442,2025-08-03 00:00:00,Andile,Patel,Benoni,Corporate,Online,SSD,3.0,2923.04,0.08,93.41,0.15,2182.71,None,Card,Completed,,9371.13,
ORD-0003674,C10794,2024-11-12 00:00:00,Andile,Nkosi,Durban,Consumer,Store,Headset,4.0,,0.2,32.23,0.15,1122.68,Clearance,Card,Pending,Rep A,6933.45,
ORD-0003306,C10384,2024-02-08 00:00:00,Lerato,Naidoo,Benoni,Consumer,Store,Monitor,1.0,1954.11,0.0,197.15,0.15,1346.48, back to school ,Card,Completed,Rep B,2444.38,
ORD-0002516,C11369,2025-10-25 00:00:00,Naledi,Patel,Polokwane,Corporate,Store,Office Chair,1.0,6238.07,0.05,110.96,0.15,3934.73,Back to School,Card,Completed,Rep C,6926.05,
ORD-0004595,C10855,2025-07-03 00:00:00,Jason,Williams,Benoni,Corporate,Online,Keyboard,2.0,521.42,0.05,196.98,0.15,410.67,None,Card,Returned,,1336.29,
ORD-0005733,C10570,2024-04-19 00:00:00,Chloe,Williams,Pretoria,Consumer,Store,Docking Station,6.0,5018.83,0.08,95.85,0.15,4291.98,None,EFT,Completed,Rep C,31955.39,
ORD-0002448,C12581,2025-07-27 00:00:00,Sipho,Pillay,Johannesburg,Consumer,Store,Monitor,5.0,8483.27,0.15,86.33,0.15,5700.12,None,Card,Completed,Rep C,41548.29,
ORD-0000521,C10667,2025-02-13 00:00:00,Fatima,Pillay,Durban,Corporate,Online,Tablet,1.0,10463.76,0.0,209.01,0.15,7953.09,None,Mobile Wallet,Completed,,12242.34,
ORD-0004346,C12437,2025-11-03 00:00:00,Lerato,Molefe,Cape Town,Consumer,Phone,Headset,2.0,1872.43,0.2,51.44,0.15,1310.91,None,Card,Completed,,3496.71,
ORD-0000441,C12823,2024-04-09 00:00:00,Megan,Mokoena,Nelspruit,Consumer,Marketplace,Webcam,2.0,1638.03,0.08,63.31,0.15,1073.77,Summer Sale,EFT,Returned,,3529.37,
ORD-0005421,C12656,2024-11-09 00:00:00,Mpho,Mokoena,Bloemfontein,Consumer,Online,Office Chair,3.0,6180.09,0.0,41.4,0.15,4933.38,None,Cash,Completed,,21362.72,
ORD-0000058,C11547,2025-09-06 00:00:00,Fatima,Mthembu,Durban,Corporate,Online, keyboard ,2.0,1756.59,0.0,187.98,0.15,1467.13,None,Card, pending ,,4228.13,
ORD-0001335,C12256,2025-04-30 00:00:00,Mpho,Smith,Johannesburg,Consumer,Online,Laptop,1.0,15595.48,0.15,132.76,0.15,9711.12,None,EFT,Pending,,15377.35,
ORD-0002682,C10778,2024-12-26 00:00:00,Megan,Mthembu,Durban,Small Business,Online,Tablet,4.0,3978.78,0.0,96.83,0.15,2908.73,Summer Sale,,Cancelled,,18399.24,
ORD-0000733,C12656,2024-05-21 00:00:00,Sipho,Botha,Pretoria,Corporate,Online,Headset,3.0,1600.43,0.0,132.37,0.15,1027.75,None,Card,Cancelled,,5653.85,
ORD-0003985,C11357,2024-08-07 00:00:00,Aisha,Mthembu,Johannesburg,Consumer,Online,Tablet,5.0,3880.3,0.1,100.48,0.0,2359.87,None,Mobile Wallet, pending ,,17561.81,
ORD-0003299,UNKNOWN-42,2025-10-24 00:00:00,Ryan,Nkosi,Johannesburg,Consumer,Online,Mouse,6.0,1161.96,0.0,51.53,0.15,927.91,None,Card,Completed,,8069.07,
ORD-0001844,C12806,2025-02-16 00:00:00,Fatima,Dlamini,Nelspruit,Small Business,Phone,Office Chair,1.0,8759.6,0.2,180.75,0.15,5218.84,None,EFT,Completed,,8239.59,
ORD-0005333,C11355,2025-01-17 00:00:00,Aisha,Pillay,Benoni,Consumer,Online,Tablet,3.0,5745.41,0.1,70.05,0.15,4117.93,None,EFT,Completed,,17909.56,
ORD-0000729,C10601,2025-10-24 00:00:00,Nomsa,Mthembu,Cape Town,Corporate,Online,Headset,1.0,2782.81,0.05,71.81,0.15,1757.43,Back to School,Card,Completed,,3112.03,2782.81
ORD-0003798,C10801,2024-05-15 00:00:00,Thabo,Mokoena,Cape Town,Consumer,Online,Laptop,1.0,11493.61,0.05,134.25,0.15,7040.38,None,EFT,Completed,,12691.02,
ORD-0002666,C11760,2025-10-20 00:00:00,Jason,Dlamini,Johannesburg,Consumer,Marketplace,Keyboard,2.0,602.9,0.08,177.01,0.15,447.29,None,Card,Returned,,1452.76,
ORD-0004111,C11812,2025-09-29 00:00:00,Aisha,Smith,Nelspruit,Small Business,Store,Laptop,6.0,9188.15,0.0,133.22,0.15,5721.37,None,Card,Cancelled,Rep D,63531.47,
ORD-0003330,C10258,2025-11-08 00:00:00,Ryan,Nkosi,Bloemfontein,Corporate,Store,Monitor,1.0,5107.08,0.0,194.88,0.15,3631.63,Clearance,Cash,Completed,Rep D,6068.02,
ORD 0003844,C10875,2025-08-24 00:00:00,Aisha,Mokoena,Johannesburg,Consumer,Store,,1.0,864.36,0.05,146.76,0.15,710.54,Payday Promo,Card,Completed,Rep B,1091.07,
ORD-0003378,C10881,2024-02-24 00:00:00,Lerato,Botha,Johannesburg,Corporate,Online,Keyboard,1.0,,0.15,131.53,0.15,213.27,None,Card,Cancelled,,488.46,
ORD-0003151,C11692,2024-12-18 00:00:00,Aisha,Dlamini,Nelspruit, consumer ,Online,Monitor,1.0,2010.27,0.15,125.74,0.15,1189.66,Clearance,Card,Completed,,2090.78,
ORD-0001823,C12291,2025-06-20 00:00:00,Thabo,Nkosi,Pretoria,Consumer,Store,Router,3.0,1731.62,10%,105.5,0.15,1280.28,Back to School,Card,Pending,Rep B,5482.18,
ORD-0004830,C11551,2025-04-15 00:00:00,Nomsa,Pillay,Johannesburg,Corporate, online ,Monitor,1.0,3605.36,0.25,212.31,0.15,2993.73,None,Cash,Pending,,3321.93,
ORD-0002808,C12349,2025-05-14 00:00:00,Aisha,Pillay,Johannesburg,Small Business,Online,Monitor,4.0,3576.28,0.0,148.49,0.15,2979.0,New Customer,Card,Completed,,16599.38,
ORD-0004837,C11321,2025-08-01 00:00:00,Lerato,Smith,Durban, small business ,Phone,Tablet,2.0,8634.87,0.03,144.02,0.15,6846.11,Payday Promo,Card,Completed,,19408.41,
ORD-0000930,C12746,2025-11-14 00:00:00,Aisha,Naidoo, bloemfontein ,Corporate,Marketplace,Tablet,1.0,7472.72,0.1,193.07,0.15,6375.31,Black Friday, mobile wallet ,Completed,,7927.34,
ORD-0001237,C10042,2025-04-25 00:00:00,Aisha,Patel,Pretoria, corporate ,Online,Laptop,4.0,15746.84,0.08,98.31,0.15,12244.39,Summer Sale,EFT,Returned,,66738.96,
ORD-0005141,C12243,2025-08-12 00:00:00,Kabelo,Pillay,Nelspruit,Corporate,Marketplace,SSD,3.0,2405.91,0.15,86.6,0.15,1774.81,Payday Promo,Card, cancelled ,,7141.95,
ORD-0000207,C10072,2025-09-28 00:00:00,Chloe,Williams,Pretoria,Small Business,Online,Monitor,1.0,7823.57,0.08,212.59,0.15,5105.19,None,Mobile Wallet,Completed,,8489.93,
ORD-0000634,C12177,2024-10-16 00:00:00,Zanele,Williams,Nelspruit,Consumer,Online,SSD,1.0,1891.87,0.2,150.05,0.15,1225.16,None,Card,Completed,,1890.57,
ORD-0000649,C11521,2025-12-19 00:00:00,Sipho,Williams,Nelspruit,Consumer,Phone, laptop ,3.0,13133.68,3%,32.18,0.15,10509.55,Payday Promo,Cash,Completed,,43984.02,
ORD-0004822,UNKNOWN-5,2024-08-30 00:00:00,Thabo,Mokoena,Durban,Corporate,Online,Keyboard,2.0,1555.38,0.05,30.31,0.15,1113.43,None,Card,Cancelled,,3428.82,
ORD-0000781,C10335,2025-02-15 00:00:00,Daniel,Khumalo,Pretoria,Consumer, online ,Monitor,5.0,6187.73,0.0,40.82,0.15,5032.75,None,Card,Completed,,35620.25,
ORD-0004754,C11347,2024-01-17 00:00:00,Nomsa,Naidoo,Cape Town,Consumer,Marketplace,Docking Station,2.0,3749.5,0.15,65.33,0.15,2204.46,None,Card,Cancelled,,7395.61,
ORD-0003665,C10810,2024-07-11 00:00:00,Andile,Pillay,Nelspruit,Consumer,Marketplace,Printer,1.0,3395.8,0.08,162.43,0.15,2028.47,Payday Promo,Card,Returned,,3755.18,
ORD-0004627,C11460,2024-08-09 00:00:00,Ryan,Dlamini,Johannesburg,Consumer,Phone,Laptop,2.0,8014.58,0.0,35.76,0.15,6847.83,Clearance,Mobile Wallet,Completed,,18469.29,
ORD-0000841,C11606,2024-06-13 00:00:00,Fatima,Williams,Polokwane,Consumer,Online,Docking Station,1.0,2552.6,0.2,77.89,0.15,1998.23,None,Mobile Wallet,Returned,,2426.28,
ORD-0004282,C12167,2025-12-08 00:00:00,Zanele,Williams,Cape Town,Small Business,Store,Headset,,1094.49,0.1,149.82,0.14,850.23,Black Friday,Card,Pending,Rep A,6887.5,
ORD-0004486,C10356,2024-05-26 00:00:00,Jason,Naidoo,Johannesburg,Consumer,Online,Office Chair,8.0,6087.15,0.0,72.74,0.15,4656.43,Summer Sale,Card,Completed,,56074.51,
ORD-0005374,C10868,2024-12-30 00:00:00,Priya,Nkosi,Johannesburg,Consumer,Online,Headset,2.0,"R 2,066.98",0.0,54.31,0.15,1330.65,None,Card,Completed,,4808.36,
ORD-0001713,C12838,2024-12-05 00:00:00,Lerato,Naidoo,Johannesburg,Corporate,Online,Mouse,5.0,651.4,0.08,78.18,0.15,498.88,New Customer,EFT,Completed,,3524.09,
ORD-0000147,C12856,2025-08-26 00:00:00,Jason,Williams,Pretoria,Corporate,Online,Tablet,5.0,3587.54,0.05,125.95,0.15,2458.08,Clearance,Card,Completed,,19722.87,
ORD-0002877,C10089,2024-11-21 00:00:00,Andile,Botha,Polokwane,Consumer, online ,Monitor,5.0,4435.77,0.0,33.78,0.15,3592.19,None,EFT, cancelled ,,25539.45,
ORD-0005203,C12712,2024-04-03 00:00:00,Zanele,Naidoo,Johannesburg,Corporate,Phone,Laptop,1.0,14146.56,0.1,119.17,0.15,9087.81,Payday Promo,Bank Transfer,Returned,,14760.85,
ORD-0001044,C12277,2025-05-28 00:00:00,Siyanda,Naidoo,Benoni, consumer ,Online,,1.0,7990.91,0.1,213.56,0.15,6037.09,None,Card,Completed,,8484.15,
ORD-0003085,C10551,2025-06-22 00:00:00,Chloe,Nkosi,Durban,Consumer,Online,Tablet,2.0,4409.11,0.0,204.1,0.15,3188.25,None,Card,Completed,,10345.04,
ORD-0003827,C12805,2025-12-25 00:00:00,Fatima,Pillay,Benoni,Consumer,Online,Laptop,1.0,13837.01,0.15,168.65,0.15,9586.45,Summer Sale,Card,Completed,,13694.33,
ORD-0000908,C11378,2024-12-18 00:00:00,Megan,Patel,Durban,Consumer,Marketplace,Webcam,2.0,1053.31,0.0,194.83,0.15,822.05,None,Bank Transfer,Completed,,2617.44,
ORD-0000758,C10541,2024-04-04 00:00:00,Ryan,Smith,Johannesburg,Corporate,Store,Mouse,10.0,1133.73,0.0,106.71,0.0,689.13,None,Cash,Pending,Rep D,11444.0,
ORD-0005018,C12566,2024-11-06 00:00:00,Kabelo,Mthembu,Johannesburg,Consumer,Online, headset ,1.0,1088.64,0.15,73.96,0.15,823.67,Payday Promo,Cash,Cancelled,,1138.11,
ORD-0001188,C10019,2024-06-01 00:00:00,Siyanda,Dlamini,Johannesburg,Small Business,Store,Mouse,10.0,366.4,0.0,32.16,0.15,277.23,None,EFT,Completed,Rep B,4245.77,
ORD-0001756,C10017,2025-11-04 00:00:00,Naledi,Smith,Durban,Consumer,Online,Laptop,2.0,7964.79,0.05,123.25,0.15,6190.68,None,Bank Transfer,Completed,,17526.33,
ORD-0003223,C12380,2024-03-04 00:00:00,Daniel,Botha,Johannesburg,Corporate,Online,Laptop,2.0,18920.03,0.15,211.87,0.15,15989.37,None,Card,Completed,,37200.52,
ORD-0001968,C10229,2025-02-18 00:00:00,Andile,Botha,Nelspruit,Consumer,Online,Laptop,1.0,18102.3,0.08,128.93,0.15,13225.67,None,Card,Cancelled,,19281.16,
ORD-0005338,C11099,2025-12-16 00:00:00,Andile,Khumalo,Cape Town,Consumer,Online,Monitor,4.0,4843.27,0.0,25.96,0.15,3186.01,None,Bank Transfer,Cancelled,,22305.0,
ORD-0001747,C11115,2024-10-05 00:00:00,Sipho,Smith,Johannesburg,Consumer,Marketplace,Office Chair,1.0,4199.43,0.1,170.5,0.15,3108.35,Back to School,Card,Pending,,4516.91,
ORD-0002047,C10398,2025-08-02 00:00:00,Daniel,Pillay,Pretoria,Consumer,Store,Mouse,1.0,184.65,0.1,208.36,0.15,122.09,None,Card,Pending,Rep B,399.47,184.65
ORD-0001247,C12407,2025-01-01 00:00:00,Andile,Botha,Johannesburg,Consumer,Online,Router,2.0,2379.56,0.1,80.36,0.15,1644.17,Clearance,Card,Returned,,5006.05,
ORD-0001071,C10625,2025-11-07 00:00:00,Aisha,Naidoo,Pretoria,Corporate,Online,,6.0,468.49,0.1,113.36,0.15,393.58,Payday Promo,Card,Pending,,3022.67,
ORD-0003477,C11480,2025-02-06 00:00:00,Siyanda,Mthembu,Johannesburg,Consumer,Phone,Tablet,1.0,4913.73,0.0,46.25,0.15,3872.03,None,Card,Completed,,5697.04,
ORD-0004965,C11310,2025-11-29 00:00:00,Daniel,Mokoena,Johannesburg,Consumer,Online,Headset,1.0,1516.14,0.0,70.42,0.15,1073.05,None,Card,Pending,,1813.99,
ORD-0004071,C12392,2025-01-06 00:00:00,Megan,Patel,Durban,Small Business,Online,Tablet,1.0,7425.8,0.05,184.71,0.0,5084.3,Back to School,Card,Pending,,7239.22,
ORD-0003892,C11716,2025-11-10 00:00:00,Jason,Mokoena,Gqeberha,Corporate,Online,Mouse,1.0,1207.65,0.03,70.02,0.14,895.78,None,EFT,Returned,,1405.44,
ORD-0001935,C12389,2024-11-07 00:00:00,Siyanda,Naidoo,Johannesburg,Corporate,Store,Headset,1.0,1792.92,0.1,125.41,0.15,1479.2,Summer Sale,Card,Completed,Rep B,1981.08,
ORD-0000428,C11956,2025-02-24 00:00:00,Daniel,Mokoena,Polokwane,Consumer,Online,Monitor,1.0,4265.85,0.08,189.78,0.15,3240.31,None,Card,Returned,,4703.04,
ORD-0005730,C10004,2025-09-26 00:00:00,Chloe,Patel,Durban,Small Business,Marketplace,SSD,1.0,1813.2,0.05,75.8,0.15,1191.12,Payday Promo,Card,Pending,,2056.72,
ORD-0001061,C12153,2024-11-07 00:00:00,Jason,Mthembu,Johannesburg,Consumer,Online,Laptop,1.0,12919.36,0.1,71.6,0.14,9306.2,None,Card,Cancelled,,13326.87,
ORD-0004997,C10587,2024-01-19 00:00:00,Mpho,Molefe,Polokwane,Corporate,Phone,Laptop,2.0,16466.04,0.03,209.59,0.15,13063.0,None,Card,Completed,,36945.32,
ORD-0001135,C11034,2024-04-25 00:00:00,Jason,Molefe,Johannesburg,Small Business,Marketplace, router ,2.0,2770.79,0.0,174.34,0.15,1638.35,Summer Sale,Cash,Completed,,6547.15,
ORD-0004412,C11594,2025-03-25 00:00:00,Kabelo,Nkosi,Pretoria,Consumer,Online,Tablet,1.0,9247.83,0.0,91.75,0.15,7121.04,None,Mobile Wallet,Returned,,10726.76,
ORD-0002145,C11485,2024-05-25 00:00:00,Thabo,Patel,Johannesburg,Corporate,Online,Office Chair,5.0,7483.0,0.2,43.83,0.15,5476.45,None,Card,Pending,,34465.64,
ORD-0000701,C12853,2024-09-11 00:00:00,Thabo,Mokoena,Polokwane,Consumer,Store,Printer,2.0,5428.45,0.03,38.87,0.15,3438.77,None,EFT,Completed,Rep E,12149.74,
ORD-0000106,C10436,17/06/2024,Fatima,Mthembu,Polokwane,Consumer,Online,SSD,1.0,2230.98,0.08,104.58,0.0,1684.32,None,Card,Completed,,2157.07,
ORD-0002365,C11525,2024-08-15 00:00:00,Sipho,Williams,Gqeberha,Consumer,Online,SSD,3.0,1341.71,0.08,2.85,0.0,1051.56,None,Card,Completed,,3705.96,
ORD-0000773,C11364,2025-05-04 00:00:00,Fatima,Mokoena,Nelspruit,Consumer,Marketplace,Webcam,2.0,1954.64,0.25,216.5,0.15,1413.66,Payday Promo,Card,Cancelled,,3588.25,
ORD-0004690,C11359,2025-04-17 00:00:00,Megan,Khumalo,Pretoria,Consumer,Marketplace,Printer,2.0,3429.83,0.0,63.21,0.0,2772.79,None,Card,Completed,,6922.88,
ORD-0000357,C11387,2024-08-24 00:00:00,Thabo,Williams,Johannesburg,Small Business,Phone,Mouse,2.0,289.44,0.2,186.28,0.15,190.77,None,Card,Pending,,718.85,
ORD-0004826,C10842,2025/05/21,Siyanda,Nkosi,Pretoria,Consumer,Store,Tablet,5.0,4433.41,0.0,53.97,0.14,3812.31,None,Bank Transfer,Completed,Rep A,25324.4,
ORD-0001298,C10053,2025-03-11 00:00:00,Sipho,Naidoo,Pretoria,Corporate,Marketplace,Tablet,2.0,7150.97,0.1,172.74,0.15,4188.16,Back to School,Card,Completed,,14975.26,
ORD-0004623,C12682,2024-12-26 00:00:00,Nomsa,Patel,Bloemfontein,Small Business,Marketplace,Webcam,7.0,468.23,0.15,127.93,0.15,362.15,Back to School,Card,Returned,,3331.77,
ORD-0002743,C10119,2024-04-30 00:00:00,Kabelo,Mokoena,Pretoria,Consumer,Store,Router,1.0,1355.85,0.03,59.81,0.0,905.4,None,Card,Completed,Rep D,1374.98,
ORD-0002965,C12424,2025-07-31 00:00:00,Kabelo,Patel,Johannesburg,Consumer,Store,Mouse,5.0,997.45,0.2,36.38,0.15,672.55,None,EFT,Cancelled,Rep D,4624.65,
ORD-0003187,C10629,2025-08-15 00:00:00,Nomsa,Naidoo,Johannesburg,Consumer,Store,Tablet,1.0,8952.84,0.0,158.36,0.15,5470.98,None,EFT,Completed,Rep A,10454.13,
ORD-0005601,C11628,2025-02-20 00:00:00,Daniel,Naidoo,Cape Town,Corporate,Online,Tablet,2.0,10153.88,0.0,92.08,0.15,6018.52,Black Friday,Card,Completed,,23446.0,
ORD-0003888,C11595,2025-03-21 00:00:00,Aisha,Nkosi,Johannesburg,Consumer,Online,Monitor,3.0,7644.42,0.15,61.41,0.15,5052.38,None,EFT,Pending,,22478.67,
ORD-0002557,C11359,2024-04-08 00:00:00,Siyanda,Mokoena,Johannesberg,Consumer,Store,Tablet,4.0,10896.16,0.05,73.6,0.15,7787.46,None,Cash,Completed,Rep E,47689.8,
ORD-0002700,C12413,2025-04-07 00:00:00,Daniel,Dlamini,Johannesburg,Corporate,Online,Mouse,5.0,796.47,0.0,58.86,0.15,511.92,None,Bank Transfer,Completed,,2903.48,
ORD-0003172,C11477,2024-08-09 00:00:00,Sipho,Smith,Johannesburg,Small Business,Online,Printer,2.0,2149.57,0.1,173.68,0.15,1471.33,None,Card,Completed,,4623.29,
ORD-0003057,C11856,2025-12-10 00:00:00,Aisha,Smith,Johannesburg,Consumer,Marketplace,Monitor,3.0,2932.83,,91.07,0.15,2460.33,Back to School,Card,Pending,,9703.41,
ORD-0002396,C12321,2024-12-02 00:00:00,Mpho,Mthembu,Gqeberha,Consumer,Online,Laptop,6.0,19326.5,0.2,32.99,0.15,13443.98,Back to School,Card,Completed,,106715.29,
ORD-0004782,C12967,2025-12-24 00:00:00,Kabelo,Smith,Johannesburg,Consumer,Online,SSD,2.0,1234.89,0.25,211.17,0.14,996.07,None,Card,Pending,,2322.84,
ORD-0004783,C11198,2024-02-27 00:00:00,Lerato,Botha,Pretoria,Corporate,Phone,Tablet,1.0,7017.11,0.0,45.05,0.15,5479.88,None,Card,Pending,,8114.72,
ORD-0005647,C12469,2025-09-08 00:00:00,Mpho,Nkosi,Benoni,Consumer,Online,Docking Station,1.0,3962.92,0.0,112.25,0.15,2596.6,None,Card,Completed,,4669.6,
ORD-0003670,C11155,2025-05-13 00:00:00,Chloe,Dlamini,Johannesburg,Consumer,Online,Printer,1.0,4899.43,0.0,172.7,0.15,3026.57,None,Bank Transfer,Completed,,5807.05,
ORD-0001572,C10046,2025-02-23 00:00:00,Megan,Molefe,Johannesburg,Small Business,Phone,Headset,4.0,847.69,0.15,45.6,0.15,625.45, payday promo ,Card,Returned,,3360.08,
ORD-0005091,C12014,2025-06-23 00:00:00,Jason,Nkosi,Pretoria ,Corporate,Online,Router,3.0,2085.81,0.0,52.26,0.15,1431.67,None,Card,Returned,,7248.31,
ORD-0000154,C11713,2025-04-15 00:00:00,Siyanda,Mokoena,Cape Town,Consumer,Online,Mouse,2.0,669.62,0.2,177.64,0.15,441.78,New Customer,Card,Completed,,1409.75,
ORD-0003538,C11757,2025-01-28 00:00:00,Jason,Mokoena,Pretoria,Consumer,Online,Mouse,3.0,803.52,0.03,110.37,15%,506.74,None,Card,Completed,,2799.36,
ORD-0005992,C12368,2024-02-23 00:00:00,Jason,Botha,Cape Town,Consumer,Store,Mouse,1.0,1042.39,0.2,137.3,0.15,662.55,Black Friday,Card,Cancelled,Rep B,1096.29,
ORD-0004799,C10200,2024-12-01 00:00:00,Kabelo,Botha,Johannesburg,Consumer,Store,Printer,4.0,3419.43,0.05,1.35,0.15,2230.73,None,Card,Cancelled,Rep C,16024.44,
ORD-0002321,C11402,2025-06-02 00:00:00,Lerato,Williams,Cape Town,Consumer,Marketplace,Laptop,4.0,11412.51,0.2,16.08,0.15,9013.2,Payday Promo,Bank Transfer,Completed,,42014.12,
ORD-0003795,C11694,2025-01-08 00:00:00,Lerato,Nkosi,Johannesburg,Small Business,Online,Keyboard,4.0,937.72,0.03,48.13,0.15,635.65,None,EFT,Completed,,4232.25,
ORD-0000710,C11940,2025-11-28 00:00:00,Naledi,Molefe,Gqeberha,Small Business,Marketplace,Mouse,2.0,777.41,0.0,152.77,0.15,464.15,New Customer,Bank Transfer,Completed,,1940.81,
ORD-0000414,C11032,2025-10-14 00:00:00,Megan,Mthembu,Johannesburg,Consumer,Marketplace,Docking Station,2.0,2995.7,0.2,71.98,0.15,1855.29,None,EFT,Pending,,5584.07,
ORD-0004048,C12582,2024-08-02 00:00:00,Andile,Pillay,Cape Town,Consumer,Online,Monitor,1.0,4112.37,0.1,144.82,0.15,2767.66,None,Card,Completed,,4401.13,
ORD-0004042,C11551,2025-03-27 00:00:00,Jason,Mokoena,Cape Town,Consumer,Marketplace,Keyboard,10.0,1998.9,0.03,44.98,0.15,1410.95,None,Cash,Completed,,22342.67,
ORD-0001433,C10695,2024-11-16 00:00:00,Mpho,Molefe,Johannesburg,Consumer,Online,Monitor,1.0,7904.41,0.08,67.89,0.15,5564.48,Back to School,Mobile Wallet,Completed,,8430.76,
ORD-0001978,C11411,2024-03-09 00:00:00,Zanele,Patel,Cape Town,Consumer,Online,Tablet,3.0,7365.61,0.05,12.38,0.15,6297.17,None,Cash,Cancelled,,24153.17,
ORD-0005191,C10463,2024-05-31 00:00:00,Daniel,Pillay,Johannesburg,Consumer,Marketplace,Router,1.0,2465.13,0.0,158.28,0.15,2031.58,None,EFT,Completed,,2993.18,
ORD-0000321,C10260,2025-03-08 00:00:00,Nomsa,Molefe,Cape Town,Small Business,Marketplace,Keyboard,2.0,631.45,0.08,,0.15,462.38,None,Cash,Completed,,1415.54,
ORD-0002112,C11359,2025-12-16 00:00:00,Daniel,Botha,Cape Town,Consumer,Online,Tablet,4.0,4541.86,0.15,56.78,0.15,3385.57,Clearance,Card,Cancelled,,17815.44,
ORD-0002286,C11314,2025-12-25 00:00:00,Kabelo,Nkosi,Benoni,Small Business,Online,Printer,2.0,3177.31,0.08,206.07,0.15,2243.64,Payday Promo,Card,Completed,,6929.26,
ORD-0001142,C10885,2025-07-07 00:00:00,Sipho,Smith,Johannesburg,Consumer,Marketplace,Mouse,1.0,822.19,0.0,53.98,0.15,607.54,Black Friday,Mobile Wallet,Completed,,999.5,
ORD-0002721,C10355,2025-08-02 00:00:00,Ryan,Mokoena,Bloemfontein,Consumer,Phone,Mouse,1.0,856.61,0.0,96.36,0.15,649.77,None,Card,Completed,,1081.46,
ORD-0003043,C11714,2025-03-14 00:00:00,Andile,Molefe,Nelspruit,Consumer,Marketplace,Router,1.0,1615.55,0.05,38.15,0.0,945.22,Black Friday,EFT,Completed,,1572.93,
ORD-0000834,C10236,2025-03-31 00:00:00,Jason,Pillay,Benoni,Corporate,Store, laptop ,1.0,10847.29,0.1,157.93,0.0,8900.95,None,EFT,Completed,Rep C,9920.49,
ORD-0004766,C11026,2024-03-23 00:00:00,Sipho,Khumalo,Polokwane,Corporate,Store,Tablet,1.0,8093.09,0.0,139.05,0.15,4910.47,None,Card,Cancelled,Rep A,9446.11,
ORD-0004442,C11144,2025-05-13 00:00:00,Siyanda,Naidoo,Johannesburg,Consumer,Marketplace,Monitor,3.0,7423.16,0.1,38.74,0.15,5103.52,Summer Sale,Card,Returned,,23087.65,
ORD-0004803,C10858,2024-10-30 00:00:00,Ryan,Khumalo,Cape Town,Consumer,Store,Printer,1.0,5650.16,0.0,80.72,0.15,4408.8,None,Card,Completed,Rep D,6578.41,
ORD-0000172,C12274,2025-03-03 00:00:00,Naledi,Naidoo,Durban,Consumer,Store,Router,1.0,2624.44,0.0,62.51,0.15,1782.78,Back to School,Cash,Completed,Rep B,3080.61,
ORD-0004516,C11800,2025-05-21 00:00:00,Fatima,Williams,Nelspruit,Corporate,Online,Docking Station,2.0,2089.55,0.05,36.77,0.15,1502.52,Summer Sale,Card,Pending,,4602.43,
ORD-0000135,C12953,2024-10-05 00:00:00,Lerato,Molefe,Johannesburg,Corporate,Online,Printer,2.0,3369.08,0.1,,0.15,1979.52,Back to School,Card,Returned,,7146.32,
ORD-0004885,C11178,2025-07-11 00:00:00,Nomsa,Khumalo,Cape Town,Corporate,Online,Keyboard,1.0,910.56,0.0,217.15,0.0,754.8,None,Mobile Wallet,Completed,,1127.71,
ORD-0001424,C11422,2025-06-05 00:00:00,Kabelo,Pillay,Pretoria,,Store,Tablet,2.0,8593.66,0.05,208.24,0.15,6727.12,None,EFT,Completed,,18985.39,
ORD-0000440,C11092,2025-10-26 00:00:00,Chloe,Mthembu,Johannesburg,Consumer,Phone,SSD,1.0,3740.84,0.05,200.34,0.15,2371.98,None,EFT,Returned,,4287.21,
ORD-0002996,C10549,2024-08-11 00:00:00,Thabo,Khumalo,Benoni,Consumer,Online,Office Chair,4.0,4126.56,0.15,99.41,0.15,3292.07,Black Friday,Card,Completed,,16234.26,
ORD-0000035,C12941,2024-06-21 00:00:00,Nomsa,Mthembu,Johannesburg,Small Business,Store,Laptop,1.0,18984.18,0.25,190.37,0.15,13711.16,Back to School,Card,Cancelled,Rep E,16564.22,
ORD-0003831,C10803,2025-07-24 00:00:00,Lerato,Mokoena,Cape Town,Corporate,Phone,Mouse,2.0,960.17,0.25,116.64,0.15,747.74,None,Card,Completed,,1772.93,
ORD-0003794,C12146,2025-09-27 00:00:00,Megan,Smith,,Consumer,Phone,Office Chair,7.0,7469.24,0.03,24.84,0.15,5636.24,None,Card,Completed,,58348.38,
ORD-0005972,C12506,2025-05-15 00:00:00,Naledi,Khumalo,Bloemfontein,Corporate,Online,Mouse,1.0,174.54,0.08,42.05,0.15,121.1,New Customer,Card,Pending,,137.43,
ORD-0000503,C12324,2025-02-04 00:00:00,Andile,Dlamini,Bloemfontein,Consumer,Store,Headset,1.0,1918.71,0.2,45.3,0.15,1541.08,Clearance,Bank Transfer,Completed,Rep D,1810.51,
ORD-0001568,C11414,2024-12-23 00:00:00,Jason,Nkosi,Bloemfontein,Consumer,Online,Webcam,3.0,1235.36,0.08,25.48,0.0,996.84,Summer Sale,Cash,Completed,,3435.07,
ORD-0005519,C12399,2024-07-17 00:00:00,Fatima,Khumalo,Cape Town,Small Business,Marketplace,Laptop,5.0,14722.44,0.05,44.57,0.15,12037.47,None,Mobile Wallet,Cancelled,,80465.91,
ORD-0001082,C10482,2024-04-10 00:00:00,Jason,Khumalo,Pretoria,Corporate,Online,Mouse,3.0,1020.26,0.1,90.63,0.15,747.48,Payday Promo,Mobile Wallet,Returned,,3258.55,
ORD-0005586,C10565,2024-09-08 00:00:00,Lerato,Khumalo,Bloemfontein,Consumer,Online,Monitor,1.0,3115.53,0.2,210.99,0.15,2016.21,None,Bank Transfer,Returned,,3077.27,
ORD-0003460,C11908,2024-02-27 00:00:00,Sipho,Dlamini,Durban,Corporate,Phone,Webcam,3.0,1260.24,0.08,28.37,0.15,926.34,None,Card,Cancelled,,4028.37,
ORD-0003009,C12780,2024-01-10 00:00:00,Nomsa,Mokoena,Johannesburg,Corporate,Online,Office Chair,1.0,4422.67,0.0,49.97,0.15,3097.99,None,Cash, completed ,,5136.03,
ORD 0001671,C11630,2024-03-29 00:00:00,Aisha,Naidoo,Gqeberha,Consumer,Online,Laptop,1.0,20054.97,0.0,184.76,0.15,16752.3,None,,Completed,,23247.97,
ORD-0004483,C10252,2025-02-07 00:00:00,Ryan,Mokoena,Johannesburg,Consumer,Store, router ,7.0,3794.84,0.2,140.97,0.15,3195.68,None,EFT,Completed,Rep C,24579.75,
ORD-0000339,C10321,2025-10-27 00:00:00,Mpho,Botha,Durban,Consumer,Store,Laptop,1.0,14558.95,0.05,58.82,0.0,10366.72,None,Mobile Wallet,Pending,Rep C,13889.83,
ORD-0000517,C11381,2025-02-11 00:00:00,Kabelo,Patel,Polokwane,Consumer,Store,Laptop,4.0,20445.44,0.08,-50,0.15,15021.43,None,EFT,Completed,Rep B,106268.89,
ORD-0004586,C11431,2025-05-09 00:00:00,Kabelo,Nkosi,Polokwane,Consumer,Online,Headset,1.0,2221.05,0.0,140.85,0.15,1749.36,None,Card,Returned,,2695.05,
ORD-0002332,C11584,2024-07-28 00:00:00,Zanele,Mthembu,Benoni,Corporate,Online,Router,3.0,3142.82,0.08,118.87,0.15,2399.53,Summer Sale,Card,Completed,,10094.17,
ORD-0004438,C10969,2024-01-27 00:00:00,Ryan,Molefe,Cape Town,Consumer,Online,SSD,2.0,2482.43,0.2,189.22,0.15,2010.9,None,Card,Returned,,4756.89,
ORD-0002317,C11776,2024-11-16 00:00:00,Aisha,Mthembu,Pretoria,Consumer,Store,Router,1.0,1833.57,0.08,212.53,0.15,1560.01,None,Card,Completed,Rep E,2152.45,
ORD-0000548,C12259,2024-03-05 00:00:00,Thabo,Botha,Benoni,Small Business,Store,Monitor,4.0,2111.02,0.03,21.83,0.15,1498.62,Summer Sale,EFT,Cancelled,Rep B,9441.21,
ORD-0000483,C10343,2025-08-19 00:00:00,Sipho,Khumalo,Pretoria,Consumer,Phone,Webcam,1.0,711.22,0.2,201.9,0.15,534.0,None,Mobile Wallet,Completed,,856.23,
ORD-0002778,C12175,2025-02-08 00:00:00,Jason,Mthembu,Polokwane,Consumer,Store,Keyboard,1.0,398.32,0.0,54.65,0.15,257.99,None,Cash,Completed,Rep A,512.72,
ORD-0001669,C12900,2025-01-24 00:00:00,Naledi,Williams,Johannesburg,Small Business,Online,Router,1.0,3407.36,0.05,163.57,0.15,2183.92,None,Card,Returned,,3886.12,
ORD-0001609,C10628,2025-07-28 00:00:00,Priya,Smith,Pretoria,Consumer,Online,Headset,1.0,576.62,0.0,93.82,0.14,418.61,None,Card,Completed,,751.17,
ORD-0002099,C12221,2024-02-27 00:00:00,Zanele,Khumalo,Johannesburg,Consumer,Online,Headset,1.0,1454.63,0.15,124.56,0.15,1194.43,None,Card,Cancelled,,1546.46,
ORD-0002623,C10073,2024-02-04 00:00:00,Fatima,Mthembu,Johannesburg,Corporate,Marketplace,Webcam,2.0,2090.08,0.0,199.14,0.15,1661.54,Payday Promo,Bank Transfer,Pending,,5006.32,
ORD-0000095,C11901,2025-09-15 00:00:00,Ryan,Dlamini,Durban,Corporate,Store,Laptop,1.0,12056.7,0.03,177.87,0.15,7771.65,Clearance,EFT,Completed,Rep E,13627.12,
ORD-0005723,C10544,2025-04-16 00:00:00,Sipho,Patel,Polokwane,Consumer,Online,Monitor,5.0,3650.73,3%,89.19,0.15,2577.84,New Customer,Mobile Wallet,Completed,,20451.13,
ORD-0004213,C10981,2024-08-10 00:00:00,Nomsa,Smith,Johannesburg,Corporate,Marketplace,Docking Station,2.0,2476.6,0.25,82.73,0.15,1975.07,None,Card,Completed,,4354.86,
ORD-0004132,C10246,2024-01-25 00:00:00,Andile,Molefe,Johannesburg,Consumer,Marketplace,Mouse,2.0,788.39,0.05,199.61,0.15,663.85,New Customer,Card,Completed,,1922.25,
ORD-0003696,C11795,2025-10-26 00:00:00,Aisha,Mokoena,Pretoria,Small Business,Online,Laptop,4.0,14707.07,0.0,6.91,0.14,11380.18,Payday Promo,Card,Returned,,67071.15,
ORD-0000943,C12973,2025-12-16 00:00:00,Mpho,Dlamini,Pretoria,Consumer,Online,Webcam,1.0,1947.16,0.0,137.02,0.15,1271.39,Black Friday,Card,Completed,,2376.26,
ORD-0000718,C10135,2024-06-03 00:00:00,Aisha,Mokoena,Durban,Corporate,Online,Laptop,1.0,15354.03,0.2,99.21,0.15,12380.19,None,Mobile Wallet,Completed,,14224.93,
ORD-0004988,C10434,2024-08-27 00:00:00,Priya,Mokoena,Johannesburg,Consumer,Online,Laptop,1.0,12653.6,0.1,125.29,0.15,9407.95,Summer Sale,Cash,Pending,,13221.77,
ORD-0005644,C10830,2025-09-06 00:00:00,Nomsa,Mthembu,Nelspruit,Small Business,Online,Tablet,5.0,10238.51,0.0,131.92,0.15,8681.34,Black Friday,Card,Cancelled,,59003.35,
ORD-0005947,C11052,2025-10-31 00:00:00,Nomsa,Khumalo,Nelspruit,Consumer,Phone,Monitor,1.0,6952.8,0.0,40.61,0.15,4396.43,Black Friday,Cash,Completed,,8036.34,
ORD-0000395,C10643,2025-02-07 00:00:00,,Mokoena,Johannesburg,Small Business,Online,Headset,2.0,1964.66,0.0,206.7,0.15,1275.96,None,Mobile Wallet,Completed,,4725.42,
ORD-0000049,C10512,2025-03-19 00:00:00,Andile,Dlamini, durban ,Corporate,Online,Monitor,3.0,7976.97,0.1,130.29,0.14,6114.64,Clearance,Card,Pending,,24683.39,
ORD-0004843,C12941,2025-09-29 00:00:00,Ryan,Pillay,Pretoria,Consumer,Online,Headset,8.0,1241.17,0.0,135.17,0.15,876.07,None,Card,Completed,,11553.97,
ORD-0002691,C11196,2024-08-17 00:00:00,Priya,Dlamini, durban ,Consumer,Store,Tablet,6.0,3335.94,0.03,103.51,0.15,2603.0,None,Card,Completed,Rep D,22430.95,
ORD-0003335,C11643,2024-01-18 00:00:00,Thabo,Molefe,Gqeberha,Consumer,Online,Head set,1.0,2978.11,0.0,84.37,0.15,2499.03,None,EFT,Completed,,3509.19,
ORD-0002226,C10181,2024-06-09 00:00:00,Priya,Botha,Johannesburg,Corporate,Phone,Headset,2.0,625.28,0.1,154.16,0.15,374.36,None,EFT,Completed,,1448.49,
ORD-0005536,C10582,2024-11-14 00:00:00,Chloe,Molefe,,Consumer,Phone,Webcam,5.0,907.09,0.15,51.61,0.15,701.04,None,EFT,Completed,,4485.02,
ORD-0002706,C12268,2024-05-24 00:00:00,Naledi,Khumalo,Gqeberha, corporate ,Store,Webcam,3.0,2281.07,0.15,72.72,0.0,1829.8,Back to School,Mobile Wallet,Cancelled,Rep E,5889.45,
ORD-0000582,C11369,2024-12-08 00:00:00,Nomsa,Pillay,Johannesburg,Consumer,Online,Mouse,5.0,1019.36,0.05,84.14,0.15,745.69,None,EFT,Completed,,5652.42,
ORD-0005325,C11208,2025-09-08 00:00:00,Priya,Williams,Johannesburg,Consumer,Store,Mouse,1.0,915.49,0.15,190.2,0.0,742.13,Payday Promo,Card,Completed,Rep D,968.36,
ORD-0003352,C11868,2024-11-07 00:00:00,Kabelo,Naidoo,Johannesburg,Consumer,Online,Headset,2.0,940.99,0.1,211.2,0.14,583.87,None,Card,Returned,,2142.11,
ORD-0004324,C12332,2025-03-26 00:00:00,Chloe,Molefe,Gqeberha,Consumer,Online,SSD,8.0,2612.3,0.2,142.77,0.15,1765.37,None,Card,Completed,,19369.28,
ORD-0001494,C11230,2024-05-28 00:00:00,Chloe,Williams,Johannesburg,Consumer,Online,Laptop,6.0,15736.71,0.0,131.7,0.15,10077.54,Payday Promo,Card,Completed,,76941.37,
ORD-0005804,C12283,2024-05-03 00:00:00,Andile,Patel,Pretoria,Consumer,Phone,HEADSET,1.0,14357.93,0.15,95.53,0.15,12025.89,Back to School,Card,Returned,,14130.41,
ORD-0000707,C11450,2025-11-05 00:00:00,Aisha,Pillay,Benoni,Consumer,Online,Webcam,2.0,1607.84,0.1,111.95,0.15,1026.87,Summer Sale,EFT,Completed,,3440.17,
ORD-0005696,C12221,2025-06-29 00:00:00,Thabo,,Durban,Consumer,Online,Headset,1.0,1192.69,0.1,218.03,0.0,747.78,None,Mobile Wallet,Completed,,1291.45,
ORD-0001731,C10793,2025-02-03 00:00:00,Thabo,Williams,Johannesburg,Consumer,Marketplace,Tablet,3.0,3531.95,0.05,114.51,0.15,2790.51,None,Card,Completed,,11690.46,
ORD-0003062,C12273,2024-12-05 00:00:00,Fatima,Dlamini,Johannesburg,Consumer,Store,SSD,3.0,2838.2,0.2,94.06,0.15,1950.67,New Customer,Card,Cancelled,Rep B,7927.49,
ORD-0004748,C12537,2024-05-09 00:00:00,Ryan,Patel,Nelspruit,Consumer,Store,Monitor,2.0,6725.0,0.1,36.94,0.15,4613.77,Payday Promo,Card,Completed,Rep B,13957.7,
ORD-0003604,C12586,2025-04-12 00:00:00,Megan,Nkosi,Polokwane,Consumer,Store,Printer,5.0,4567.4,0.15,77.03,0.15,3409.6,None,Bank Transfer,Completed,,22400.19,
ORD-0003983,C12811,2025-01-11 00:00:00,Thabo,Naidoo,Pretoria,Consumer,Online,Tablet,2.0,6091.92,0.0,137.52,0.15,4313.32,Black Friday,Bank Transfer,Pending,,14148.93,
ORD-0000350,C10857,2024-11-12 00:00:00,Ryan,Pillay,Polokwane,Consumer,Online,SSD,2.0,4182.02,0.03,204.13,0.15,2489.69,Back to School,Cash,Completed,,9534.21,
ORD-0004715,C11181,2025-02-14 00:00:00,Mpho,Smith,Nelspruit,Consumer,Online,Laptop,5.0,10456.86,0.08,58.12,0.15,8812.54,Clearance,EFT,Returned,,40278.01,
ORD-0004601,C10478,2024-03-21 00:00:00,Daniel,Williams,Johannesburg,Corporate,Phone,Mouse,1.0,1242.0,0.08,127.93,0.15,743.56,Back to School,Mobile Wallet,Pending,,1441.96,
ORD-0003289,C10084,2024-08-06 00:00:00,Aisha,Botha,Pretoria,Consumer,Store,Webcam,1.0,1914.81,0.03,129.48,0.0,1112.25,None,Card,Returned,Rep C,1986.84,
ORD-0003087,C11356,2025-03-09 00:00:00,Zanele,Williams,Bloemfontein,Consumer,Marketplace,Router,7.0,2024.8,5%,65.3,0.15,1521.6,None,Card,Completed,,15549.96,
ORD-0000400,C12200,2025-10-02 00:00:00,Lerato,Mthembu,Nelspruit,Consumer,Online,Docking Station,1.0,5113.18,0.03,139.0,0.15,3503.8,None,Card,Completed,,5842.75,
ORD-0003946,C11502,2024-05-05 00:00:00,Thabo,Mokoena,Johannesburg,Corporate,Store,SSD,3.0,3696.02,0.03,146.64,0.15,2823.75,Back to School,Mobile Wallet,Completed,Rep E,12515.39,
ORD-0002521,C10094,2025-07-24 00:00:00,Aisha,Dlamini,Johannesburg,Consumer,Online,Mouse,1.0,529.27,0.0,69.82,15%,372.16,Back to School,Card,Cancelled,,678.49,
ORD-0005451,C10171,2025-07-26 00:00:00,Daniel,Khumalo,Pretoria,Consumer,Marketplace,Laptop,2.0,10117.64,0.0,167.22,0.15,6499.67,None,Mobile Wallet,Cancelled,,23437.8,
ORD-0005173,C12278,2025-07-28 00:00:00,Sipho,Mokoena,Durban,Corporate,Online,Head set,6.0,14189.22,0.05,120.69,0.15,9301.72,None,Card, completed ,,93131.03,
ORD-0002432,C10386,2025-06-20 00:00:00,Megan,Naidoo,Johannesburg,Consumer,Online,Router,2.0,1672.65,0.15,165.58,0.14,1190.25,Clearance,Card,Completed,,3407.18,
ORD-0005731,C11648,2025-09-16 00:00:00,Andile,Botha,Benoni,Small Business,Marketplace,Office Chair,2.0,7500.7,0.05,141.0,0.15,5810.7,None,Card,Completed,,16530.02,
ORD-0000112,C11853,2025-02-24 00:00:00,Megan,Mokoena,Johannesburg,Consumer,Online,Webcam,2.0,2211.9,0.1,140.09,0.15,1289.18,Payday Promo,Card,Completed,,4718.71,
ORD-0001376,C12724,2024-08-13 00:00:00,Zanele,Botha,Durban,Consumer,Marketplace,SSD,2.0,2842.12,0.0,84.38,0.15,1857.49,Black Friday,Card,Completed,,6621.25,
ORD-0004248,C11161,2025-12-04 00:00:00,Mpho,Pillay,Polokwane,Corporate,Store,Monitor,1.0,4172.19,0.1,218.41,0.15,3547.73,None,Card,Cancelled,Rep A,4536.63,
ORD-0001063,C11920,2025-04-11 00:00:00,Chloe,Naidoo,Durban,Corporate,Store,Keyboard,1.0,2049.18,0.15,165.24,0.15,1292.23,None,Card,Completed,Rep C,2168.31,
ORD-0003537,C12292,2025-04-08 00:00:00,Zanele,Naidoo,Johannesburg,Corporate,Store,Office Chair,6.0,5693.82,0.0,2.47,0.15,4137.88,None,Card,Completed,Rep C,39289.84,
ORD-0003971,C12944,2024-08-11 00:00:00,Siyanda,Botha,Nelspruit,Consumer,Online,Tablet,6.0,10560.56,0.03,78.62,0.15,6181.79,None,Mobile Wallet,Completed,,70760.47,
ORD-0002953,C12458,2024-03-12 00:00:00,Daniel,Botha,Durban,Consumer,Marketplace,Tablet,1.0,10409.79,0.15,117.27,0.15,8574.28,Black Friday,EFT,Completed,,10292.84,
ORD-0005053,C12258,2024-12-09 00:00:00,Chloe,Williams,Benoni,Corporate,Marketplace,Keyboard,1.0,337.73,0.25,169.13,0.15,277.07,New Customer,Mobile Wallet,Completed,,460.42,
ORD-0005581,C11303,2025-06-06 00:00:00,Aisha,Smith,Johannesburg,Corporate,Store,Laptop,2.0,9359.67,0.1,197.03,0.15,6580.4,New Customer,Card,Cancelled,Rep B,19571.54,
ORD-0003007,C11626,2025-11-29 00:00:00,Naledi,Dlamini,Johannesburg,Consumer,Online,Tablet,1.0,8777.01,0.0,170.19,0.15,7093.7,None,Card,Returned,,10263.76,
ORD-0004012,C10702,2024-04-18 00:00:00,Aisha,Molefe,Gqeberha,Small Business,Online,Headset,4.0,1267.48,0.0,64.12,0.15,898.22,Summer Sale,Bank Transfer,Pending,,5894.55,
ORD-0002630,C11906,2024-06-27 00:00:00,Mpho,Molefe,Benoni,Consumer,Store,Monitor,4.0,4123.66,0.03,109.97,0.15,3344.58,None,,Completed,Rep A,18509.72,
ORD-0005201,C10473,2025-02-25 00:00:00,Daniel,Naidoo,Bloemfontein,Consumer,Online,Tablet,1.0,3545.93,0.05,102.46,0.15,2699.69,Back to School,EFT,Cancelled,,3976.39,
ORD-0000317,C10598,2024-07-12 00:00:00,Naledi,Pillay,Durban,Consumer,Online,Webcam,3.0,1442.68,0.03,68.2,0.15,1148.81,Back to School,Mobile Wallet,Completed,,4896.13,
ORD-0003261,C10584,2024-02-16 00:00:00,Aisha,Pillay,Durban,Consumer,Online,Headset,8.0,2711.42,0.0,38.21,0.15,2160.3,New Customer,Card,Completed,,24983.24,
ORD-0001898,C10980,2024-04-16 00:00:00,Thabo,Mthembu,Johannesburg,Corporate,Marketplace,Headset,1.0,1893.98,0.05,61.37,0.14,1151.15,None,Cash,Cancelled,,2803.32,
ORD-0004935,C10356,2025-01-20 00:00:00,Jason,Dlamini,Johannesburg,Consumer,Store,Office Chair,1.0,2125.33,0.0,81.04,0.15,1519.6,None,EFT,Completed,Rep B,2525.17,
ORD-0003011,C12939,2025-06-28 00:00:00,Fatima,Molefe,Benoni,Consumer,Online,Laptop,63.0,14505.71,0.08,81.87,0.15,11821.05,Back to School,EFT,Returned,,46123.01,
ORD-0004222,C12154,09-23-2025,Megan,Smith,Johannesburg,Small Business,Online,Monitor,1.0,5257.49,0.08,127.9,0.15,4143.62,Back to School,Card,Pending,,5690.32,
ORD-0003578,C11991,2024-11-19 00:00:00,Daniel,Botha,Johannesburg, consumer ,Store,Keyboard,5.0,822.13,0.2,65.92,0.15,557.68,None,Card,Cancelled,Rep D,3847.74,
ORD-0003468,C12204,2025-03-20 00:00:00,Ryan,Molefe,Durban,Small Business,Store,SSD,2.0,3178.75,0.1,183.79,0.15,2056.84,None,Mobile Wallet,Returned,Rep E,6763.81,
ORD-0000984,C11432,2024-12-13 00:00:00,Kabelo,Mthembu,Polokwane,Consumer,Online,Router,2.0,3523.08,0.05,72.42,0.15,2356.19,None,EFT,Cancelled,,7770.34,
ORD-0005410,C11458,2024-04-30 00:00:00,Aisha,Williams,Cape Town,Consumer,Phone,Webcam,2.0,754.13,0.0,191.43,0.15,600.14,None,Card,Completed,,1925.92,
ORD-0003362,C12586,2024-08-10 00:00:00,Chloe,Pillay,Durban,Small Business,Online,Monitor,1.0,3834.59,0.05,202.2,0.15,2728.94,New Customer,Card,Pending,,4391.49,
ORD-0003813,C11371,2025-06-06 00:00:00,Megan,Botha,Bloemfontein,Consumer,Marketplace,Laptop,3.0,8746.77,0.05,8.09,0.15,5321.14,None,Bank Transfer,Completed,,28675.62,
ORD-0001541,C10647,2024-06-13 00:00:00,Megan,Dlamini,Gqeberha,Consumer,Marketplace, laptop ,1.0,10444.87,0.1,122.23,0.15,6341.35,None,,Completed,,10932.67,10444.87
ORD-0005975,C10431,2025-01-03 00:00:00,Priya,Botha,Nelspruit,Consumer,Marketplace,Mouse,1.0,550.9,0.05,204.74,0.15,320.09,Payday Promo,Mobile Wallet,Completed,,806.59,
ORD-0005965,C12609,2025-09-22 00:00:00,Chloe,Pillay,Polokwane,Consumer,Store,Headset,6.0,389.89,0.1,12.9,0.15,334.18,None,Card,Completed,Rep B,2434.13,
ORD-0001795,C11231,2024-04-04 00:00:00,Chloe,Mthembu,Johannesburg,Consumer,Store,Mouse,5.0,"R 1,150.39",0.03,48.76,0.0,964.29,Back to School,Mobile Wallet,Pending,Rep D,5628.12,
ORD-0003140,C10062,2024-04-10 00:00:00,Ryan,Mokoena,Johannesburg,Consumer,Online, keyboard ,7.0,1017.45,0.1,53.98,0.15,798.32,None,Mobile Wallet, completed ,,7425.37,
ORD-0005207,C12524,2025-02-11 00:00:00,Priya,Mokoena,Pretoria,Corporate,Online,Mouse,5.0,590.84,0.08,39.72,0.15,368.57,Payday Promo,Card,Completed,,3165.25,
ORD-0003895,C10579,2025-08-23 00:00:00,Andile,Pillay,Johannesburg,Corporate,Online,Laptop,1.0,14157.56,0.0,116.5,0.15,11313.93,None,Card,Completed,,16397.7,
ORD-0000001,C12953,2024-10-10 00:00:00,Mpho,Botha,Benoni,Corporate,Online,Mouse,1.0,421.05,0.0,63.5,0.15,290.36,None,EFT,Completed,,547.7,
ORD-0005734,C10805,2025-11-15 00:00:00,Megan,Khumalo,Johannesburg,Consumer,Online,,4.0,228.43,0.2,143.85,0.15,139.84,None,Card,complete,,984.46,
ORD-0001743,C10146,2025-04-02 00:00:00,Lerato,Smith,Benoni,Consumer,Online,Laptop,1.0,20366.73,0.15,172.64,0.15,15747.19,None,Cash,Cancelled,,20081.12,
ORD-0000501,C11914,2025-06-10 00:00:00,Aisha,Dlamini,Gqeberha,Small Business,Online,Keyboard,7.0,R 482.22,0.15,88.05,0.15,406.23,Back to School,Cash,Completed,,3387.67,
ORD-0000337,C11200,2024-05-10 00:00:00,Ryan,Dlamini,Pretoria ,Consumer,Marketplace,Office Chair,1.0,8280.14,0.0,152.76,0.15,5339.82,New Customer,Card,Completed,,9674.92,
ORD-0003014,C11357,2024-04-05 00:00:00,Sipho,Smith,Benoni,Corporate,Online,Tablet,3.0,8028.72,0.08,128.67,0.15,6733.14,New Customer,Card,Cancelled,,25611.83,
ORD-0003287,C11472,2024-07-22 00:00:00,Daniel,Pillay,Cape Town,Consumer,Store,Headset,2.0,2585.53,0.15,212.08,0.15,2150.88,Clearance,Card,Returned,Rep D,5266.79,
ORD-0005568,C11351,2024-08-08 00:00:00,Jason,Naidoo,Gqeberha,Consumer,Online,Webcam,1.0,1858.3,0.05,125.01,0.15,1225.71,None,Card,Returned,,2155.2,
ORD-0005268,C12795,2025-06-14 00:00:00,Chloe,Williams,Pretoria,Consumer,Online,Webcam,5.0,1859.31,0.0,125.12,0.15,1216.47,Payday Promo,EFT,Returned,,10816.17,
ORD-0001955,C12077,2025-06-27 00:00:00,Andile,Mokoena,Cape Town,Consumer,Online,Headset,2.0,855.44,0.08,95.95,0.15,726.11,Clearance,EFT,Completed,,1906.05,
ORD-0000531,C11690,2025-10-21 00:00:00,Naledi,,Polokwane,Small Business,Marketplace,Mouse,3.0,832.92,0.1,33.09,0.15,644.66,None,Mobile Wallet,Cancelled,,2619.3,
ORD-0003886,C10717,2025-02-12 00:00:00,Thabo,Botha,Nelspruit,Consumer,Store,Docking Station,1.0,2632.48,0.25,120.22,0.14,2222.24,None,Card,Completed,Rep E,2370.99,
ORD-0004621,C12931,2024-02-15 00:00:00,Naledi,Khumalo,Johannesburg,Small Business,Store,Tablet,1.0,4218.38,0.05,149.19,0.15,2544.23,Summer Sale,EFT,Completed,Rep C,4757.77,
ORD-0002161,C10531,2025-11-26 00:00:00,Siyanda,Khumalo,Johannesburg,Small Business,Store,Tablet,1.0,4423.06,0.25,158.52,0.15,2956.99,None,Card,Completed,Rep E,3973.41,
ORD-0001305,C11326,2025-05-10 00:00:00,Priya,Naidoo,Durban,Corporate,Online,SSD,6.0,4149.54,0.1,65.04,0.15,3402.81,Payday Promo,Card,Completed,,25833.7,
ORD-0002707,C11603,2024-09-14 00:00:00,Zanele,Mthembu,Polokwane,Consumer,Marketplace,Mouse,2.0,327.07,0.0,152.88,0.14,274.37,None,Card, completed ,,898.61,
ORD-0000265,C10511,2025-05-08 00:00:00,Megan,Khumalo,Benoni,Corporate,Online, mouse ,,1211.73,0.0,151.76,0.15,918.77,New Customer,Mobile Wallet,Returned,,1545.25,
ORD-0004633,C12372,2024-09-05 00:00:00,Sipho,Mthembu,Polokwane,Small Business,Marketplace,Laptop,1.0,10869.56,0.03,151.96,0.15,7858.05,None,Card,Cancelled,,12276.96,
ORD-0005140,C12226,2024-08-13 00:00:00,Lerato,Botha,Johannesburg,Consumer,Online,Laptop,3.0,15862.45,0.1,147.19,0.15,11583.86,Clearance,Cash,Returned,,49400.09,
ORD-0003428,C10886,2024-10-11 00:00:00,Aisha,Mokoena,Nelspruit,Consumer,Store,SSD,2.0,1944.44,0.2,177.06,0.15,1213.42,Clearance,Bank Transfer,Completed,Rep A,3754.83,
ORD-0004053,C10990,2024-07-10 00:00:00,Lerato,Pillay,Johannesburg,Corporate,Online,Tablet,1.0,10372.69,0.08,170.56,0.15,6599.79,Summer Sale,Cash,Completed,,11144.87,
ORD-0004909,C11477,2025-02-20 00:00:00,Chloe,Naidoo,Cape Town,Consumer,Phone,Keyboard,1.0,1119.01,0.1,49.7,0.15,688.57,Back to School,Mobile Wallet,Completed,,1207.88,
ORD-0002385,C10827,2024-03-08 00:00:00,Mpho,Pillay,Benoni,Corporate,Online,Headset,3.0,1558.79,0.0,128.59,0.15,1143.4,None,Cash,Pending,,5506.42,
ORD-0003326,C12779,2024-10-23 00:00:00,Kabelo,Molefe,Johannesburg,Small Business,Store,Monitor,4.0,5445.46,0.0,10.76,0.15,4077.04,Summer Sale,Cash,Returned,Rep D,25059.86,
ORD-0005555,C12768,2024-12-19 00:00:00,Kabelo,Patel,Benoni,Consumer,Marketplace,Laptop,3.0,7659.53,0.0,14.5,0.15,5610.02,None,Card,Completed,,26439.86,
ORD-0001684,C12729,2025-11-30 00:00:00,Lerato,Patel,Bloemfontein, corporate ,Online,Keyboard,1.0,565.27,0.25,56.95,0.15,438.38,None,EFT,Pending,,544.5,
ORD-0003796,C11695,2025-08-09 00:00:00,Daniel,Mokoena,Gqeberha,Consumer,Online,Tablet,3.0,5274.74,0.15,19.82,0.0,3106.19,Summer Sale,Cash,Completed,,13470.42,
ORD-0004686,C11563,2025-01-28 00:00:00,Mpho,Pillay,Nelspruit,Consumer,Online,Keyboard,2.0,1630.89,0.03,171.99,0.0,1232.4,None,Cash,Completed,,3335.91,
ORD-0005825,C12404,2024-10-04 00:00:00,Sipho,Dlamini,Johannesburg,Corporate,Store,Laptop,2.0,15875.23,0.0,207.7,0.15,13487.72,Back to School,Mobile Wallet,Completed,Rep B,36720.72,
ORD-0000359,C12279,2025-02-10 00:00:00,Sipho,Naidoo,Johannesburg,Consumer,Marketplace,SSD,1.0,1600.88,0.0,44.17,0.0,1301.55,None,Card,Pending,,1645.05,
ORD-0002667,C10857,2024-01-02 00:00:00,Naledi,Nkosi,Benoni,Small Business,Phone,Webcam,1.0,1988.92,0.15,139.88,0.15,1455.93,Back to School,Mobile Wallet,Cancelled,,2084.05,
ORD-0004892,C10755,2024-07-27 00:00:00,Zanele,Mokoena,Polokwane,Corporate,Store,Office Chair,3.0,7562.15,0.1,118.75,0.15,5908.75,None,Card,Completed,Rep D,23599.21,
ORD-0002006,C12563,2024-05-28 00:00:00,Daniel,Khumalo,Benoni,Corporate,Phone,Laptop,1.0,11291.28,0.1,210.26,0.15,9186.62,Summer Sale,Card,Completed,,11896.74,
ORD-0001911,C11318,2024-10-08 00:00:00,Mpho,Nkosi,Johannesburg,Consumer,Online,Mouse,3.0,505.2,0.08,127.96,0.15,339.01,None,Card,Completed,,1731.48,
ORD-0001175,C11957,2025-11-18 00:00:00,Naledi,Pillay,Johannesburg,Corporate,Marketplace,Monitor,1.0,6312.05,0.08,44.05,0.15,3760.49,Black Friday,EFT,Completed,,6722.2,
ORD-0001091,C10403,2025-05-12 00:00:00,Daniel,Naidoo,Pretoria,Corporate,Online,SSD,2.0,3334.75,0.05,49.09,0.15,2007.24,Summer Sale,Card,Pending,,7335.52,
ORD-0004461,C10320,2025-10-24 00:00:00,Zanele,Mokoena,Benoni,Corporate,Store,Webcam,5.0,1642.75,0.0,136.33,0.15,975.73,None,Mobile Wallet,Completed,Rep C,9582.16,
ORD-0003811,C12192,2024-12-06 00:00:00,Jason,Williams,Johannesburg,Small Business,Phone,Keyboard,1.0,2028.9,0.05,107.49,0.15,1660.04,None,Card,Completed,,2324.07,
ORD-0000797,C12921,2025-02-28 00:00:00,Mpho,Molefe,Polokwane,Consumer,Online,Tablet,4.0,9073.35,0.1,37.47,0.15,6086.41,None,EFT Transfer,Cancelled,,37601.12,
ORD-0002852,C11690,2025-03-03 00:00:00,Fatima,Mthembu, durban ,Consumer,Online,Headset,5.0,947.0,0.0,40.47,0.15,767.25,Black Friday,Card,Completed,,5485.73,
ORD-0000540,C11126,2025-01-26 00:00:00,Kabelo,Molefe,Pretoria, consumer ,Marketplace,Mouse,3.0,390.06,0.05,131.24,0.15,308.02,None,EFT,Completed,,1409.66,
ORD-0004259,C12622,2024-04-02 00:00:00,Thabo,Pillay,Benoni,Corporate,Online,Router,5.0,2542.27,0.08,111.98,0.15,1714.87,Back to School, mobile wallet ,Completed,,13560.57,
ORD-0004063,C12284,2025-09-30 00:00:00,Ryan,Molefe,Johannesburg,Consumer,Marketplace,Mouse,2.0,240.43,0.15,171.63,0.15,203.31,None,Cash,Returned,,641.67,
ORD-0005692,C12294,2025-02-16 00:00:00,Nomsa,Mokoena,Durban,Consumer,Phone,Laptop,5.0,21831.46,0.0,106.41,0.0,15719.11,New Customer,Mobile Wallet,Completed,,109263.7,
ORD-0002539,C12374,2024-04-03 00:00:00,Aisha,Khumalo,Benoni,Consumer,Store,Mouse,2.0,512.48,0.1,181.36,0.15,349.95,Back to School,Card,Completed,Rep D,1242.2,
ORD-0003071,C11200,2024-04-14 00:00:00,Siyanda,Khumalo,Cape Town,Consumer,Online,Mouse,1.0,1179.49,0.0,77.13,0.15,1005.82,None,Card,Cancelled,,1433.54,
ORD-0004538,C12141,2025-08-29 00:00:00,Sipho,Pillay,Pretoria ,Corporate,Phone,Mouse,1.0,252.03,0.0,191.83,0.15,150.47,None,Card,Completed,,481.66,
ORD-0003643,C11979,2025-09-24 00:00:00,Thabo,Khumalo,Durban,Consumer,Online,Tablet,4.0,9697.82,0.05,13.35,0.15,5977.52,Summer Sale,Bank Transfer,Completed,,42392.83,
ORD-0000693,UNKNOWN-39,2025-07-02 00:00:00,Thabo,Patel,Bloemfontein,Corporate,Store,Laptop,4.0,17643.36,0.25,45.16,0.15,13263.86,None,Card,Returned,Rep C,60914.74,
ORD-0001648,C11559,2025-08-06 00:00:00,Priya,Pillay,Johannesburg,Consumer,Phone,Webcam,4.0,1109.82,0.05,18.23,0.15,850.47,None,Card,Completed,,4868.15,
ORD-0001618,C10216,2025-09-26 00:00:00,Zanele,Mokoena,Johannesburg,Consumer,Online,Tablet,3.0,6428.44,0.15,7.78,0.15,4274.45,Clearance,Card,Cancelled,,18859.18,
ORD-0002368,C10085,2024-01-01 00:00:00,Aisha,Dlamini,Cape Town,Consumer,Marketplace,SSD,1.0,2157.57,0.25,72.49,0.15,1536.05,None,Card,Completed,,1933.39,2157.57
ORD-0001286,C10700,2024-11-18 00:00:00,Chloe,Mokoena,Johannesburg,Consumer,Online,Printer,2.0,5806.46,0.1,42.36,0.15,3711.38,None,EFT,Completed,,12061.73,
ORD-0005828,C11776,2024-03-31 00:00:00,Siyanda,Mthembu,Pretoria,Corporate,Online,SSD,5.0,2175.91,0.0,53.44,0.15,1424.82, none , eft ,Returned,,12329.25,
ORD-0000659,C12077,2025-01-03 00:00:00,Chloe,Naidoo,Johannesburg,Corporate,Online,Monitor,3.0,3423.44,0.0,42.9,0.15,2647.98,New Customer,Cash,Returned,,11853.75,
ORD-0002209,C11546,2024-11-04 00:00:00,Priya,Khumalo,Durban,Corporate,Online,Mouse,2.0,642.25,0.1,129.55,0.15,502.11,Payday Promo,Card,Returned,,1459.01,
ORD-0002384,C11387,2025-04-13 00:00:00,Lerato,Khumalo,Johannesburg,Consumer,Online,Keyboard,4.0,2132.15,0.0,23.86,0.0,1440.45,Summer Sale,Card,Completed,,8552.44,
ORD-0001365,C10145,2024-06-01 00:00:00,Fatima,Mthembu,Pretoria,Small Business,Online,Office Chair,1.0,2555.72,0.05,121.21,0.15,1572.04,None,Card,Pending,,2913.33,
ORD-0002719,C11309,2025-09-11 00:00:00,Fatima,Naidoo,Cape Town,Consumer,Phone,Keyboard,4.0,595.16,0.05,87.86,0.15,383.06,None,Mobile Wallet,Completed,,2688.72,
ORD-0001699,C10712,2025-12-19 00:00:00,Chloe,Molefe,Durban,Consumer,Store,Laptop,3.0,10433.69,0.2,19.86,0.15,8132.77,Back to School,Mobile Wallet,Cancelled,Rep A,28816.85,
ORD-0005118,C11794,2025-09-19 00:00:00,Lerato,Williams,Cape Town,Consumer,Online,Headset,1.0,1396.69,0.03,83.63,0.15,1041.88,None,Cash,Completed,,1641.63,
ORD-0003582,C12763,2025-09-21 00:00:00,Nomsa,Botha,Benoni,Consumer,Online,Webcam,8.0,649.28,0.15,91.86,0.15,507.23,Payday Promo,Card,Returned,,5169.21,
ORD-0002131,C11219,2024-02-17 00:00:00,Zanele,Khumalo,Pretoria,Consumer,Marketplace,Mouse,1.0,706.38,0.0,148.58,0.0,482.51,Summer Sale,Card,Completed,,854.95,
ORD-0001318,C11935,2024-03-02 00:00:00,Ryan,Williams,CapeTown,Consumer,Online,Tablet,2.0,10591.45,0.08,34.78,0.15,8069.38,None,Card,Completed,,22446.29,
ORD-0005114,C12578,2024-07-12 00:00:00,Daniel,Nkosi,Johannesburg,Corporate,Online,Mouse,1.0,739.03,0.03,36.5,0.15,454.08,None,Card,Completed,,860.88,
ORD-0001066,C10559,2025-04-30 00:00:00,Kabelo,Williams,Pretoria,Consumer,Store,Webcam,2.0,859.85,0.03,57.54,0.15,620.33,Clearance,Card,Completed,Rep E,1975.87,
ORD-0005162,C10564,2025-05-15 00:00:00,Priya,Mthembu,Gqeberha,Consumer,Phone,Mouse,2.0,1141.74,0.2,116.86,0.0,968.09,None,Card,Completed,,1943.64,
ORD-0003396,C11679,2024-04-14 00:00:00,Sipho,Nkosi,Cape Town,Consumer,Phone,Webcam,8.0,2321.3,0.08,55.29,0.15,1859.42,Black Friday,Mobile Wallet,Completed,,19702.73,
ORD-0000048,C12702,2025-12-10 00:00:00,Naledi,Molefe,Durban,Consumer,Online,Webcam,5.0,1433.95,0.05,148.07,0.15,943.74,Back to School,Card,Completed,,11479.38,
ORD-0001552,C10745,2025-12-16 00:00:00,Daniel,Smith,Durban,Consumer,Online,Monitor,4.0,5256.47,0.2,73.59,0.15,4083.88,Payday Promo,Mobile Wallet,Returned,,19417.39,
ORD-0005997,C10813,2025-07-27 00:00:00,Nomsa,Molefe,Polokwane,Consumer,Online,SSD,2.0,3208.63,0.0,39.89,0.0,2524.77,None,Cash,Completed,,6457.16,
ORD-0005154,C11027,2025-02-07 00:00:00,Siyanda,Nkosi,Johannesburg,Corporate,Store,Monitor,4.0,8167.64,0.0,31.97,0.15,4806.77,Summer Sale,EFT,Pending,Rep D,37603.09,
ORD-0005814,C11390,2025-08-04 00:00:00,Aisha,Patel,Cape Town,Consumer,Online,Monitor,1.0,2132.55,0.1,41.01,0.15,1338.84,None,Card,Completed,,2248.2,
ORD-0004625,C12850,2024-09-14 00:00:00,Siyanda,Pillay,Cape Town, corporate ,Phone,Headset,1.0,1299.19,0.1,205.1,0.15,901.64,None,Cash,Completed,,1549.76,
ORD-0002541,C10762,2024-08-21 00:00:00,Nomsa,Khumalo,Johannesburg,Small Business,Phone,Tablet,3.0,3468.43,0.0,53.57,0.15,2898.81,Clearance,EFT,Cancelled,,9703.94,
ORD-0005948,C12376,2025-10-25 00:00:00,Mpho,Mokoena,Johannesburg,Consumer,Store,Monitor,1.0,2232.92,0.0,73.12,0.15,1897.62,New Customer,Card,Completed,Rep A,2640.98,
ORD-0003277,C11059,2024-06-20 00:00:00,Thabo,Patel,Johannesburg,Corporate,Store,Printer,2.0,1863.62,0.05,200.93,0.15,1216.88,None,Card,Cancelled,Rep A,4272.94,
ORD-0003264,C11959,2025-08-10 00:00:00,Siyanda,Dlamini,Nelspruit,Consumer,Phone,Laptop,4.0,12196.78,0.1,0.24,0.15,9342.17,Back to School,EFT,Cancelled,,50494.93,
ORD-0003412,C12193,2024-04-08 00:00:00,Aisha,Molefe,Johannesburg,Consumer,Phone,Laptop,1.0,17001.83,0.03,194.19,0.15,14153.94,None,Card,Completed,,19159.73,
ORD-0000966,C11408,2025-06-19 00:00:00,Priya,Mthembu,Cape Town,Corporate,Phone,Laptop,4.0,"R 9,082.01",0.0,41.88,0.15,6498.94,Payday Promo,Cash,Completed,,41819.15,
ORD-0001882,C12265,2024-11-02 00:00:00,Nomsa,Williams,Gqeberha,Consumer,Online,Keyboard,7.0,1549.59,0.2,108.37,0.15,1075.92,New Customer,Mobile Wallet,Returned,,10087.74,
ORD-0003600,C10663,2025-08-24 00:00:00,Nomsa,Naidoo,Pretoria, consumer ,Online,Keyboard,4.0,1975.76,0.08,3.39,0.0,1398.28,None,EFT,Cancelled,,7274.18,
ORD-0000131,C10057,2025-08-23 00:00:00,Ryan,Naidoo,Durban,Corporate,Online,SSD,1.0,1157.11,0.05,85.28,0.15,734.2,None,Mobile Wallet,Completed,,1349.41,
ORD-0000091,C11747,2025-09-05 00:00:00,Lerato,Botha,Johannesburg,Small Business,Online,Keyboard,4.0,526.85,0.15,85.57,0.15,429.3,None,Mobile Wallet,Completed,,2145.56,
ORD-0005861,C12178,2024-08-12 00:00:00,Priya,Dlamini,Johannesburg,Consumer,Online,Printer,4.0,3007.55,0.2,29.54,0.15,2151.7,Summer Sale,EFT,Completed,,11097.32,
ORD-0002308,C12580,2025-08-22 00:00:00,Nomsa,Williams,Durban,Small Business,Phone,DockingStation,3.0,530.58,0.05,138.83,0.15,428.77,None,EFT,Completed,,1877.82,
ORD-0003545,C12390,2024-05-06 00:00:00,Zanele,Nkosi,Polokwane,Corporate,Online,Tablet,2.0,4111.87,0.15,127.17,0.15,3232.29,None,Mobile Wallet,Returned,,8165.87,
ORD-0004020,C10740,2025-02-27 00:00:00,Jason,Dlamini,Cape Town,Corporate,Online,Tablet,1.0,7515.31,0.03,127.01,0.15,5523.01,None,Cash,Pending,,8510.33,
ORD-0005870,C11696,2025-06-13 00:00:00,Zanele,Mthembu,Benoni,Corporate,Online,Monitor,2.0,3501.76,0.15,34.92,0.15,2546.06,Payday Promo,Bank Transfer,Pending,,6880.87,
ORD-0002905,C11510,2025-03-31 00:00:00,Andile,Khumalo,Polokwane,Corporate,Online,SSD,5.0,2336.77,0.1,4.75,0.15,1794.94,None,Mobile Wallet,Completed,,12097.55,
ORD-0000757,C11211,2024-12-05 00:00:00,Naledi,Smith,Gqeberha,Consumer,Online,Tablet,3.0,4657.82,0.0,116.3,0.15,3319.01,Clearance,Card, completed ,,16185.78,
ORD-0000519,C10391,2024-01-18 00:00:00,Daniel,Smith,Polokwane,Consumer,Store,SSD,4.0,925.42,0.0,10.76,0.15,640.37,None,Mobile Wallet,Completed,Rep D,4267.68,
ORD-0003239,C12584,2025-06-14 00:00:00,Ryan,Williams,Bloemfontein,Consumer,Online,Monitor,3.0,1900.68,0.2,44.99,0.15,1229.04,None,Card,Completed,,5290.88,
ORD-0001382,C12628,2025-06-09 00:00:00,Thabo,Pillay,Durban,Consumer,Online,Headset,1.0,880.27,0.1,70.83,0.0,707.24,None,Card,Completed,,863.07,
ORD-0000237,C12048,2025-10-05 00:00:00,Thabo,Botha,Polokwane,Small Business,Online,Router,2.0,3534.0,0.0,149.55,0.15,2921.8,None,EFT,Completed,,10819.91,7068.0
ORD-0002900,C12264,2024-09-28 00:00:00,Ryan,Khumalo,Pretoria,Corporate,Phone,Mouse,1.0,753.81,0.05,192.59,0.15,527.5,None,EFT,Cancelled,,1016.13,
ORD-0002612,C10514,2024-04-14 00:00:00,Nomsa,Smith,Cape Town,Consumer,Online,Headset,4.0,1431.7,0.05,131.63,0.15,1116.07,None,Mobile Wallet,Returned,,6388.14,
ORD-0005109,C11611,2024-07-08 00:00:00,Lerato,Nkosi,Johannesburg,Consumer,Online,Keyboard,1.0,1062.28,0.08,130.85,0.15,654.07,Back to School,EFT,Completed,,1254.74,
ORD-0005439,C11124,2024-08-08 00:00:00,Ryan,Patel,Pretoria,Consumer,Online,Mouse,2.0,775.81,0.0,80.03,0.15,658.94,None,Cash,Completed,,1864.4,
ORD-0005963,C11716,2025-02-12 00:00:00,Nomsa,Mthembu,Polokwane,Consumer,Phone,Monitor,4.0,4680.86,0.1,124.4,0.0,2908.77,None,Card,Completed,,16975.48,
ORD-0002320,C11307,2025-12-11 00:00:00,Fatima,Mthembu,Johannesburg,Consumer,Online,Tablet,1.0,4155.03,0.0,53.9,0.15,2769.66, back to school ,Card,Completed,,4832.18,
ORD-0000962,C12848,2025-03-19 00:00:00,Chloe,Mthembu,Cape Town,Consumer, online ,SSD,1.0,3838.3,0.2,60.65,0.15,2684.43,Payday Promo,Mobile Wallet,Completed,,3591.88,
ORD-0005007,C10097,2024-02-16 00:00:00,Ryan,Williams,Gqeberha,Consumer,Marketplace,Webcam,1.0,1753.42,0.0,172.04,0.15,1470.85,Clearance,Bank Transfer,Cancelled,,2188.48,
ORD-0002690,C12512,2025-08-02 00:00:00,Megan,Williams,Benoni,Consumer,Phone,Mouse,2.0,1331.18,0.03,88.42,0.15,928.31,Clearance,EFT,Completed,,3058.28,
ORD-0005286,C11505,2024-07-28 00:00:00,Zanele,Pillay,Pretoria,Small Business,Online, laptop ,7.0,7565.27,0.05,54.22,0.15,4938.07,None,Card,Cancelled,,57909.63,
ORD-0002998,C11150,2025-01-02 00:00:00,Naledi,Molefe,Johannesburg,Corporate,Online,SSD,1.0,3765.17,0.15,62.68,0.15,2383.72,New Customer,Cash,Completed,,3743.13,
ORD-0001404,C10767,2024-03-12 00:00:00,Aisha,Mthembu,Pretoria,Small Business,Store,Printer,1.0,5110.27,0.0,79.01,0.15,3448.85,None,Card,Cancelled,Rep C,5955.83,
ORD-0004893,C12584,2024-05-03 00:00:00,Aisha,Nkosi,Pretoria,Consumer,Store,Printer,3.0,3267.97,0.08,98.16,0.15,2144.08,Clearance,MobileWallet,Completed,Rep D,10470.68,
ORD-0005369,C11799,2024-10-12 00:00:00,Naledi,Patel,Durban,Consumer,Marketplace,Monitor,4.0,2200.74,0.05,7.5,0.15,1345.26,None,EFT,Completed,,9624.76,
ORD-0001903,C11083,2024-06-16 00:00:00,Siyanda,Patel,Bloemfontein,Small Business,Online,Tablet,3.0,9038.94,8%,57.79,0.15,6700.51,None,Mobile Wallet,Completed,,28747.38,
ORD-0003761,C11549,2024-12-03 00:00:00,,Dlamini, cape town ,Consumer,Phone,Headset,5.0,1488.84,0.0,14.37,0.15,1080.05,None,Card,Completed,,8575.19,
ORD-0001041,C11086,2025-10-08 00:00:00,Aisha,Mthembu,Johannesburg,Small Business,Online,DockingStation,5.0,6244.16,0.1,84.82,0.15,4947.99,None,Card,Pending,,32398.35,
ORD-0003273,C12790,2024-02-17 00:00:00,Daniel,Pillay,Johannesburg,Consumer,Marketplace,Webcam,1.0,1771.46,0.08,75.62,0.15,1242.94,Back to School,EFT,Completed,,1949.82,1771.46
ORD-0002126,C11004,2025-02-19 00:00:00,Daniel,Mthembu,Durban,Corporate,Online,Printer,4.0,5337.71,0.03,97.26,0.15,3618.95,None,Mobile Wallet,Returned,,23914.12,
ORD-0002769,C11735,2024-08-27 00:00:00,Sipho,Patel,Nelspruit,Small Business,Store,Keyboard,1.0,1409.51,0.0,31.47,0.15,1001.29,None,Card,Completed,Rep A,1652.4,
ORD-0001157,C12114,2025-04-12 00:00:00,Jason,Patel,Benoni,Small Business,Marketplace,Router,6.0,3173.0,0.0,11.81,0.14,2577.59,Payday Promo,Card,Completed,,21715.15,
ORD-0003092,C12345,2025-06-29 00:00:00,Chloe,Smith,Johannesburg,Corporate,Phone,Laptop,1.0,17764.78,0.0,216.77,0.14,12990.28,None,Bank Transfer,Cancelled,,20468.62,
ORD-0005526,C10621,2025-10-14 00:00:00,Lerato,Molefe,Johannesburg,Consumer,Online,Laptop,4.0,15175.37,0.1,59.65,0.0,10157.2,Payday Promo,EFT,Completed,,54690.99,
ORD-0003805,C12252,2025-05-18 00:00:00,Nomsa,Smith,Durban,Consumer,Online,Webcam,6.0,1284.57,0.1,108.27,0.15,825.5,Black Friday,Mobile Wallet,Completed,,8085.45,
ORD-0000777,C12168,2025-01-06 00:00:00,Siyanda,Mthembu,Pretoria,Corporate,Online,Webcam,5.0,2160.27,0.0,41.64,0.15,1335.54,None,Cash,Completed,,12463.18,
ORD-0002853,C12249,2024-10-31 00:00:00,Naledi,Williams,Johannesburg,Consumer,Online,Webcam,1.0,1452.16,0.0,155.01,0.15,1197.81,None,EFT,Completed,,1824.99,
ORD-0002482,C12807,2025-04-28 00:00:00,Andile,Khumalo,Gqeberha,Consumer,Online,Office Chair,1.0,8257.45,0.1,91.71,0.15,6302.56,None,Cash,Cancelled,,8638.17,
ORD-0000377,C10047,2024-06-20 00:00:00,Mpho,Nkosi,Cape Town,Corporate,Online,Docking Station,4.0,4140.16,0.1,86.63,0.15,3018.39,None,Card, completed ,,17226.88,
ORD-0001929,C12043,2025-02-23 00:00:00,Siyanda,Mokoena,Johannesburg,Corporate,Phone,Headset,1.0,2672.5,0.1,184.64,0.15,1779.37,None,EFT,Completed,,2950.68,
ORD-0002581,C10149,2024-02-09 00:00:00,Lerato,Mokoena,Pretoria,Corporate,Online,Office Chair,1.0,6080.79,0.15,162.03,0.15,3976.28,None,Cash,Completed,,6106.01,
ORD-0004013,C10882,2025-12-22 00:00:00,Fatima,Molefe,Durban,Consumer,Store,Monitor,7.0,2343.88,0.05,82.02,0.15,1380.91,None,Cash,Pending,Rep B,18006.83,
ORD-0003891,C11165,2024-05-29 00:00:00,Naledi,Botha, johannesburg ,Consumer,Marketplace,Mouse,2.0,514.48,0.0,209.23,0.15,411.84,None,EFT,Completed,,1392.53,
ORD-0003621,C11191,2024-03-19 00:00:00,Chloe,Naidoo,Polokwane,Corporate,Online,Laptop,2.0,17349.54,0.2,32.69,0.15,14137.25,Payday Promo,Card,Pending,,31955.84,
ORD-0005303,C10478,2024-10-28 00:00:00,Thabo,Nkosi,Pretoria,Consumer,Store,Headset,2.0,408.69,0.0,153.9,0.15,237.49,None,Card,Completed,Rep D,1093.89,817.38
ORD-0001354,C11635,2024-11-12 00:00:00,Zanele,Molefe,Johannesburg,Consumer,Online,Monitor,1.0,4650.79,0.0,217.44,0.0,3414.12,None,EFT,Completed,,4868.23,
ORD-0001419,C12121,22 Jan 2025,Kabelo,Molefe,Pretoria,Small Business,Store,Mouse,1.0,420.06,0.08,75.7,0.15,260.53,Payday Promo,Card,Completed,Rep C,520.12,
ORD-0003608,C12343,2025-05-03 00:00:00,Daniel,Molefe,Johannesburg,Consumer,Online,Laptop,1.0,18117.54,0.15,201.49,0.15,14741.15,Back to School,Card,Completed,,17911.38,18117.54
ORD-0003830,C11427,2024-03-11 00:00:00,Siyanda,Patel,Johannesburg,Consumer,Online,Printer,1.0,4125.92,0.03,163.35,0.15,3431.72,Summer Sale,Card,Cancelled,,4765.81,
ORD-0004030,C10812,2025-06-04 00:00:00,Fatima,Molefe,Pretoria,Corporate,Marketplace,Headset,2.0,2728.69,0.08,175.8,0.0,2306.69,Summer Sale,Card,Completed,,5196.59,
ORD-0000751,C11228,2025-07-10 00:00:00,Daniel,Mokoena,Durban,Consumer,Phone,Mouse,8.0,522.28,0.05,117.46,0.15,407.47,None,EFT,Pending,,4682.2,
ORD-0000419,C10619,2024-07-30 00:00:00,Zanele,Botha,Johannesburg,Consumer,Store,Headset,1.0,2219.57,0.1,164.09,0.15,1764.6,None,Card,Completed,Rep C,2461.35,
ORD-0001964,C10188,2024-08-29 00:00:00,Lerato,Mthembu,Cape Town,Consumer,Store,Mouse,6.0,880.98,0.05,94.31,0.15,615.06,None,Card,Completed,Rep E,5869.16,
ORD-0003456,C10609,2024-01-18 00:00:00,Nomsa,Nkosi,Johannesburg,Consumer,Online,SSD,3.0,1222.5,0.1,121.13,0.0,1025.86,None,Bank Transfer,Completed,,3421.89,
ORD-0000276,C11450,2025-01-04 00:00:00,Daniel,Nkosi,Pretoria,Consumer,Marketplace,Printer,1.0,5833.98,0.0,30.68,0.15,4971.28,Clearance,Bank Transfer,Completed,,6739.76,
ORD-0004617,C10743,2024-01-02 00:00:00,Thabo,Dlamini,Nelspruit,Small Business,Online,Laptop,1.0,9916.86,0.0,80.32,0.15,6878.04,None,Card,Pending,,11484.71,
ORD-0002943,C10887,2024-10-25 00:00:00,Thabo,,Johannesburg,Consumer,Store,Tablet,10.0,9299.41,0.15,116.79,0.15,7753.67,None,Card,Cancelled,Rep D,91018.49,
ORD-0003735,C11071,2025-05-22 00:00:00,Andile,Botha,Gqeberha,Small Business,Online,Docking Station,4.0,3306.51,0.05,148.01,0.0,2361.07,Summer Sale,Card,Pending,,12712.74,13226.04
ORD-0001591,C11470,2024-06-03 00:00:00,Ryan,Nkosi,Pretoria,Small Business,Marketplace,Headset,3.0,2399.67,0.2,46.92,0.15,1452.18,Black Friday,EFT,Cancelled,,6670.0,
ORD-0003573,C12761,2024-06-20 00:00:00,Megan,Williams,Johannesburg,Consumer,Store,Webcam,2.0,1446.7,0.25,154.56,0.0,960.9,New Customer,Card,Completed,Rep C,2324.62,
ORD-0001564,C11382,2024-03-23 00:00:00,Daniel,Smith,Bloemfontein,Small Business,Store,Mouse,6.0,708.57,0.0,79.04,0.15,595.15,Clearance,EFT,Completed,Rep D,4968.19,
ORD-0002010,C11814,2025-09-27 00:00:00,Siyanda,Dlamini,Pretoria,Small Business,Marketplace,Headset,2.0,1438.42,0.03,55.23,0.15,992.84,None,EFT,Returned,,3264.33,
ORD-0003890,C11027,2024-06-22 00:00:00,Zanele,Dlamini,Benoni,Consumer,Marketplace,Keyboard,2.0,902.77,0.03,62.23,0.15,665.54,None,Card,Completed,,2041.66,
ORD-0000464,C10590,2024-01-03 00:00:00,Andile,Smith,Durban,Consumer,Online,Router,7.0,1456.79,25%,147.41,0.0,1239.08,Summer Sale,Mobile Wallet,Returned,,7795.56,
ORD-0000329,C12229,2024-06-06 00:00:00,Jason,Mthembu,Pretoria,Consumer,Marketplace,SSD,5.0,1773.73,0.1,148.33,0.15,1442.94,Clearance,Mobile Wallet,Returned,,9327.36,
ORD-0001984,C10653,2025-10-08 00:00:00,Andile,Pillay,Gqeberha,Consumer,Store,Mouse,3.0,"R 1,188.82",0.0,102.78,0.15,794.27,None,Card,Cancelled,Rep B,4204.2,
ORD-0005213,C12329,2024-07-10 00:00:00,Kabelo,Dlamini,Gqeberha,Corporate,Online,Webcam,7.0,1461.9,0.0,76.57,0.15,1009.83,Payday Promo,Mobile Wallet,Completed,,11844.87,
ORD-0001425,C10063,2025-12-20 00:00:00,Nomsa,Dlamini,Cape Town,Corporate,Phone,Mouse,3.0,1391.04,0.0,102.86,0.15,1063.48,None,EFT,Completed,,4901.93,
ORD-0004177,C10194,2024-08-19 00:00:00,Sipho,Smith,Durban,Small Business,Marketplace,Monitor,1.0,7147.84,0.15,145.9,0.15,4191.98,None,Card,Completed,,7132.91,
ORD-0004765,C11444,2024-04-16 00:00:00,Nomsa,Mthembu,Johannesburg,Consumer,Online,Monitor,2.0,6209.34,0.15,213.96,0.15,3847.15,Summer Sale,EFT,Completed,,12353.22,
ORD-0001527,C10544,2025-08-19 00:00:00,Daniel,Williams,Durban,Corporate,Marketplace,Laptop,1.0,15827.18,0.05,74.46,0.0,10873.24,Summer Sale,Bank Transfer,Completed,,15110.28,
ORD-0003516,C11338,2025-11-13 00:00:00,Ryan,Smith,Cape Town,Consumer,Marketplace,Monitor,2.0,6478.13,0.2,50.8,0.15,4741.57,None,Bank Transfer,Completed,,11970.56,
ORD-0005332,C12264,2024-12-30 00:00:00,Zanele,Mthembu,Johannesburg,Consumer,Online,Tablet,4.0,7621.63,0.08,22.2,0.15,6455.53,Payday Promo,Mobile Wallet,Pending,,32276.93,
ORD-0005458,C12062,2025-09-16 00:00:00,Ryan,Molefe,Benoni,Consumer,Online,Webcam,3.0,1448.82,0.15,92.13,0.15,1117.17,Clearance,Mobile Wallet,Completed,,4340.8,
ORD-0002537,C10252,2024-10-11 00:00:00,Nomsa,Pillay,Johannesburg,Corporate,Store,Mouse,5.0,714.68,0.05,7.04,0.15,467.76,Summer Sale,Mobile Wallet,Completed,Rep C,3911.0,
ORD-0000363,C10019,2025-07-15 00:00:00,Megan,Pillay,Johannesburg,Consumer,Marketplace,Webcam,2.0,1604.35,0.1,109.8,0.15,1203.78,None,EFT,Pending,,3430.81,
ORD-0000580,C10252,2025-02-28 00:00:00,Jason,Williams,Johannesburg,Small Business,Phone,Tablet,2.0,3896.9,0.1,127.65,0.15,2905.71,None,Cash,Returned,,8194.24,
ORD-0005558,C12641,2024-11-11 00:00:00,Nomsa,Molefe,Durban,Small Business,Online,Keyboard,5.0,341.7,0.0,87.63,0.15,243.47,Clearance,Card,Completed,,2052.41,
ORD-0005776,C12739,2024-10-18 00:00:00,Naledi,Mthembu,Bloemfontein,Consumer,Phone,Office Chair,1.0,4778.83,0.1,47.01,0.15,4090.45,Back to School,Mobile Wallet,Returned,,4993.1,
ORD-0002924,C12358,2025-01-10 00:00:00,Naledi,Mthembu,Pretoria,Consumer,Store, monitor ,4.0,3009.82,0.0,29.39,0.15,2223.22,None,Mobile Wallet,Completed,Rep A,13874.56,
ORD-0002374,C12253,2025-07-14 00:00:00,Kabelo,Molefe,Gqeberha,Small Business,Marketplace,Router,2.0,2278.05,0.0,132.97,0.15,1579.82,None,Card,Completed,,5372.49,
ORD-0002252,C10974,2025-08-31 00:00:00,Naledi,Mthembu,Cape Town,Corporate,Online,Monitor,1.0,6756.29,0.1,38.0,0.15,4112.29,New Customer,Card,Cancelled,,7030.76,
ORD-0004295,C11170,2024-07-24 00:00:00,Thabo,Dlamini,Johannesburg,Consumer,Marketplace,SSD,1.0,1990.04,0.0,31.03,0.15,1541.75,None,Card,Returned,,2319.57,
ORD-0001492,C10556,2024-06-29 00:00:00,Andile,Naidoo,Benoni,Corporate,Phone,Head set,2.0,212.1,0.1,51.77,0.15,152.83,None,Card,Cancelled,,490.83,
ORD-0004737,C10275,2025-01-16 00:00:00,Aisha,Dlamini,Polokwane,Consumer,Online,Mouse,8.0,522.06,0.03,136.73,0.15,447.19,None,Card,Cancelled,,4795.59,
ORD-0004553,C11809,2025-03-03 00:00:00,Nomsa,Dlamini,Johannesburg,Consumer,Online,Laptop,3.0,15833.21,0.0,51.48,0.15,9379.99,Black Friday,EFT,Pending,,54676.05,
ORD-0003577,C11517,2025-12-05 00:00:00,Megan,Khumalo,Pretoria,Consumer,Online,Mouse,1.0,826.26,0.1,153.0,0.15,635.39,None,Card,Returned,,1008.18,
ORD-0000248,C12492,2024-11-03 00:00:00,Priya,Khumalo,Pretoria,Corporate,Online,Keyboard,5.0,885.17,0.0,117.01,0.15,704.14,Black Friday,Bank Transfer,Completed,,3227.04,
ORD-0004912,C12242,2025-10-17 00:00:00,Sipho,Mthembu,Cape Town,Consumer,Store,DockingStation,2.0,4204.78,0.1,121.34,0.15,3592.36,None,Card,Pending,Rep B,8825.24,
ORD-0005851,C10578,2025-11-15 00:00:00,Sipho,Dlamini,Johannesburg,Corporate,Online, monitor ,1.0,4105.99,0.15,40.93,0.15,2998.99,None,EFT,Returned,,4054.53,
ORD-0001448,C11210,2024-03-29 00:00:00,Thabo,Botha,Benoni,Consumer,Online,Headset,2.0,1541.24,0.25,51.55,0.15,1182.82,Clearance,Bank Transfer,Cancelled,,2710.19,
ORD-0005443,C12848,2025-01-09 00:00:00,Priya,Smith,Pretoria,Consumer,Phone,Laptop,2.0,21575.9,0.2,149.88,0.15,15007.8,Back to School,Card,Completed,,52279.46,
ORD-0004270,C12788,2024-05-13 00:00:00,Sipho,Molefe,Cape Town,Consumer,Online,Mouse,2.0,283.17,0.1,152.73,0.15,232.71,None,Card,Completed,,738.9,
ORD-0003623,C11399,2025-04-18 00:00:00,Chloe,Mokoena,Johannesburg,Corporate,Marketplace,Mouse,1.0,825.55,0.1,90.43,0.15,505.19,Payday Promo,Card,Completed,,944.88,
ORD-0004397,C10638,2024-01-27 00:00:00,Andile,Khumalo,Johannesburg,Corporate,Online, mouse ,1.0,1125.55,0.0,42.51,0.15,752.23,Black Friday,Mobile Wallet,Completed,,1336.9,
ORD-0004502,C11063,2025-12-25 00:00:00,Fatima,Mthembu,Gqeberha,Consumer,Online,Printer,4.0,2163.89,0.05,49.9,0.15,1472.57,None,Bank Transfer,Completed,,9506.11,
ORD-0005863,C10168,2025-10-09 00:00:00,Ryan,Nkosi,Johannesburg,Consumer,Online,Mouse,1.0,346.14,0.1,205.28,0.15,265.62,None,Bank Transfer,Cancelled,,563.54,
ORD-0005048,C10547,2024-01-29 00:00:00,Megan,Dlamini,Johannesburg,Consumer,Store,Monitor,3.0,5271.56,,49.45,0.15,3070.63,New Customer,Bank Transfer,Completed,Rep D,17326.99,
ORD-0003906,C10469,2024-10-20 00:00:00,Fatima,Nkosi,Johannesburg,Consumer,Store,Monitor,2.0,3427.21,0.1,167.8,0.15,2493.87,None,Card,Completed,Rep E,7262.12,
ORD-0005215,C10268,2025-08-14 00:00:00,Lerato,Khumalo,Pretoria,Consumer,Online,Keyboard,1.0,935.28,0.08,115.55,0.15,794.84,Payday Promo,EFT,Pending,,1105.08,
ORD-0000711,C10375,2024-02-19 00:00:00,Sipho,Botha,Nelspruit,Small Business,Marketplace,Mouse,5.0,1183.06,0.0,3.43,0.15,906.72,None,EFT,Returned,,6806.04,
ORD-0002966,C11183,2024-03-18 00:00:00,Sipho,Botha,Johannesburg,Small Business,Store,Webcam,3.0,1431.37,0.0,49.71,0.15,1152.37,Back to School,EFT,Completed,,4987.93,
ORD-0001627,C11792,2025-07-29 00:00:00,Andile,Khumalo,Johannesburg,Consumer,Online,Webcam,6.0,1766.34,,119.55,0.15,1166.22,New Customer,Bank Transfer,Completed,,11697.89,
ORD-0001008,C12860,2025-12-02 00:00:00,Mpho,Khumalo,Johannesburg,Consumer,Phone,Tablet,1.0,5796.51,0.25,146.55,0.0,3437.43,Back to School,Bank Transfer,Completed,,4493.93,
ORD-0002382,C11745,2024-02-11 00:00:00,Priya,Patel,Cape Town,Small Business,Online,Tablet,3.0,8294.53,0.1,79.66,0.15,5256.91,None,Card,Completed,,25834.19,
ORD-0001046,C10130,2025-07-15 00:00:00,Nomsa,Botha,Nelspruit,Consumer,Online,Office Chair,10.0,2319.26,0.08,93.04,0.15,1633.67,Payday Promo,Card,Returned,,24630.85,
ORD-0002945,C10151,2024-06-30 00:00:00,Nomsa,Patel, bloemfontein ,Corporate,Online,Webcam,2.0,1664.19,0.15,119.31,0.14,1147.07,New Customer,Bank Transfer,Completed,,3344.52,
ORD-0004634,C12785,2024-07-07 00:00:00,Sipho,Mthembu,Cape Town,Consumer,Online,Printer,7.0,5732.49,0.0,56.95,0.15,4536.07,Black Friday,Card,Completed,,46203.53,
ORD-0002841,C12033,2024-12-16 00:00:00,Naledi,Williams,Johannesburg,Consumer,Online,Monitor,2.0,"R 2,419.91",0.1,158.57,0.14,1949.27,None,Mobile Wallet,Completed,,5124.23,
ORD-0002609,C11798,2025-01-11 00:00:00,Thabo,Khumalo,Johannesburg,Consumer,Online,Mouse,,1158.32,0.05,210.3,0.15,905.43,None,EFT,Completed,,1475.76,
ORD-0001037,C12676,2025-06-21 00:00:00,Zanele,Mthembu,Durban,Corporate,Online,Tablet,3.0,4830.5,0.0,90.32,,4011.98,None,Bank Transfer,Cancelled,,16610.63,
ORD-0000415,C12348,2024-06-14 00:00:00,Ryan,Smith,Johannesburg,Consumer,Marketplace,Mouse,1.0,761.95,0.03,58.86,0.15,522.96,None,EFT,Completed,,908.81,
ORD-0003502,C11626,2024-09-13 00:00:00,Thabo,Dlamini,Nelspruit,Consumer,Phone,SSD,2.0,2130.91,0.03,139.42,0.15,1454.12,None,Card,Completed,,4893.49,
ORD-0003100,C11309,2025-06-02 00:00:00,Chloe,Botha,PE,Consumer,Phone,Headset,1.0,2149.1,0.2,104.93,0.15,1762.24,None,Card,Returned,,2082.11,
ORD-0004929,C11635,2025-09-21 00:00:00,Megan,Smith,Pretoria,Consumer,Marketplace,Headset,2.0,"R 2,500.90",0.0,79.73,0.15,1570.97,New Customer,Mobile Wallet,Completed,,5831.81,
ORD-0003718,C10355,2024-05-01 00:00:00,Naledi,Dlamini,Cape Town,Small Business,Store,SSD,,4047.69,0.05,112.83,0.15,3421.65,None,Card,Completed,Rep D,17801.21,
ORD-0000704,C12853,2025-04-29 00:00:00,Zanele,Mokoena,,Small Business,Online,Tablet,1.0,8757.29,0.1,39.71,0.15,6042.7,New Customer,Mobile Wallet,Cancelled,,9103.51,8757.29
ORD-0000089,C11617,2025-06-07 00:00:00,Nomsa,Smith,Johannesburg,Corporate,Online,Monitor,4.0,4561.21,0.05,76.7,0.15,3161.27,None,EFT,Completed,,20009.18,
ORD-0003671,C10428,2025-02-15 00:00:00,Lerato,Molefe,CapeTown,Consumer, online ,Headset,1.0,1979.56,0.25,217.45,0.15,1279.82,Summer Sale,Card,Returned,,1924.82,
ORD-0005005,C12763,2024-01-09 00:00:00,Zanele,Molefe,Pretoria,Corporate,Online,Mouse,5.0,476.24,0.0,132.28,0.15,402.82,Back to School,EFT,Completed,,2870.66,
ORD-0005515,C12000,2024-12-25 00:00:00,Sipho,Botha,Johannesburg,Small Business,Online,Keyboard,3.0,1896.88,0.08,91.68,0.15,1213.22,Payday Promo,Card,Pending,,6112.37,
ORD-0001857,C11240,2025-08-10 00:00:00,Daniel,Pillay,CapeTown,Small Business,Online,Mouse,2.0,675.1,0.15,132.02,0.15,468.41,Clearance,EFT,Returned,,1451.85,
ORD-0002779,C12498,2025-01-16 00:00:00,Mpho,Pillay,Pretoria,Corporate,Phone,Router,6.0,1377.23,0.1,117.39,0.0,975.52,Back to School,Card,Completed,,7554.42,
ORD-0001808,C10897,2025-13-01,Megan,Mokoena,Pretoria,Corporate,Store,Laptop,2.0,8332.44,0.1,193.09,0.15,5883.19,None,Card,Completed,Rep B,17441.24,
ORD-0005243,C12957,2024-05-20 00:00:00,Naledi,Naidoo,Pretoria,Consumer,Store,Mouse,3.0,574.96,0.2,115.69,0.15,369.55,Back to School,Cash,Cancelled,,1702.57,
ORD-0003914,C11705,2025-09-04 00:00:00,Daniel,Naidoo,Durban,Consumer,Store,Monitor,7.0,6117.52,0.05,72.48,0.15,3916.8,None,Card,Completed,Rep B,46856.18,
ORD-0005224,C12300,2025-05-09 00:00:00,Priya,Botha,Gqeberha,Consumer,Store,Printer,1.0,3280.73,0.05,146.28,0.15,1920.02,New Customer,Card,Completed,Rep C,3730.47,
ORD-0002014,C10181,2025-02-12 00:00:00,Siyanda,Smith, gqeberha ,Consumer,Online,Laptop,6.0,9673.45,0.0,11.73,0.15,6361.07,None,EFT,Completed,,66758.52,
ORD-0004171,C12663,2025-07-21 00:00:00,Fatima,Khumalo,Johannesburg,Consumer,Marketplace,Laptop,2.0,12990.66,0.1,139.37,0.15,9391.58,Back to School,EFT,Cancelled,,27030.04,
ORD-0005252,C12633,2025-09-10 00:00:00,Siyanda,Pillay,Benoni,Consumer,Online,Laptop,2.0,18086.31,0.08,88.18,15%,11024.94,Payday Promo,EFT, completed ,,38358.8,
ORD-0000933,C10846,2024-07-03 00:00:00,Thabo,Mokoena,Cape Town,Corporate,Phone,Mouse,2.0,265.55,0.15,156.5,0.15,214.48,None, eft ,Completed,,675.65,
ORD-0002164,C12145,2024-02-11 00:00:00,Kabelo,Williams,Cape Town,Consumer, marketplace ,Headset,2.0,1238.44,0.15,165.58,0.15,907.57,Payday Promo,Card,Completed,,2586.73,
ORD-0001870,C11186,2025-05-24 00:00:00,Mpho,Williams,Pretoria,Consumer,Online,Webcam,1.0,1622.56,0.2,66.14,0.15,1231.75,None,Cash,Completed,,1558.9,
ORD-0000779,C10639,2025-01-13 00:00:00,Andile,Dlamini,Cape Town,Corporate,Marketplace,Tablet,1.0,8524.3,0.0,195.09,0.15,5946.77,None,Card,Completed,,9998.04,
ORD-0005913,C10863,2025-12-03 00:00:00,Daniel,Patel,Gqeberha,Consumer,Online,Docking Station,2.0,3901.37,0.03,136.84,0.15,2548.05,Clearance,Mobile Wallet,Pending,,8840.8,
ORD-0001339,C11555,2024-02-01 00:00:00,Daniel,Khumalo,Durban,Corporate,Online,Mouse,8.0,794.75,0.1,65.82,0.15,521.46,Summer Sale,Card,Completed,,6646.31,
ORD-0005423,C11139,2025-12-06 00:00:00,Zanele,Smith,Gqeberha,Corporate,Online,Headset,4.0,1821.48,0.08,18.95,0.15,1156.76,New Customer,Card,Completed,,7727.47,
ORD-0002486,C12452,2024-11-11 00:00:00,Naledi,Naidoo,Pretoria,Consumer,Online,Monitor,7.0,6136.98,0.0,0.74,0.15,4615.82,Payday Promo,EFT,Pending,,49403.47,
ORD-0004028,C10681,2025-11-20 00:00:00,Zanele,Nkosi,Johannesburg,Small Business,Phone,Mouse,2.0,617.26,0.1,149.63,0.15,491.63,Clearance,Card,Completed,,1427.35,
ORD-0003188,C11839,2024-02-07 00:00:00,Chloe,Mokoena,Benoni,Corporate, marketplace ,Headset,6.0,1261.59,0.03,139.7,0.15,741.17,Payday Promo,Card,Completed,,8583.5,
ORD-0004849,C11425,2025-10-08 00:00:00,Fatima,Mokoena,Bloemfontein,Corporate,Online,Headset,1.0,2787.54,0.2,135.44,0.15,2164.43,None,Bank Transfer,Returned,,2699.98,
ORD-0001654,C11735,2025-11-18 00:00:00,Sipho,Smith,Gqeberha,Consumer,Online,Webcam,4.0,1330.91,0.1,113.3,0.15,1131.4,None,Card,Completed,,5623.25,
ORD-0000946,C12440,2024-01-31 00:00:00,Chloe,Patel,Johannesburg,Consumer,Online,Mouse,2.0,364.8,0.15,101.85,0.15,253.18,None,Card,Completed,,815.04,
ORD-0005438,C12384,2024-02-06 00:00:00,Nomsa,Smith,Bloemfontein,Small Business,Phone,Webcam,1.0,958.95,0.05,102.69,0.15,784.52,None,Card,Pending,,1150.34,
ORD-0005015,C12760,2025-11-06 00:00:00,Megan,Smith,Pretoria,Small Business,Phone,Keyboard,1.0,929.84,0.05,155.04,0.15,790.07,None,Cash,Cancelled,,1170.89,
ORD-0003077,C11416,2024-10-05 00:00:00,Fatima,Mokoena,Polokwane,Small Business,Marketplace,Docking Station,2.0,1979.87,0.1,102.02,0.15,1608.82,None,EFT,Pending,,4200.36,
ORD-0001246,C10849,2025-07-26 00:00:00,Ryan,Pillay,Benoni,Consumer,Online,Tablet,2.0,3685.9,0.0,142.5,0.15,3088.72,Back to School,Card,Completed,,8620.07,
ORD-0004228,C12972,2025-01-07 00:00:00,Siyanda,Khumalo,Gqeberha,Consumer,Store,Laptop,5.0,9478.39,0.15,13.12,0.15,6851.66,None,Card,Completed,Rep B,46338.73,
ORD-0004727,C12994,2024-03-27 00:00:00,Daniel,Smith,Durban,Corporate,Online,Printer,3.0,3414.01,0.08,60.57,0.15,2392.82,None,Bank Transfer,Completed,,10896.65,
ORD-0000914,C10344,2025-08-07 00:00:00,Ryan,Khumalo,Cape Town,Consumer,Store,Mouse,7.0,1326.83,0.08,75.59,0.15,1002.05,Clearance,Card,Completed,Rep A,9902.12,
ORD-0002412,C11612,05-28-2024,Kabelo,Dlamini,Cape Town,Small Business,Store,Monitor,4.0,3484.37,0.05,31.51,0.15,2591.16,None,Cash,Completed,Rep D,15258.22,
ORD-0003102,C12849,2025-05-27 00:00:00,Chloe,Pillay,Cape Town,Consumer,Store,Mouse,1.0,630.1,0.15,69.05,0.15,479.03,None,EFT,Completed,Rep C,684.97,
ORD-0002050,C11689,2024-10-09 00:00:00,Megan,Patel,Durban,Consumer,Marketplace,Keyboard,1.0,1667.73,0.05,44.63,0.15,1356.68,None,Mobile Wallet,Cancelled,,1866.63,
ORD-0005727,C12275,2024-03-09 00:00:00,Nomsa,Botha,Cape Town,Consumer,Online,Printer,1.0,2707.45,0.15,183.82,0.15,1630.6, none ,Card,Completed,,2830.35,
ORD-0004838,C10717,2025-02-08 00:00:00,Priya,Mokoena,Pretoria,Consumer,Online,Laptop,3.0,7787.02,0.25,3.75,0.0,4551.03,None,Card,Returned,,17524.55,
ORD-0002565,C11532,2025-05-16 00:00:00,Thabo,Naidoo,Johannesburg,Consumer,Marketplace,Keyboard,2.0,1175.44,0.08,42.18,0.15,832.13,Back to School,Card,Returned,,2529.42,
ORD-0001079,C11011,2025-07-19 00:00:00,Ryan,Smith,Polokwane,Consumer,Online,Tablet,5.0,9229.09,0.15,8.74,0.15,7231.47,Clearance,EFT,Completed,,45115.94,
ORD-0001758,C12767,2024-01-25 00:00:00,Mpho,Smith,Johannesburg,Corporate,Marketplace,Laptop,2.0,11775.0,0.1,73.56,0.14,7389.47,Black Friday,,Pending,,24235.87,
ORD-0001291,C12955,2025-12-01 00:00:00,Kabelo,Dlamini,Pretoria,Small Business,Marketplace,Printer,3.0,2028.44,0.15,82.38,0.15,1316.88,None,Card,Cancelled,,6030.79,
ORD-0000766,C10922,2024-12-16 00:00:00,Mpho,Dlamini,Nelspruit,Small Business,Phone,Tablet,2.0,9648.26,0.1,80.8,0.15,7412.57,None,Card,Completed,,20052.7,
ORD-0003828,C11812,2024-03-02 00:00:00,Kabelo,Mokoena,Johannesburg,Small Business,Online,Headset,2.0,2274.05,0.0,141.87,0.15,1404.86,Back to School,Card,Completed,,5372.19,
ORD-0000882,C10059,2024-10-25 00:00:00,Kabelo,Smith,Gqeberha,Corporate,Online,Keyboard,1.0,2132.45,0.05,183.14,0.15,1535.37,None,EFT,Completed,,2512.85,
ORD-0002449,C11501,2024-12-11 00:00:00,Siyanda,Smith,Pretoria,Consumer,Store,Tablet,3.0,6277.34,0.1,116.27,0.15,3862.93,,Cash,Completed,Rep C,19607.4,
ORD-0003667,C12121,2024-09-19 00:00:00,Aisha,Patel,Benoni,Consumer,Online,Tablet,1.0,5186.63,0.05,67.03,0.15,3371.5,None,Cash,Returned,,5733.42,
ORD-0003532,C10934,2025-06-19 00:00:00,Daniel,Naidoo,Durban,Corporate,Online,Laptop,1.0,11129.73,0.05,122.99,0.15,9115.61,None,Bank Transfer,Completed,,12282.21,
ORD-0005309,C11091,2024-09-03 00:00:00,Kabelo,Naidoo,Pretoria,Corporate,Online,Webcam,1.0,1431.67,0.1,206.26,0.15,873.76,None,Card,Pending,,1688.04,
ORD-0002263,C12085,2025-07-30 00:00:00,Fatima,Patel,Durban,Consumer,Marketplace,Laptop,1.0,19966.42,0.05,134.73,0.15,15979.9,None,Bank Transfer,Completed,,21948.05,
ORD-0004982,C10085,2025-10-12 00:00:00,Thabo,Nkosi,Nelspruit,Corporate,Phone,Keyboard,1.0,1676.53,0.0,58.45,0.15,1093.42,Black Friday,EFT,Cancelled,,1986.46,
ORD-0004061,C11306,2025-10-11 00:00:00,Nomsa,Dlamini,Johannesburg,Consumer,Online,Tablet,1.0,7895.42,0.08,,0.15,5225.89,Clearance,EFT,Completed,,8486.57,
ORD-0001914,C10698,2024-02-05 00:00:00,Naledi,Botha,Johannesburg,Consumer,Marketplace,Monitor,1.0,2363.04,0.0,189.05,0.15,1573.03,None,EFT,Completed,,2906.54,
ORD-0000072,C11293,2025-11-30 00:00:00,Fatima,Naidoo,Gqeberha,Corporate,Online,Printer,2.0,3743.12,0.1,219.53,0.15,2748.0,Payday Promo,Card,Completed,,7967.78,
ORD-0004023,C12972,2024-07-11 00:00:00,Zanele,Patel,Bloemfontein,Corporate,Online,Tablet,3.0,9304.94,0.08,116.86,0.15,6752.36,Payday Promo,Card,Completed,,29650.76,
ORD-0000125,C10118,2025-07-07 00:00:00,Jason,Smith,Pretoria,Small Business,Store,Router,2.0,3713.13,0.2,140.63,0.15,2154.53,None,EFT,Completed,Rep B,6972.78,
ORD-0002310,C12361,2025-05-21 00:00:00,Mpho,Smith,Johannesburg,Consumer,Store,Office Chair,4.0,3613.53,0.05,35.95,0.15,2735.05,None,EFT,Cancelled,Rep D,15827.09,
ORD 0004351,C10781,2025-03-02 00:00:00,Jason,Khumalo,Pretoria,Small Business,Online,Laptop,1.0,14098.47,0.2,123.85,0.15,8285.63,None,Card,Pending,,13094.44,
ORD-0003807,C11862,2024-06-13 00:00:00,Lerato,Botha,Gqeberha,Consumer,Online,Tablet,3.0,7881.31,0.03,51.24,0.15,5863.13,None,Card,Pending,,26426.06,
ORD-0004998,C12311,2024-02-26 00:00:00,Fatima,Botha,Johannesburg,Consumer,Online,Headset,1.0,2755.59,0.15,219.56,0.15,1954.39,None,Card,Completed,,2913.15,
ORD-0000086,C10990,2025-08-11 00:00:00,Aisha,Smith,Cape Town,Corporate,Online,Printer,4.0,3284.86,0.1,62.95,0.14,1960.68,New Customer,Card,Completed,,13544.0,
ORD-0004626,C10552,2024-03-26 00:00:00,Lerato,Naidoo,Benoni,Consumer,Online,Headset,1.0,1459.69,0.15,84.6,0.15,870.36,None,Card,Returned,,1511.45,
ORD-0005392,C11494,2025-10-02 00:00:00,Daniel,Naidoo,Bloemfontein,Consumer,Online,Laptop,1.0,9467.48,0.2,149.43,0.14,6760.49,None,Card,Completed,,8783.77,
ORD-0003638,C10045,2025-06-14 00:00:00,Chloe,Molefe,Nelspruit,Consumer,Online,Laptop,3.0,13497.49,,96.69,0.15,9880.05,Back to School,Card,Cancelled,,46663.02,
ORD-0000076,C12541,2024-01-14 00:00:00,Naledi,Dlamini,Pretoria,Consumer,Phone,Tablet,2.0,6742.87,0.0,46.78,0.15,4742.38,None, card ,Completed,,15555.39,
ORD-0002681,C10726,2025-02-12 00:00:00,Zanele,Mokoena,Durban,Consumer,Marketplace,Mouse,1.0,R 593.38,0.15,100.2,0.15,479.85,None,Card,Returned,,680.23,
ORD-0004845,C12647,2024-11-22 00:00:00,Andile,Dlamini,Pretoria,Consumer,Online,Laptop,3.0,12077.92,0.03,119.14,0.15,8746.47,None,EFT,Cancelled,,40537.9,
ORD-0003159,C12029,2024-01-02 00:00:00,Mpho,Nkosi,CapeTown,Consumer,Marketplace,Printer,1.0,5051.61,0.05,171.06,0.15,3031.75,Summer Sale,Card,Pending,,5689.94,
ORD-0004527,C12600,2025-12-22 00:00:00,Nomsa,Pillay,Nelspruit,Consumer,Phone,Tablet,2.0,3967.83,0.2,46.48,0.15,2303.73,New Customer,Card,Cancelled,,7347.3,
ORD-0000545,C11105,2024-11-30 00:00:00,Sipho,Dlamini,Pretoria,Corporate,Phone,Laptop,1.0,10432.52,0.1,145.1,0.15,7256.23,None,Mobile Wallet,Completed,,10942.75,
ORD-0002920,C12342,2025-10-30 00:00:00,Andile,Dlamini,Pretoria,Corporate,Online,Keyboard,2.0,488.24,0.0,138.91,0.0,296.28,New Customer,Cash,Completed,,1115.4,
ORD-0000259,C10127,2025-12-13 00:00:00,Mpho,Molefe,Benoni,Small Business,Online,Mouse,1.0,1043.78,0.1,91.41,0.15,801.94,None,Card,Completed,,1171.73,
ORD-0005798,C11161,2025-01-04 00:00:00,Lerato,Pillay,Pretoria,Consumer,Phone,Monitor,1.0,5515.26,0.2,116.42,0.15,4368.64,None,EFT,Completed,,5190.46,
ORD-0004644,C11212,2024-09-23 00:00:00,Andile,Mokoena,Durban,Consumer,Phone,Laptop,5.0,20836.43,0.05,27.01,0.15,17882.39,,Card,Completed,,113846.01,
ORD-0001934,C10840,2024-09-16 00:00:00,,Mokoena,Polokwane,Consumer,Online,Monitor,1.0,7855.06,0.0,104.21,0.15,5370.13,Summer Sale,Card,Cancelled,,9137.53,
ORD-0004363,C10157,2025-08-14 00:00:00,Naledi,Mokoena,Johannesburg,Consumer,Online,Laptop,1.0,14396.64,0.2,115.99,0.15,12021.21,None,Cash,Completed,,13360.9,
ORD-0004645,C12103,2025-06-04 00:00:00,Fatima,Williams,Benoni,Small Business,Online,SSD,2.0,2609.57,0.05,201.12,0.15,1584.83,None,Card,Returned,,5903.05,
ORD-0001472,C11338,2024-07-09 00:00:00,Mpho,Smith,Durban,Small Business,Store,Monitor,2.0,2098.86,0.15,66.36,0.15,1723.9,New Customer,Card,Completed,Rep E,4169.63,
ORD-0005445,C12260,2024-03-03 00:00:00,Daniel,Khumalo,Johannesburg,Consumer,Online,Laptop,1.0,12527.18,0.15,71.47,0.15,8268.67,None,Card,Completed,,12316.79,
ORD-0002929,C12583,2024-07-04 00:00:00,Megan,Smith,Durban,Consumer,Phone,Router,2.0,1283.43,0.0,96.24,0.15,1086.55,None,Card,Returned,,3048.14,
ORD-0003079,C10026,2024-07-28 00:00:00,Zanele,Pillay,Pretoria,Consumer,Online,Monitor,4.0,5007.59,0.05,41.46,0.15,3124.36,New Customer,Card,Cancelled,,21924.62,
ORD-0001653,C10727,2025-03-07 00:00:00,Mpho,Khumalo,Pretoria,Consumer,Online,Webcam,1.0,835.74,0.0,77.43,0.15,583.1,None,Mobile Wallet,Completed,,1038.53,
ORD-0000183,C10472,2025-08-18 00:00:00,Kabelo,Molefe,Polokwane,Small Business,Marketplace,SSD,5.0,3819.75,0.0,142.9,0.15,2770.45,None,Cash,Cancelled,,22106.49,
ORD-0000918,C12022,2025-04-10 00:00:00,Fatima,Smith,Pretoria,Small Business,Phone,Laptop,5.0,20800.98,0.0,53.08,0.15,16876.91,None,Card,Completed,,119658.71,
ORD-0004459,C10124,2024-10-15 00:00:00,Jason,Williams,Nelspruit,Consumer,Online,Laptop,4.0,15559.01,0.0,85.18,0.15,12475.18,None,,Completed,,71656.63,
ORD-0002153,C11487,2024-05-24 00:00:00,Jason,Patel,Johannesburg,Small Business,Store,SSD,5.0,3587.13,,114.65,0.15,2328.83,None,Card,Completed,Rep C,18678.03,
ORD-0000260,C12753,2025-08-29 00:00:00,Priya,Smith,Durban,Consumer,Online,Mouse,3.0,993.25,0.1,82.84,0.15,577.66,None,Mobile Wallet,Pending,,3166.86,
ORD-0000681,C10210,17/09/2025,Andile,Botha,Johannesburg,Small Business,Online,Mouse,1.0,216.74,0.2,162.17,0.15,145.83,Black Friday,Bank Transfer,Completed,,361.58,
ORD-0002193,C11980,2024-09-21 00:00:00,Daniel,Naidoo,Cape Town,Consumer,Online,Tablet,1.0,3526.88,0.15,110.92,0.15,2771.61,None,EFT,Completed,,3558.45,
ORD 0004145,C11914,2025-11-08 00:00:00,Aisha,Khumalo,Pretoria,Consumer,Online,Mouse,1.0,523.89,0.0,187.75,0.0,435.76,None,EFT,Completed,,711.64,
ORD-0005122,C11238,2025-10-24 00:00:00,Sipho,Williams,Pretoria,Corporate,Online,Tablet,1.0,2883.11,0.08,199.34,0.15,2377.02,Payday Promo,EFT,Returned,,3249.66,
ORD-0002286,C11314,2025-12-25 00:00:00,Kabelo,Nkosi,Benoni,Small Business,Online,Printer,2.0,3177.31,0.08,206.07,0.15,2243.64,Payday Promo,Card,Completed,,6929.26,
ORD-0003265,C11631,2025-05-10 00:00:00,Sipho,Patel,Gqeberha,Corporate,Marketplace,Office Chair,1.0,2916.88,0.05,75.03,0.15,1848.8,None,Mobile Wallet,Completed,,3261.72,
ORD-0003730,C10554,2025-01-05 00:00:00,Aisha,Patel,Johannesburg,Corporate,Online,Mouse,2.0,1028.67,0.08,159.6,0.15,829.36,Payday Promo,Mobile Wallet,Returned,,2336.27,
ORD-0005366,C10580,2025-03-17 00:00:00,Thabo,Naidoo,Bloemfontein,Corporate,Online,Dock station,1.0,18047.83,0.15,103.71,0.15,12333.9,None,Card,Completed,,17745.47,
ORD-0002434,C10947,2025-09-16 00:00:00,Andile,Mokoena,Bloemfontein,Corporate,Marketplace,Mouse,2.0,638.95,0.05,172.39,0.15,506.56,None,Card,Pending,,1568.49,
ORD-0002763,C11755,2024-05-21 00:00:00,Megan,Khumalo,Gqeberha,Corporate,Store,SSD,4.0,3067.9,0.15,89.17,0.15,2618.76,None,Card,Completed,Rep B,12084.66,
ORD-0005617,C12337,2025-12-09 00:00:00,Priya,Mthembu,Pretoria,Consumer,Online,Monitor,3.0,4949.04,0.1,17.76,0.15,3604.14,Payday Promo,Card,Completed,,15384.53,
ORD-0005777,C11089,2024-06-27 00:00:00,Daniel,Khumalo, johannesburg ,Consumer,Online,Office Chair,4.0,3867.94,0.05,137.46,0.15,2531.62,None,EFT,Pending,,17040.35,
ORD-0004962,C11585,2025-09-26 00:00:00,Sipho,Nkosi,Durban,Consumer,Marketplace,Tablet,3.0,6566.23,,102.01,0.15,3954.49,Back to School,Bank Transfer,Completed,,22755.5,19698.69
ORD-0000082,C12211,2025-07-05 00:00:00,Priya,Khumalo,Bloemfontein,Small Business,Phone,Mouse,5.0,376.9,0.1,136.28,0.15,234.01,None,Card,Completed,,2086.72,
ORD-0002611,C11008,2024-03-27 00:00:00,Lerato,Khumalo,Benoni,Corporate,Online,Router,2.0,2627.54,0.15,90.09,0.15,2016.09,Summer Sale,Card,Returned,,5226.94,
ORD-0000566,C11776,2025-05-04 00:00:00,Andile,Khumalo,Pretoria,Consumer,Online,Router,2.0,674.31,0.08,109.87,0.15,527.76,New Customer,EFT,Completed,,1536.71,
ORD-0004447,C12351,2024-12-19 00:00:00,Ryan,Pillay,Gqeberha,Corporate,Online,Monitor,2.0,"R 3,124.90",0.0,31.42,0.15,2015.09,Summer Sale,Card,Completed,,7218.68,
ORD-0000505,C12440,2024-08-19 00:00:00,Fatima,Khumalo,,Consumer,Online,Laptop,5.0,17771.77,0.25,107.95,0.15,11296.83,None,EFT,Completed,,76748.71,
ORD-0001299,C10534,2025-02-28 00:00:00,Andile,Dlamini,Pretoria,,Online,Keyboard,,2003.36,0.08,64.5,0.15,1478.69,Back to School,Mobile Wallet,Completed,,6423.17,
ORD-0001482,C12312,06-04-2024,Ryan,Williams,Durban,Corporate,Online,Laptop,5.0,8526.69,5%,2.7,0.15,7192.56,None,Mobile Wallet,Completed,,46579.74,
ORD-0005840,C12560,2024-03-15 00:00:00,Megan,Nkosi,Gqeberha,Small Business,Online,Laptop,1.0,11563.05,0.0,42.29,0.15,8916.21,Black Friday,EFT,Completed,,13339.81,
ORD-0002421,C12114,2024-03-30 00:00:00,Sipho,Williams,Cape Town,Consumer,Store,Tablet,2.0,9136.82,0.1,212.59,0.15,6440.12,Black Friday,Card,Completed,Rep E,19125.82,
ORD-0002425,C12795,2025-08-18 00:00:00,Chloe,Nkosi,Nelspruit,Corporate,Phone,Office Chair,6.0,4823.89,0.05,94.51,0.15,3959.87,None,Mobile Wallet,Completed,,31715.13,
ORD-0003685,C11137,2024-07-09 00:00:00,Priya,Mthembu,Pretoria,Corporate,Store,Printer,1.0,3326.82,0.05,38.47,15%,2254.74,None,EFT,Cancelled,Rep B,3673.02,
ORD-0003323,C11487,2025-11-27 00:00:00,Jason,Nkosi,Pretoria,Corporate,Online,Headset,1.0,1280.03,0.0,115.42,0.0,1070.24,Clearance,Card,Pending,,1395.45,
ORD-0003024,C12531,2025-03-21 00:00:00,Nomsa,Williams,Gqeberha,Small Business,Online,Printer,2.0,6386.15,0.05,92.98,0.15,4626.77,None,EFT,Cancelled,,14046.72,
ORD-0003714,C10478,2024-10-24 00:00:00,Megan,Pillay,Nelspruit,Consumer,Online,HEADSET,1.0,1333.42,0.0,98.6,0.15,1038.56,None,Card,Completed,,1632.03,
ORD-0002880,C11822,2025-03-26 00:00:00,Naledi,Botha,Gqeberha,Consumer,Online,Keyboard,7.0,1971.0,0.0,67.07,0.15,1411.09,Black Friday,Mobile Wallet,Completed,,15933.64,
ORD-0000888,C12115,2024-09-20 00:00:00,Aisha,Patel,Johannesburg,Small Business,Marketplace,Tablet,4.0,7068.5,0.15,131.7,0.14,4340.63,None,Card,Completed,,27529.2,
ORD-0002284,C11754,2024-11-28 00:00:00,Sipho,Mokoena,Nelspruit, small business ,Marketplace,Tablet,1.0,7958.82,0.1,175.11,0.15,4884.95,New Customer,Card,Pending,,8412.49,
ORD-0004775,C12096,2025-01-04 00:00:00,Aisha,Patel,Pretoria,Small Business,Phone,Headset,2.0,1078.2,,196.72,0.15,921.14,None,Mobile Wallet,Returned,,2428.59,
ORD-0002281,C12646,2025-06-18 00:00:00,Mpho,Khumalo,Cape Town,Small Business,Marketplace,Laptop,1.0,13208.77,0.1,119.97,0.0,10575.63,New Customer,Card,Completed,,12007.87,
ORD-0005351,C11667,2024-11-13 00:00:00,Nomsa,Smith,Pretoria,Consumer,Store,Monitor,2.0,4189.31,0.0,107.4,0.15,2615.39,Summer Sale,Card,Cancelled,Rep B,9742.81,
ORD-0002071,C12080,2025-08-25 00:00:00,Sipho,Patel,Cape Town,Consumer,Online,Monitor,2.0,7009.02,0.08,72.18,0.15,5650.17,None,EFT,Pending,,14903.28,
ORD-0002445,C11758,2024-08-21 00:00:00,,Botha,Bloemfontein,Consumer,Marketplace,Keyboard,1.0,1529.5,0.2,121.34,0.15,1023.07,None,Card,Completed,,1528.48,
ORD-0003568,C12036,2024-03-20 00:00:00,Thabo,Mokoena,Johannesburg,Corporate,Online,Mouse,7.0,773.58,0.2,106.13,0.15,626.27,Payday Promo,Card,Completed,,5088.0,
ORD-0003313,C11052,2024-03-17 00:00:00,Ryan,Dlamini,Johannesburg,Consumer,Marketplace,Keyboard,1.0,1602.77,0.03,74.58,0.14,1099.84,New Customer,Mobile Wallet,Completed,,2128.76,
ORD-0005371,C10619,2024-08-05 00:00:00,Mpho,Pillay,Johannesburg,Consumer,Online,Office Chair,4.0,8542.23,0.08,65.44,0.0,5558.31,None,Bank Transfer,Pending,,31500.86,
ORD-0001162,C12806,2025-10-18 00:00:00,Zanele,Khumalo,Polokwane,Corporate,Online,Monitor,4.0,3876.65,0.05,64.0,0.15,2347.4,Payday Promo,Mobile Wallet,Completed,,17004.97,
ORD-0003399,C12569,2025-03-23 00:00:00,Sipho,Nkosi, cape town ,Small Business,Store,Keyboard,6.0,699.19,0.25,25.1,0.15,413.33,None,Card,Completed,Rep B,3643.39,
ORD-0004529,C10171,2024-04-21 00:00:00,Jason,Molefe,Polokwane,Corporate,Online,Headset,2.0,359.91,0.0,178.94,0.15,280.21,None,Card,Completed,,1006.74,
ORD-0005409,C11364,2024-05-13 00:00:00,Andile,Smith,Gqeberha,Consumer,Online,Laptop,2.0,8256.47,0.0,194.57,0.15,6800.58,New Customer,Bank Transfer,Completed,,19184.45,
ORD-0003045,C12431,2024-10-30 00:00:00,Naledi,Naidoo,Johannesburg,Corporate,Online,Router,2.0,2433.04,0.08,147.85,0.15,1636.85,None,EFT,Pending,,5296.17,
ORD-0004661,C11938,2025-11-08 00:00:00,Priya,Botha,Bloemfontein,Consumer,Store,Router,2.0,1000.62,0.2,70.39,0.0,765.25,None,Card,Cancelled,Rep C,1671.38,
ORD-0001273,C10578,2024-04-13 00:00:00,Kabelo,Smith,Pretoria,Consumer,Online,Office Chair,3.0,4211.16,0.08,111.0,0.15,3019.0,None,Card,Completed,,13477.22,
ORD-0000310,C12318,2025-11-01 00:00:00,Ryan,Williams,Johannesburg,Consumer,Online,Monitor,1.0,"R 3,318.94",0.1,76.95,0.15,2788.01,None,Cash,Cancelled,,3512.05,
ORD-0005590,C10667,2025-03-09 00:00:00,Zanele,Smith,Cape Town,Consumer,Online,Headset,4.0,577.18,0.03,39.54,0.0,446.83,None,EFT,Cancelled,,2279.02,
ORD-0003494,C12479,2025-09-30 00:00:00,Mpho,Khumalo,Johannesburg,Small Business,Online,Mouse,2.0,R 909.01,0.2,207.76,0.15,622.9,New Customer,Card,Completed,,1880.33,
ORD-0002189,C10772,31/10/2024,Nomsa,Mthembu,Durban, corporate ,Online,Laptop,3.0,16631.13,0.03,25.13,0.14,13760.61,None,Bank Transfer,Completed,,55197.23,
ORD-0000559,C12430,2024-04-15 00:00:00,Jason,Williams,Polokwane,Corporate,Online,SSD,6.0,2494.11,0.0,90.19,15%,1972.37,None,Card,Completed,,17299.58,
ORD-0002708,C12281,2024-06-09 00:00:00,Kabelo,Mokoena,Johannesburg,Small Business,Online,Laptop,2.0,21154.35,0.1,53.42,0.15,14964.09,None,Mobile Wallet,Completed,,43842.93,
ORD-0003729,C12042,2024-02-03 00:00:00,Ryan,Botha,Cape Town,Small Business,Store,SSD,3.0,3691.34,0.0,7.09,0.15,2875.78,Clearance,Bank Transfer,Cancelled,Rep E,12742.23,
ORD-0000270,C12247,2024-11-23 00:00:00,Daniel,Nkosi,Polokwane,Consumer,Online,Laptop,3.0,18405.21,0.2,41.77,0.15,11754.44,Black Friday,Bank transfer,Cancelled,,50840.15,
ORD-0005139,C11452,2025-10-11 00:00:00,Mpho,Molefe,Pretoria,Consumer,Marketplace,Laptop,2.0,21761.77,0.1,85.79,0.15,16681.52,Clearance,Card,Completed,,45132.65,
ORD-0000512,C10519,2025-07-26 00:00:00,Fatima,Smith,Johannesburg,Consumer,Store,Tablet,1.0,5350.17,0.15,174.88,0.15,3412.89,Back to School,Card,Cancelled,Rep C,5404.68,
ORD-0004574,C11255,2025-02-02 00:00:00,Mpho,Williams,Pretoria,Consumer,Phone,Printer,3.0,2434.28,0.1,2.77,0.15,1980.45,None,Card,Pending,,7561.19,
ORD-0002346,C10734,2025-07-16 00:00:00,Nomsa,Williams,Pretoria,Corporate,Phone,Printer,1.0,3748.26,0.0,147.15,0.0,2304.35,None,Card,Completed,,3895.41,3748.26
ORD-0001781,C12675,2024-02-05 00:00:00,Naledi,Williams,Johannesburg,Corporate,Online,Headset,7.0,2387.51,0.0,135.99,0.15,1468.97,None,Bank Transfer,Completed,,19355.41,
ORD-0000485,C10169,2024-09-20 00:00:00,Megan,Khumalo,Polokwane,Corporate,Store,Monitor,3.0,7109.95,0.15,30.02,0.0,5096.66,Payday Promo,Card,Completed,,18160.39,
ORD-0005735,C11245,2024-08-09 00:00:00,Mpho,Botha,Cape Town,Corporate,Online,Laptop,3.0,17895.2,0.0,87.54,0.15,13292.6,None,Card,Completed,,61825.97,
ORD-0002856,C12629,2025-08-30 00:00:00,Sipho,Mthembu,Johannesburg,Corporate,Online,Headset,1.0,2523.33,0.05,122.34,0.15,2141.07,None,Card,Completed,,2879.07,
ORD-0002793,C11652,2024-03-27 00:00:00,Thabo,Mthembu,Cape Town,Consumer,Store,Laptop,5.0,12451.62,0.05,139.33,0.15,8965.62,Payday Promo,EFT,Pending,Rep D,68156.28,
ORD-0003585,C10896,2024-10-17 00:00:00,Mpho,Mokoena,Pretoria,Consumer,Marketplace,Headset,7.0,2457.55,0.05,76.37,0.15,2037.56,Summer Sale,Bank Transfer,Completed,,18870.51,
ORD-0002572,C10580,2024-09-14 00:00:00,Sipho,Williams,Nelspruit,Corporate,Store,Laptop,1.0,11764.92,0.03,30.86,0.14,9823.99,None,Card,Completed,Rep B,13040.51,
ORD-0003845,C12496,2024-04-01 00:00:00,Lerato,Pillay,Johannesburg,Consumer,Marketplace,Printer,2.0,3449.77,0.2,143.0,0.15,2615.38,None,Cash,Completed,,6490.58,
ORD-0000464,C10590,2024-01-03 00:00:00,Andile,Smith,Durban,Consumer,Online,Router,7.0,1456.79,0.25,147.41,0.0,1239.08,Summer Sale,Mobile Wallet,Returned,,7795.56,
ORD-0001885,C11730,2025-03-15 00:00:00,Siyanda,Botha,Nelspruit,Small Business,Online,Tablet,1.0,7691.34,0.2,147.5,0.15,6496.15,None,EFT,Completed,,7223.53,
ORD-0000952,C12971,2025-06-19 00:00:00,Zanele,Dlamini,Johannesburg,Corporate,Store,Printer,4.0,3259.55,0.0,51.82,0.15,2009.11,None,Card,Completed,Rep E,15045.75,
ORD-0005715,C11701,2025-06-27 00:00:00,Aisha,Dlamini,Bloemfontein,Consumer,Online,Tablet,1.0,4933.59,0.0,33.97,0.15,3173.2,Summer Sale,Card,Completed,,5707.6,
ORD-0000637,C12203,2025-10-29 00:00:00,Mpho,Mthembu,Cape Town,Consumer,Phone,Tablet,8.0,5924.95,0.2,146.44,0.15,4834.11,None,Bank Transfer,Completed,,43754.08,
ORD-0003215,C10805,2025-07-04 00:00:00,Sipho,Dlamini,Pretoria,Consumer,Online,Monitor,1.0,5038.43,0.1,55.87,0.15,3383.14,None,Card,Completed,,5270.64,
ORD-0004881,C11759,2024-10-26 00:00:00,Daniel,Patel,Pretoria,Small Business,Store,SSD,1.0,2494.24,0.1,77.83,0.15,1470.98,None,Card,Pending,Rep D,2659.37,
ORD-0000371,C11993,2025-02-10 00:00:00,Daniel,Botha,Durban,Small Business,Online,Webcam,4.0,1145.46,0.05,26.79,0.15,847.14,None,Card,Returned,,5032.45,
ORD-0004808,C12441,2025-11-22 00:00:00,Thabo,Nkosi,Cape Town,Consumer,Store,Keyboard,1.0,719.69,0.03,110.46,0.15,532.04,None,Card,Completed,Rep B,913.27,
ORD-0002520,C12928,2024-05-04 00:00:00,Fatima,Dlamini,Pretoria,Small Business,Online,Webcam,6.0,508.06,0.1,109.86,0.15,328.33,None,Card,Pending,,3264.9,
ORD-0004382,C12235,2025-03-26 00:00:00,,Khumalo,Pretoria,Consumer,Store,Headset,2.0,1661.77,0.1,84.45,0.15,1054.63,Black Friday,Card,Completed,Rep A,3524.32,
ORD-0004941,C12995,2025-10-07 00:00:00,Lerato,Pillay,Pretoria,Small Business,Phone,Router,3.0,2126.9,0.15,105.03,0.15,1561.12,Clearance,EFT,Completed,,6342.17,
ORD-0003567,C12969,2025-04-11 00:00:00,Aisha,Mokoena,Johannesburg,Small Business,Online,Head set,3.0,385.23,0.0,27.1,0.15,291.07,New Customer,Bank Transfer,Cancelled,,1356.14,
ORD-0004307,C12097,2025-03-28 00:00:00,Andile,Nkosi,Cape Town,Consumer,Store,Keyboard,3.0,1972.8,0.05,65.76,0.0,1356.36,None,Card,Completed,,5688.23,
ORD-0001303,C10369,2025-02-01 00:00:00,Daniel,Naidoo,Bloemfontein,Corporate,Store,Headset,7.0,1951.74,0.0,75.82,0.15,1381.94,None,Card,Completed,Rep E,15787.31,
ORD-0001662,C11732,2024-09-12 00:00:00,Sipho,Smith,Cape Town,Small Business,Store,SSD,1.0,1514.96,0.1,95.06,0.15,1032.59,None,Cash,Cancelled,Rep E,1663.04,
ORD-0000117,C11221,2024-02-18 00:00:00,Aisha,Dlamini,Cape Town,Consumer,Online,Keyboard,2.0,1143.05,0.08,156.4,0.15,969.69,None,EFT,Completed,,2575.09,
ORD-0005630,C10922,2025-08-19 00:00:00,Aisha,Khumalo,Johannesburg,Corporate,Marketplace,Mouse,2.0,985.19,0.15,193.06,0.15,574.27, summer sale ,Card,Pending,,2119.1,
ORD-0005467,C11597,2024-05-05 00:00:00,Aisha,Dlamini,Johannesburg,Small Business,Marketplace,Laptop,2.0,8381.69,0.25,95.0,0.15,6634.2,None,Card,Completed,,14553.41,
ORD-0002416,C11797,2025-01-30 00:00:00,Nomsa,Khumalo,Nelspruit,Consumer,Online,Keyboard,1.0,1709.3,0.0,155.01,0.15,1023.28,None,Mobile Wallet,Pending,,2120.7,
ORD-0001127,C10723,2024-08-25 00:00:00,Jason,Smith,Johannesburg,Consumer,Phone,SSD,5.0,2896.36,0.0,95.46,0.0,1750.61,Payday Promo,Card,Completed,,14577.26,
ORD-0001905,C12908,2024-07-21 00:00:00,Kabelo,Mokoena,Johannesburg,Consumer,Store,Mouse,1.0,1224.43,0.05,132.24,0.15,827.32,None,Cash,Completed,Rep E,1469.93,
ORD-0003590,C11497,2025-11-17 00:00:00,Priya,Mokoena,Cape Town, consumer ,Online,Router,2.0,3232.88,0.15,138.95,0.0,2492.83,Clearance,Card,Completed,,5634.85,
ORD-0003088,C11239,2024-02-23 00:00:00,Lerato,Molefe,Johannesburg,Corporate,Marketplace,Laptop,1.0,19148.57,0.08,185.99,0.15,13583.45,Payday Promo,Card,Completed,,20445.18,
ORD-0000141,C11104,2025-10-05 00:00:00,Chloe,Molefe,Benoni,Corporate,Store,Webcam,1.0,1062.76,0.1,172.11,0.15,749.71,None, eft ,Cancelled,Rep C,1272.06,
ORD-0000923,C12658,2025-01-25 00:00:00,Naledi,Mthembu,Cape Town,Consumer,Online,Keyboard,3.0,1167.22,0.2,89.87,0.15,947.06,Clearance,Card,Returned,,3311.4,
ORD-0002631,C12668,2025-12-29 00:00:00,Megan,Botha,Benoni,Corporate,Online,Router,1.0,3067.33,0.1,45.13,0.15,2332.04,None, card ,Completed,,3219.82,
ORD-0000409,C12951,2024-04-09 00:00:00,Sipho,Pillay,CapeTown,Corporate,Online,Webcam,1.0,580.84,0.05,79.58,0.15,459.59,None,EFT,Cancelled,,714.15,
ORD-0002571,C12036,2024-03-05 00:00:00,Jason,Khumalo,Johannesburg,Consumer,Online,Laptop,4.0,13113.62,0.0,86.78,0.15,11160.62,Summer Sale,Cash,Completed,,60409.43,
ORD-0003609,C11865,2024-02-11 00:00:00,Nomsa,Pillay,Durban,Small Business,Marketplace,Headset,1.0,633.15,0.2,91.54,0.15,475.69,Payday Promo,EFT,Returned,,674.04,
ORD-0005212,C10869,2025-02-10 00:00:00,Priya,Botha,Polokwane,Small Business,Online,Office Chair,3.0,1926.09,0.05,28.97,0.15,1287.01,Black Friday,EFT,Completed,,6341.74,
ORD-0000225,C10228,2024-07-30 00:00:00,Chloe,Patel,Pretoria,Consumer,Store,Tablet,3.0,8079.53,0.08,43.06,0.15,5977.14,None,mobile wallet,Pending,Rep B,25687.48,
ORD 0004268,C11290,2024-04-28 00:00:00,Jason,Mokoena,Gqeberha,Consumer,Online,Tablet,4.0,2948.14,0.03,79.99,0.15,1789.55,Black Friday,Card,Returned,,13234.58,
ORD-0004106,C12793,2024-10-02 00:00:00,Jason,Pillay,Johannesburg,Consumer, phone ,Webcam,3.0,1490.29,0.1,13.54,0.15,1165.11,Back to School,EFT,Completed,,4640.88,
ORD-0004834,C10787,2025-08-02 00:00:00,Chloe,Botha,Durban,Small Business,Online,Tablet,1.0,7110.82,0.1,68.12,0.15,5131.03,New Customer,Mobile Wallet,Completed,,7427.82,
ORD-0001029,C11016,2025-06-01 00:00:00,Andile,Williams,Durban,Consumer,Online,Mouse,1.0,1360.27,0.0,198.18,0.15,1083.05,None,Mobile Wallet,Pending,,1762.49,
ORD-0004618,C11049,2024-12-29 00:00:00,Andile,Mthembu,Benoni,Corporate,Store,Webcam,4.0,"R 1,724.85",0.15,100.73,0.15,1155.58,None,Bank Transfer,Returned,Rep E,6844.89,
ORD-0005520,C11463,2025-02-13 00:00:00,Chloe,Williams,Johannesburg,Consumer,Online,Laptop,3.0,16371.96,0.0,52.62,0.15,11612.95,Back to School,Card,Cancelled,,56535.88,
ORD-0001161,C10764,2025-12-20 00:00:00,Lerato,Nkosi,Nelspruit,Consumer,Online,Headset,2.0,1067.54,0.25,32.77,0.0,715.68,None,Card,Completed,,1634.08,
ORD-0000033,C11019,2025-02-04 00:00:00,Fatima,Mthembu,Polokwane,Consumer,Store,Keyboard,7.0,1646.92,0.08,27.97,0.15,1258.4,None,Bank Transfer,Completed,Rep E,12225.08,
ORD-0001147,C10217,2024-12-23 00:00:00,Lerato,Smith,Polokwane,Consumer,Online,Laptop,6.0,19557.76,0.0,30.41,0.15,11711.51,None,EFT,Completed,,134978.96,
ORD-0005760,C10306,2024-06-06 00:00:00,Mpho,Nkosi,Bloemfontein,Consumer,Phone,Laptop,1.0,17835.28,0.0,147.35,0.15,12692.83,Back to School,EFT,Completed,,20657.92,
ORD-0003058,C10425,2024-07-29 00:00:00,Priya,Mokoena,Durban,Consumer,Store,Keyboard,3.0,1751.25,0.0,51.56,0.15,1332.67,None,Card,Returned,Rep A,6093.38,
ORD-0003612,C12044,2024-01-07 00:00:00,Fatima,Patel,Cape Town,Consumer,Online,Laptop,6.0,13083.81,0.25,35.35,0.15,11238.56,Black Friday,Bank Transfer,Completed,,67744.06,
ORD-0000633,C10495,2024-10-10 00:00:00,Priya,Botha,Gqeberha,Consumer,Store,Tablet,6.0,3973.35,0.0,125.03,0.15,3004.89,None,Card,Completed,Rep B,27541.11,
ORD-0001724,C10902,2025-12-19 00:00:00,Aisha,Williams,Pretoria,Small Business,Online,Laptop,1.0,21303.72,0.1,66.89,0.15,14982.27,None,Bank Transfer,Returned,,22116.24,
ORD-0001093,C11340,2025-06-02 00:00:00,,Mthembu,Johannesburg,Corporate,Online,Keyboard,8.0,1420.4,0.05,17.97,0.15,994.65,None,Bank Transfer,Completed,,12432.31,
ORD-0005858,C12666,2025-02-07 00:00:00,Chloe,Khumalo,PTA,Consumer,Online,Docking Station,4.0,2656.86,0.0,65.27,0.15,2246.06,Payday Promo,Mobile Wallet,Completed,,12286.84,
ORD-0000720,C11096,2025-05-01 00:00:00,Aisha,Khumalo,Pretoria,Consumer,Online,Docking Station,1.0,1747.47,0.0,203.15,0.15,1018.9,None,Mobile Wallet,Completed,,2212.74,
ORD-0004752,C11288,2025-09-27 00:00:00,Mpho,Molefe,Nelspruit,Corporate,Store,Mouse,3.0,900.9,0.15,56.34,0.0,672.17,,Card,Completed,Rep A,2353.63,
ORD-0005908,C11733,2025-06-09 00:00:00,Megan,Mokoena,Nelspruit,Consumer,Store,SSD,1.0,1331.51,0.15,194.8,0.15,992.97,None,EFT,Cancelled,Rep D,1496.35,
ORD-0003954,C11572,2024-09-13 00:00:00,Nomsa,Smith,Bloemfontein,Consumer,Store,Monitor,2.0,2992.87,0.08,110.39,0.15,2268.46,Back to School,Mobile Wallet,Completed,Rep D,6443.29,
ORD-0004436,C12927,2024-11-16 00:00:00,Aisha,Naidoo,Durban,Consumer,Online,Keyboard,5.0,1605.31,0.0,7.98,0.15,1138.1,Payday Promo,Card,Completed,,9238.52,
ORD-0005249,C10500,2025-08-28 00:00:00,Sipho,Patel,Cape Town,Corporate,Phone,Headset,1.0,2471.15,0.1,210.09,0.15,1999.86,None,Card,Returned,,2767.73,
ORD-0005849,C10615,2024-12-30 00:00:00,Nomsa,Mthembu,Durban,Small Business,Online,Monitor,2.0,5748.66,0.0,92.6,14%,4850.97,New Customer,Card, returned ,,13199.54,
ORD-0001422,C12806,2024-11-02 00:00:00,Fatima,Molefe,Benoni,Corporate,Online,Mouse,4.0,1084.61,0.03,101.14,0.15,861.6,Back to School,Bank Transfer,Cancelled,,4940.66,
ORD-0003732,C10186,2025-04-30 00:00:00,Ryan,Molefe,Durban,Corporate,Store,Laptop,4.0,14105.99,0.1,89.82,0.15,11899.46,None,Card,Cancelled,Rep B,58488.62,
ORD-0003528,C10229,2024-10-26 00:00:00,Aisha,Mokoena,Johannesburg,Consumer,Online,Printer,10.0,2555.6,0.1,45.64,0.15,1872.65,New Customer,Card,Completed,,26496.15,
ORD-0001851,C11650,2024-01-29 00:00:00,Fatima,Pillay,Nelspruit,Consumer,Store,Docking Station,7.0,4396.07,0.08,66.56,0.15,2976.88,Summer Sale,Card,Completed,Rep A,32623.87,
ORD-0002515,C10995,2024-10-21 00:00:00,Fatima,Botha,Johannesburg,Consumer,Store,Printer,1.0,5125.67,0.1,114.37,0.15,3442.77,None,Card,Completed,Rep B,5419.44,
ORD-0004591,C10367,2025-08-24 00:00:00,Ryan,Patel,Pretoria,Small Business,Online,Tablet,3.0,7925.09,0.2,12.19,0.15,5876.48,Payday Promo,Card,Cancelled,,21885.44,
ORD-0003195,C12463,2024-04-12 00:00:00,Aisha,Patel,Bloemfontein,Consumer,Online,Monitor,1.0,6974.44,0.1,43.18,0.15,5698.88,None,EFT,Completed,,7261.73,
ORD-0002253,C10306,2024-02-04 00:00:00,Andile,Dlamini,Pretoria, consumer ,Store,Docking Station,4.0,2631.77,0.05,22.92,0.15,1908.33,New Customer,Card,Pending,Rep C,11523.76,
ORD-0005108,C11370,2025-08-12 00:00:00,Naledi,Dlamini,Cape Town,Corporate,Online, keyboard ,6.0,1480.92,0.0,100.87,0.0,1174.75,None,Card,Completed,,8986.4,
ORD-0003760,C10792,2024-10-03 00:00:00,Priya,Dlamini,Cape Town,Consumer,Store,Office Chair,8.0,2834.3,0.08,97.06,0.15,1782.65,None,Card,Pending,Rep B,24086.54,
ORD-0005899,C12992,2025-04-23 00:00:00,Andile,Williams, polokwane ,Small Business,Online,Headset,1.0,1798.94,0.25,144.75,0.15,1121.85,None,Bank Transfer,Returned,,1696.34,
ORD-0001526,C10591,2025-03-06 00:00:00,Fatima,Mokoena,Johannesburg,Consumer,Online,Office Chair,4.0,6854.58,0.05,44.57,0.15,4658.79, new customer ,Card,Pending,,29999.09,
ORD-0004999,C12496,2025-05-30 00:00:00,Priya,Smith,Johannesburg,Consumer,Store,Laptop,1.0,8471.55,0.1,68.74,0.15,7080.27,New Customer,Bank Transfer,Completed,Rep A,8836.8,
ORD-0004203,C10363,2024-12-08 00:00:00,Siyanda,Molefe,Pretoria,Small Business,Phone,Webcam,1.0,468.45,0.1,97.08,0.15,313.03,Back to School,Card,Completed,,581.92,
ORD-0003204,C11157,2024-01-31 00:00:00,Naledi,Patel,Johannesburg,Consumer,Online,Docking Station,6.0,3703.29,0.1,54.24,0.0,2330.58,Clearance,Bank Transfer,Completed,,20052.01,
ORD-0003444,C10671,2025-09-02 00:00:00,Jason,Patel,Nelspruit,Consumer,Store,SSD,7.0,1371.74,0.0,24.21,0.15,1175.31,Back to School,Card,Completed,Rep E,11066.74,
ORD-0000529,C12963,2025-09-08 00:00:00,Chloe,Molefe,Johannesburg,Consumer,Store,Mouse,1.0,689.86,0.03,53.07,0.0,558.09,New Customer,Card, pending ,Rep B,722.24,
ORD-0000653,C11574,2024-05-26 00:00:00,Naledi,Khumalo,Johannesburg,Consumer,Online,Keyboard,1.0,1443.96,0.15,183.54,0.15,1031.78,None,Mobile Wallet,Completed,,1595.01,
ORD-0004353,C10160,2025-11-20 00:00:00,Daniel,Naidoo,Pretoria,Corporate,Phone,Office Chair,1.0,5778.61,0.25,143.8,0.15,4624.28,None,EFT,Returned,,5127.85,
ORD-0003254,C10267,2025-11-04 00:00:00,Andile,Nkosi,Pretoria,Corporate,Marketplace,Keyboard,7.0,346.05,0.0,3.85,0.15,211.0,Clearance,Card,Returned,,2789.52,
ORD-0003773,C12405,2024-04-11 00:00:00,Nomsa,Nkosi,Pretoria,Small Business,Online,Headset,4.0,930.92,0.05,110.3,0.15,552.93,None,Card,Returned,,4178.44,
ORD-0001426,C10042,2025-09-12 00:00:00,Lerato,Williams,Johannesburg,Small Business,Store,Router,4.0,2909.02,0.25,137.64,0.15,1887.49,Back to School,Cash,Pending,Rep E,10173.77,
ORD-0002546,C11042,2025-12-17 00:00:00,Lerato,Williams,Johannesburg,Consumer,Store,Webcam,7.0,753.06,0.15,11.1,0.15,570.83,Payday Promo,Card,Cancelled,Rep E,5163.9,
ORD-0002077,C11589,2024-11-10 00:00:00,Ryan,Nkosi,CapeTown,Small Business,Phone,Keyboard,1.0,622.19,0.15,206.1,0.14,462.65,None,Card,Completed,,809.01,
ORD-0000922,C11858,2025-10-23 00:00:00,Andile,Mokoena,Johannesburg,Consumer,Marketplace,Headset,3.0,464.59,0.0,40.67,0.15,320.71,None,Card,Completed,,1643.51,
ORD-0005143,C12737,2024-01-19 00:00:00,Fatima,Smith,Johannesburg,Consumer,Online,Mouse,3.0,1264.86,0.05,114.78,0.15,738.21,None,Card,Completed,,4260.35,
ORD-0001765,C11164,2024-11-10 00:00:00,Naledi,Botha,Johannesburg,Corporate,Online,Headset,1.0,2363.0,0.08,111.42,0.0,1377.85,None,Mobile Wallet,Completed,,2285.38,
ORD-0005440,C10195,2025-06-07 00:00:00,Andile,Khumalo,Cape Town,Consumer,Store,Tablet,2.0,3410.15,0.08,52.08,0.15,2320.58,,Cash,Cancelled,Rep A,7267.97,
ORD-0000951,C12483,2025-05-13 00:00:00,Sipho,Nkosi,Gqeberha,Consumer,Marketplace,Monitor,4.0,2112.55,0.08,92.7,0.15,1342.53,Black Friday,EFT,Pending,,9033.01,
ORD-0005426,C11107,2024-07-08 00:00:00,Andile,Pillay,Johannesburg,Consumer,Online,Tablet,1.0,8206.85,20%,157.43,0.15,4857.03,None,Bank Transfer,Returned,,7707.73,
ORD-0004821,C12890,2024-05-30 00:00:00,Naledi,Mokoena,Benoni,Corporate,Online,Office Chair,3.0,5523.48,0.0,100.84,0.15,3717.22,None,Card,Completed,,19156.85,
ORD-0004659,C11915,2024-07-07 00:00:00,Fatima,Williams,Johannesburg,Consumer,Store,Headset,1.0,1719.8,0.0,43.91,0.15,1422.48,Payday Promo,EFT,Completed,Rep C,2021.68,
ORD-0004059,C12299,2024-02-23 00:00:00,Chloe,Khumalo,Johannesburg,Corporate,Online,Monitor,2.0,4932.37,0.03,178.14,0.15,3350.57,New Customer,Card,Completed,,11182.27,
ORD-0001953,C10211,2025-12-14 00:00:00,Zanele,Nkosi,Pretoria,Consumer,Online,Laptop,4.0,11135.85,0.1,16.67,0.14,7629.62,Clearance,Mobile Wallet,Returned,,45718.18,
ORD-0004679,C11674,2025-12-09 00:00:00,Chloe,Mokoena,Johannesburg,Consumer,Marketplace,Monitor,1.0,4646.42,0.2,114.92,0.0,2908.14,Black Friday,EFT,Returned,,3832.06,
ORD-0004244,C11154,2024-01-18 00:00:00,Mpho,Smith,Bloemfontein,Corporate,Online,Tablet,6.0,3985.04,0.0,8.9,0.15,2313.73,Summer Sale,Bank Transfer,Completed,,27505.69,
ORD-0000597,C12522,2025-10-02 00:00:00,Kabelo,Smith,Cape Town,Small Business,Store,Laptop,4.0,12974.62,0.08,109.54,0.15,10946.95,Payday Promo,Mobile Wallet,Cancelled,Rep E,55018.13,
ORD-0004433,C10468,2025-05-13 00:00:00,Nomsa,Naidoo,Johannesburg,Consumer,Online,Mouse,1.0,1085.29,0.03,39.42,0.0,920.48,None,Bank Transfer,Completed,,1092.15,
ORD-0005919,C10360,2025-10-25 00:00:00,Siyanda,Patel,Cape Town,Consumer,Phone,Headset,4.0,1271.8,0.03,25.73,0.15,877.07,Back to School,Card,Completed,,5700.48,
ORD-0000937,C12001,2024-03-03 00:00:00,Mpho,Patel,Nelspruit,Consumer, online ,Monitor,3.0,7057.54,0.1,139.03,0.15,4429.42,None,Card,Completed,,22052.69,
ORD-0005396,C12354,2024-05-21 00:00:00,Chloe,Khumalo,Durban,Consumer,Online,Webcam,1.0,2285.58,0.08,110.92,0.15,1906.11,Payday Promo, mobile wallet ,Completed,,2529.06,
ORD-0002201,C12878,2025-01-06 00:00:00,Lerato,Williams,Pretoria,Small Business,Marketplace,Webcam,1.0,1188.38,0.05,87.82,0.15,810.02,New Customer,Card,Completed,,1386.13,
ORD-0001863,C11091,2024-07-14 00:00:00,Andile,Dlamini,Durban, consumer ,Online,Webcam,2.0,539.15,0.05,119.43,0.15,329.33,None,EFT,Completed,,1297.49,
ORD-0004947,C10541,2024-01-30 00:00:00,Andile,Dlamini,Durban,Consumer,Online,Printer,1.0,5435.42,0.05,166.33,0.0,4429.95,None,EFT,Completed,,5329.97,
ORD-0003154,C12297,2024-11-25 00:00:00,Mpho,Williams,Polokwane,Consumer,Online,Headset,3.0,1075.73,0.0,46.52,0.15,787.51,Payday Promo,Cash,Pending,,3757.8,
ORD-0001088,C12943,2025-07-20 00:00:00,Nomsa,Khumalo,Johannesburg,Consumer,Online,Mouse,1.0,250.62,0.15,125.47,0.15,199.73,Summer Sale,Mobile Wallet,Completed,,370.45,
ORD-0003583,C12320,2025-01-07 00:00:00,Mpho,Khumalo,Pretoria,Consumer,Phone,Laptop,6.0,21897.65,0.03,118.38,0.15,16113.95,Payday Promo,EFT,Completed,,146679.34,
ORD-0001016,C10693,2025-12-01 00:00:00,Daniel,Khumalo,Gqeberha,Consumer,Online,Printer,2.0,5965.28,0.0,77.58,0.15,4235.61,Payday Promo,Card,Completed,,13797.72,
ORD-0005717,C10799,2024-10-23 00:00:00,Priya,Naidoo,Cape Town,Small Business,Online,Webcam,2.0,2250.0,0.08,44.15,0.15,1609.48,Back to School,Card,Completed,,4805.16,
ORD-0001862,C12328,2025-10-08 00:00:00,Naledi,Williams,Gqeberha,Consumer,Online,Keyboard,2.0,1421.24,0.05,34.82,0.15,908.83,None,Card,Pending,,3140.22,
ORD-0003698,C12718,2024-11-27 00:00:00,Megan,Dlamini,Johannesburg,Consumer,Marketplace,Keyboard,2.0,624.27,0.1,153.04,0.15,419.18, none ,Card,Completed,,1445.29,
ORD-0001017,C11471,2024-07-01 00:00:00,Chloe,Williams,Pretoria,Corporate,Store,Keyboard,1.0,1157.85,0.1,100.52,0.15,764.19,None,Bank Transfer,Completed,Rep B,1298.9,
ORD-0001525,C12020,2025-03-29 00:00:00,Ryan,Dlamini,Durban,Corporate,Phone,Tablet,2.0,8949.75,0.2,91.06,0.15,5285.63,None,EFT,Cancelled,,16558.61,
ORD-0000530,C10442,2024-01-22 00:00:00,Fatima,Dlamini,Benoni,Consumer,Online,Tablet,8.0,6850.48,0.05,103.04,0.15,4529.24,None,Card,Pending,,59976.25,
ORD-0001742,C10909,2025-12-11 00:00:00,Megan,Patel,Johannesburg,Consumer,Phone,Headset,4.0,389.43,0.05,27.15,0.15,288.11,None,Mobile Wallet,Completed,,1728.97,
ORD-0000573,C11302,2024-04-05 00:00:00,Fatima,Pillay,,Corporate,Store,Monitor,1.0,6051.9,0.0,83.38,0.15,3616.15,Summer Sale,Card,Pending,Rep E,7043.07,
ORD-0000123,C11157,2024-10-22 00:00:00,Fatima,Dlamini,Johannesburg,Consumer,Marketplace,Laptop,2.0,"R 19,483.91",0.08,148.99,0.14,15730.11,Back to School,EFT,Completed,,41018.45,
ORD-0001487,C12399,2024-09-21 00:00:00,Zanele,Patel,Gqeberha,Corporate,Phone,DockingStation,4.0,5703.7,0.2,11.11,0.15,3375.41,Summer Sale,EFT,Completed,,21000.73,
ORD-0001168,C11023,2024-02-15 00:00:00,Mpho,Naidoo,Pretoria,Consumer,Online,Laptop,1.0,14742.13,0.03,93.7,0.15,11809.77,None,Mobile Wallet,Completed,,16538.55,
ORD-0002508,C10418,2024-12-27 00:00:00,Kabelo,Williams,Johannesburg,,Online,Keyboard,1.0,1645.88,0.05,130.13,0.0,1207.79,None,Card,Completed,,1693.71,
ORD-0002316,C11433,2025-08-19 00:00:00,Ryan,Molefe,Johannesburg,Small Business,Online,Printer,2.0,5707.54,,192.75,0.15,3500.81,Back to School,Mobile Wallet,Completed,,10038.26,
ORD-0001587,C10215,2024-07-19 00:00:00,Andile,Smith,Pretoria,Consumer,Online,Monitor,2.0,6740.28,0.2,86.02,0.0,4095.84,None,Cash,Completed,,10870.47,
ORD-0003885,C12161,2024-05-15 00:00:00,Mpho,Smith,Durban,Corporate,Marketplace,Monitor,5.0,2248.42,0.0,13.53,0.15,1675.5,Payday Promo,Card,Completed,,12941.94,
ORD-0002680,C11777,2025-11-12 00:00:00,Naledi,Mokoena,Johannesburg,Small Business,Store,Laptop,2.0,8796.8,0.08,162.09,0.15,6272.56,Payday Promo,Card,Cancelled,Rep B,18776.11,
ORD-0004050,C10686,2024-11-29 00:00:00,Chloe,Williams,Johannesburg,Small Business,Marketplace,Tablet,1.0,5182.78,0.05,209.77,0.0,3596.81,New Customer,Card,Pending,,5133.41,
ORD-0002897,C12398,2024-06-28 00:00:00,Aisha,Nkosi,Pretoria,Consumer,Online,Keyboard,1.0,1954.28,0.1,110.22,0.15,1554.14,None,Bank Transfer,Completed,,2132.9,
ORD-0005088,C12943,2025-01-28 00:00:00,Mpho,Mthembu,Johannesburg,Consumer,Online,Monitor,2.0,4271.3,0.08,76.85,0.15,2490.4,None,Card,Completed,,9114.92,
ORD-0001021,C12715,2024-11-30 00:00:00,Thabo,Mthembu,Johannesburg,Small Business,Phone,Monitor,7.0,4421.06,0.1,136.25,0.15,2861.08,Back to School,EFT,Pending,,32166.81,
ORD-0002058,C11673,2025-05-06 00:00:00,Jason,Pillay,Gqeberha,Corporate,Store,Keyboard,2.0,1934.05,0.05,166.45,0.15,1657.29,None,EFT,Completed,Rep C,4392.34,
ORD-0001471,C11510,2025-01-17 00:00:00,Thabo,,Johannesburg,Consumer,Online,Monitor,3.0,2265.52,0.0,94.10,0.0,1584.96,None,EFT,Completed,,6890.67,
ORD-0000085,C12927,2025-09-17 00:00:00,Lerato,Molefe,Johannesburg,Consumer,Store,Monitor,1.0,4219.54,0.03,192.17,0.15,2820.05,Clearance,Bank Transfer,Completed,Rep A,4899.07,
ORD-0004147,C10200,2024-04-12 00:00:00,Megan,Khumalo,Pretoria,Consumer,Online,Laptop,5.0,9218.32,0.03,88.12,0.15,5659.99,None,Card,Cancelled,,51503.3,
ORD-0000750,C12759,2024-08-29 00:00:00,Ryan,Naidoo,Pretoria,Consumer,Online,Tablet,2.0,7574.35,0.1,214.71,0.15,5495.32,Back to School,Mobile Wallet,Completed,,15893.62,
ORD-0001734,C10683,2025-01-17 00:00:00,Kabelo,Khumalo,Johannesburg,Small Business,Online,Headset,3.0,1441.78,0.0,6.92,0.15,945.86,Back to School,Card,Completed,,4981.05,
ORD-0000188,C10857,2025-01-30 00:00:00,Andile,Mokoena,Nelspruit,Small Business,Store,Mouse,1.0,735.89,0.08,203.9,0.0,503.66,Summer Sale,EFT,Completed,Rep E,880.92,
ORD-0003469,C12506,2024-02-23 00:00:00,Chloe,Williams,Johannesburg,Consumer,Online,Tablet,5.0,5019.38,0.05,47.02,0.15,3964.15,New Customer,Card,Completed,,27465.4,
ORD-0002695,C12972,2024-08-19 00:00:00,Aisha,Mthembu,Nelspruit,Consumer,Marketplace,Mouse,5.0,810.93,0.08,21.88,0.0,470.73,None,Card,Pending,,3752.15,
ORD-0002780,C10730,2025-03-06 00:00:00,Megan,Khumalo,Johannesburg,Consumer,Online,SSD,1.0,2698.78,0.1,144.69,0.15,2016.93,None,EFT,Completed,,2721.35,
ORD-0003972,C10639,2025-12-16 00:00:00,Aisha,Botha,Cape Town,Small Business,Marketplace,Tablet,3.0,10060.87,0.03,121.59,0.15,7355.64,New Customer,Card,Completed,,33790.3,
ORD-0000344,C11068,2025-10-20 00:00:00,Zanele,Nkosi,Johannesburg,Consumer,Online,Monitor,3.0,3609.54,0.05,9.22,0.15,2243.92,New Customer,Card,Completed,,11839.48,
ORD-0005195,C12896,2025-05-19 00:00:00,,Mthembu,Benoni,Consumer,Online,Router,1.0,1132.61,0.03,171.32,0.15,672.22,None,Bank Transfer,Completed,,1434.75,
ORD-0002820,C11821,2024-04-28 00:00:00,Thabo,Botha,Benoni,Small Business,Marketplace,Docking Station,2.0,2384.58,20%,207.63,0.0,1726.12,Payday Promo,Card,Completed,,4022.96,
ORD-0005006,C10569,2025-01-28 00:00:00,Naledi,Dlamini,Benoni,Small Business,Store,Laptop,3.0,11877.26,0.15,17.94,0.0,8959.49,None,Bank Transfer,Completed,Rep D,30304.96,
ORD-0001502,C12454,2024-06-05 00:00:00,Ryan,,Polokwane,Consumer,Store,Monitor,3.0,6887.53,0.0,121.94,0.15,4849.43,None,EFT,Pending,Rep B,23883.9,
ORD-0002247,C11818,2025-04-14 00:00:00,Ryan,Khumalo,Pretoria,Corporate,Online,Keyboard,1.0,1824.0,0.1,134.7,0.15,1489.09,Back to School,EFT,Completed,,2022.54,
ORD 0000518,C10764,2024-04-14 00:00:00,Naledi,Dlamini,Benoni,Consumer,Store,Mouse,3.0,1195.68,0.1,78.75,0.0,849.04, payday promo ,Cash,Completed,Rep D,3307.09,
ORD-0001324,C12893,2024-08-30 00:00:00,Thabo,Mokoena,Johannesburg,Corporate,Marketplace,Mouse,2.0,373.77,0.1,163.86,0.15,290.36,None,Card,Completed,,937.57,
ORD-0000601,C10411,2024-08-07 00:00:00,Megan,Williams,Johannesburg,Consumer,Online,Monitor,1.0,7749.59,0.1,92.96,0.15,4749.85,Clearance,Card,Completed,,8113.78,
ORD-0005021,C11502,2024-07-20 00:00:00,Jason,Patel,Polokwane,Consumer,Online,Monitor,4.0,3335.93,0.0,19.66,0.15,2556.24,Summer Sale,Card,Completed,,15364.95,
ORD-0003663,C10704,2024-11-06 00:00:00,Mpho,Mokoena,Pretoria,Small Business,Store,Monitor,4.0,2314.26,0.03,88.54,0.14,1890.69,None,Card,Completed,Rep C,10324.99,9257.04
ORD-0004515,C10274,2024-12-28 00:00:00,Fatima,Dlamini,Polokwane,Consumer,Online,Laptop,3.0,19385.82,0.03,5.85,0.15,15073.76,None,Bank Transfer,Cancelled,,64880.49,58157.46
ORD-0003572,C10931,2024-09-13 00:00:00,Chloe,Patel,Pretoria,Small Business,Store,Router,3.0,1053.95,0.0,109.38,0.15,774.06,Back to School,Card,Cancelled,Rep B,3745.52,
ORD-0002634,C10136,2024-03-25 00:00:00,Fatima,Naidoo,Cape Town,Corporate,Online,Headset,5.0,826.24,0.0,55.93,0.15,527.55,None,Card,Completed,,4806.84,
ORD-0004889,C11915,2025-06-06 00:00:00,Sipho,Naidoo,Johannesburg,Consumer,Online,Router,3.0,793.28,0.1,59.61,0.15,489.52,Summer Sale,Cash,Completed,,2522.75,
ORD-0004069,C12365,2025-10-11 00:00:00,Fatima,Khumalo,Durban,Consumer,Marketplace,Monitor,2.0,3249.84,0.1,70.42,0.15,1932.06,None,Card,Completed,,6797.59,
ORD-0005694,C11197,2025-08-01 00:00:00,Andile,Patel,Gqeberha,Consumer,Marketplace,Office Chair,1.0,4763.21,0.15,148.62,0.15,3742.08,Black Friday,Card,Cancelled,,4804.66,
ORD-0003137,C10785,2024-05-07 00:00:00,Chloe,Pillay,Johannesburg,Corporate,Phone,Monitor,1.0,7508.85,0.05,138.68,0.15,5125.23,None,Card,Completed,,8342.1,
ORD-0001896,C10455,2025-10-24 00:00:00,Thabo,Mthembu,Nelspruit,Consumer,Online,Tablet,1.0,3352.65,0.08,217.35,0.15,2426.75,None,Mobile Wallet,Completed,,3764.45,
ORD-0002823,C11093,2024-06-09 00:00:00,Andile,Khumalo,Bloemfontein,Small Business,Online,Laptop,4.0,12312.88,0.0,104.81,0.15,7883.5,Black Friday,Card,Completed,,56744.04,
ORD-0002192,C12606,2024-11-22 00:00:00,Megan,Patel,Cape Town,Consumer,Online,Monitor,1.0,2926.01,0.0,153.96,,1867.75,None,Card,Completed,,3079.96,
ORD-0002617,C12371,2024-11-30 00:00:00,Nomsa,Botha,Benoni,Corporate,Store,Mouse,2.0,195.73,0.05,219.15,0.0,115.17,None,Card,Completed,Rep D,591.03,
ORD-0005062,C11236,2025-12-22 00:00:00,Nomsa,Naidoo,Polokwane,SMB,Online,Router,6.0,1790.24,0.0,7.46,0.15,1168.33,New Customer,Bank Transfer,Returned,,12360.15,
ORD-0002591,C12099,2024-02-07 00:00:00,Aisha,Naidoo,Nelspruit,Consumer,Online,Laptop,10.0,11081.93,0.15,54.49,0.15,7193.64,Payday Promo,Card,Completed,,108380.34,
ORD-0002522,C12995,2024-01-01 00:00:00,Sipho,Williams,Nelspruit,Corporate,Marketplace,Monitor,1.0,5861.21,0.1,159.18,0.15,4845.17,Clearance,Card,Returned,,6225.53,
ORD-0003524,C12174,2024-08-06 00:00:00,Sipho,Botha,Johannesburg,Consumer,Phone,Monitor,5.0,7779.07,0.1,76.58,0.0,5614.96,New Customer,Card,Completed,,35082.38,
ORD-0003425,C12172,2024-11-16 00:00:00,Mpho,Pillay,Benoni,Corporate,Online,Mouse,5.0,1024.89,0.25,83.03,0.15,649.4,Black Friday,Card,Returned,,4502.88,
ORD-0005499,C10495,2024-03-09 00:00:00,Mpho,Pillay,Gqeberha,Consumer,Online,Keyboard,2.0,1423.9,0.0,106.32,0.0,1037.02,Back to School,Mobile Wallet,Cancelled,,2954.11,
ORD-0000807,C11616,2025-09-19 00:00:00,Kabelo,Naidoo,Johannesburg,Consumer,Online,Printer,6.0,6242.45,0.05,2.23,0.15,4485.09,Payday Promo,Card,Completed,,40921.51,
ORD-0002117,C10718,2025-08-24 00:00:00,Ryan,Smith,Cape Town,Consumer,Online,Monitor,1.0,2739.6,0.0,36.09,0.14,1889.37,Summer Sale,Card,Cancelled,,3159.23,
ORD-0000712,C11541,2024-03-04 00:00:00,Nomsa,Khumalo,Gqeberha,Corporate,Store,Docking Station,3.0,3566.94,0.0,16.1,14%,2894.96,None,Bank Transfer,Completed,Rep C,12215.05,
ORD-0005030,C10837,2024-03-15 00:00:00,Naledi,Botha,Benoni,Consumer,Online,Monitor,1.0,1900.5,0.1,60.62,0.15,1261.98,Back to School,Bank Transfer,Pending,,2027.64,
ORD-0004600,C11589,2024-01-03 00:00:00,Priya,Pillay,Johannesburg,Corporate,Online,SSD,1.0,2421.83,0.0,111.44,0.15,1824.86,New Customer,Card,Completed,,2896.54,
ORD-0000802,C11900,2025-07-30 00:00:00,Ryan,Nkosi,Benoni,Consumer,Online,Router,3.0,1207.67,0.1,80.49,0.15,761.3,None,Card,Completed,,3830.31,
ORD-0005464,C11298,2025-10-15 00:00:00,Kabelo,Mthembu,Johannesburg,Small Business,Phone,SSD,6.0,2115.52,0.03,10.79,0.0,1601.47,Clearance,Mobile Wallet,Pending,,12323.12,
ORD-0001523,C12256,2025-01-05 00:00:00,Fatima,Naidoo,Pretoria,Small Business,Store,Tablet,2.0,5712.0,0.05,48.6,0.0,4537.23,Black Friday,Card,Returned,Rep C,10901.4,
ORD-0003876,C11662,2024-10-30 00:00:00,Aisha,Khumalo,Cape Town,Consumer,Marketplace,Headset,1.0,421.53,0.2,39.52,0.15,349.7,None,Card,Pending,,427.32,
ORD-0003683,C11794,2025-06-20 00:00:00,Kabelo,Molefe,Cape Town,Consumer,Store,Router,2.0,1054.44,0.05,186.44,0.15,723.24,None,Card,Completed,Rep A,2490.4,
ORD-0000886,C11948,2024-10-12 00:00:00,Chloe,Pillay,Johannesburg,Corporate,Marketplace,Router,2.0,2960.7,0.0,129.73,0.15,2351.1,Back to School,Card,Completed,,6939.33,
ORD-0003593,C12273,2024-09-25 00:00:00,Andile,Khumalo,Johannesburg,Corporate,Store,Laptop,2.0,16852.12,0.1,110.56,0.15,12938.13,None,Mobile Wallet,Returned,Rep D,34994.45,
ORD-0001304,C11727,2025-01-22 00:00:00,Daniel,Smith,Pretoria,Consumer,Online,Docking Station,1.0,1969.45,0.05,112.6,0.15,1662.14,Clearance,Card,Pending,,2264.23,
ORD-0003304,C12778,2025-07-22 00:00:00,Mpho,Botha,Johannesburg,Consumer,Online,Mouse,1.0,1046.01,0.1,92.61,0.15,836.01,New Customer,Card,Completed,,1175.23,
ORD-0001171,C12865,2024-06-26 00:00:00,Daniel,Williams,Polokwane,Consumer,Marketplace,Monitor,3.0,8437.56,0.0,100.03,0.15,5954.55,Back to School,Cash,Completed,,29209.61,
ORD-0001805,C12038,2024-11-26 00:00:00,Fatima,Molefe,Durban,Consumer,Online,SSD,10.0,1999.47,0.1,34.12,0.15,1619.75,Payday Promo,Bank Transfer,Completed,,20728.65,
ORD-0002686,C10341,2025-06-06 00:00:00,Megan,Smith,Pretoria,Corporate,Store,Printer,2.0,2902.55,0.0,57.94,0.15,2240.23,Back to School,Card,Pending,Rep A,6733.79,
ORD-0001842,C10226,2025-01-13 00:00:00,Megan,Nkosi,Polokwane, corporate ,Online, mouse ,2.0,1093.06,0.0,215.92,0.15,689.04,None,Bank Transfer,Completed,,2729.96,
ORD-0004734,C12560,2025-05-18 00:00:00,Priya,Mthembu,Polokwane,Consumer,Online,Monitor,3.0,7849.66,0.08,78.26,0.15,4983.04,None,Cash,Pending,,24993.06,
ORD-0003707,C10204,2025-08-24 00:00:00,Sipho,Naidoo,Cape Town,Consumer,Phone,Tablet,1.0,4571.31,0.0,107.99,0.15,3288.59,None,,Completed,,5364.99,
ORD-0002803,C11740,2025-01-24 00:00:00,Mpho,Williams,Nelspruit,Consumer,Online,Router,1.0,2246.83,0.1,211.96,0.15,1590.56,None,EFT,Completed,,2537.43,
ORD-0000435,C12175,2024-08-18 00:00:00,Sipho,Nkosi,Polokwane,Consumer,Online,Laptop,2.0,19415.87,0.1,145.04,0.15,13811.55,None,Card,Completed,,40335.89,
ORD 0002163,C12530,2024-04-15 00:00:00,Kabelo,Khumalo,Johannesburg,Consumer,Online,Laptop,1.0,9874.68,0.03,118.09,0.15,6513.1,Back to School,Card,Completed,,11133.29,
ORD-0004488,C12471,2024-11-25 00:00:00,Daniel,Patel,Johannesburg,Consumer,Phone,Laptop,1.0,13093.19,0.05,111.79,0.15,10711.25,None,Card,Cancelled,,14416.1,
ORD-0002660,C11112,2024-09-27 00:00:00,Daniel,Naidoo,Pretoria,Small Business,Marketplace,Router,4.0,2028.39,0.15,147.8,0.15,1272.21,None,Bank Transfer,Cancelled,,8078.82,
ORD-0002936,C10080,2025-09-19 00:00:00,Ryan,Smith,Polokwane,Small Business,Store,Printer,5.0,5312.23,0.15,123.5,0.15,3409.76,None,Cash,Completed,Rep C,26087.02,
ORD-0003227,C12500,2025-09-11 00:00:00,Naledi,Mokoena,Johannesburg,Consumer,Store,Keyboard,2.0,1885.56,0.05,61.97,0.15,1444.33,Black Friday,Bank Transfer,Completed,Rep E,4181.92,
ORD-0000764,C10412,2024-12-28 00:00:00,Priya,Nkosi,Johannesburg,Corporate,Marketplace,Office Chair,1.0,3174.51,0.1,175.33,0.15,2224.86,None,EFT,Completed,,3460.94,
ORD-0003802,C10963,2024-03-19 00:00:00,Andile,Pillay,Cape Town,Consumer,Marketplace,Mouse,1.0,1105.39,0.0,209.04,0.15,705.06,None,Card,Returned,,1480.24,
ORD-0002645,C12686,2024-07-10 00:00:00,Nomsa,Pillay,Johannesburg,Consumer,Online,Headset,5.0,2720.43,0.03,16.86,0.0,1873.9,None,Mobile Wallet,Completed,,13210.96,
ORD-0000968,C10386,2024-01-16 00:00:00,Naledi,Dlamini,Johannesburg,,Phone,Mouse,4.0,665.09,0.1,130.26,0.15,528.0,None,Bank Transfer,Completed,,3080.67,
ORD-0000170,C11938,2025-08-31 00:00:00,Zanele,Mokoena,Johannesburg,Consumer,Online,Webcam,1.0,1304.69,0.1,177.24,0.15,1033.74,Summer Sale,Mobile Wallet,Cancelled,,1527.58,
ORD-0005510,C10204,2024-09-06 00:00:00,Andile,Williams,Pretoria,Consumer,Online,Router,1.0,1296.78,0.05,131.2,0.15,1002.19,None,EFT,Completed,,1547.93,
ORD-0000268,C12748,2024-12-07 00:00:00,Sipho,Mthembu,Johannesburg,Small Business,Store,Headset,3.0,1104.31,0.15,16.83,0.15,854.49,New Customer,EFT,Cancelled,Rep B,3255.23,
ORD-0003835,C12125,2025-07-15 00:00:00,Nomsa,Mokoena,Benoni,Consumer,Online,Keyboard,52.0,2117.1,0.0,154.08,0.15,1476.56,None,Bank Transfer,Completed,,5023.4,
ORD-0004099,C11816,2025-11-15 00:00:00,Zanele,Dlamini,Pretoria,Consumer,Online,Keyboard,4.0,1072.2,0.05,148.25,0.15,775.02,None,Card,Returned,,4833.77,
ORD-0001507,C12271,2024-11-19 00:00:00,Sipho,Dlamini,Johannesburg,Small Business,Online,Monitor,3.0,2832.31,0.1,42.76,0.15,2168.25,Back to School,EFT,Completed,,8837.07,
ORD-0000352,C10124,2024-02-19 00:00:00,Aisha,Naidoo,Johannesburg,Consumer,Online,DockingStation,6.0,1176.39,0.08,91.67,0.15,707.29,None,Card,Cancelled,,7559.41,
ORD-0000465,C11085,2024-11-08 00:00:00,Daniel,Mthembu,Johannesburg,Consumer,Online,Router,1.0,770.31,0.05,36.1,0.15,645.43,None,Card,Pending,,877.66,
ORD-0005634,C11151,2025-05-02 00:00:00,Jason,Dlamini,Benoni,Consumer,Online,Printer,5.0,3108.84,0.05,59.43,0.15,2334.61,None,Card,Cancelled,,17041.45,
ORD-0005670,C10267,2024-09-04 00:00:00,Andile,Molefe,Benoni,Corporate,Online,Webcam,1.0,"R 1,304.87",0.1,114.44,0.15,1048.84,None,EFT,Completed,,1464.99,
ORD-0004197,C10430,2025-03-14 00:00:00,Naledi,Pillay,Cape Town, corporate ,Store,Tablet,6.0,5269.5,0.1,73.77,0.0,4516.25,Summer Sale,Card,Completed,Rep B,28529.06,
ORD-0004326,C11669,2024-01-21 00:00:00,Andile,Pillay,Pretoria,Corporate,Online,Webcam,5.0,499.93,0.08,8.21,0.15,330.22,None,Card,Completed,,2652.84,
ORD-0005764,C10789,2025-11-13 00:00:00,Fatima,Nkosi,Benoni,Corporate,Marketplace,Monitor,5.0,2872.26,0.05,141.03,0.15,2377.19,None,Bank Transfer,Completed,,15830.77,
ORD-0002353,C12250,2025-08-14 00:00:00,Mpho,Patel,Polokwane,Corporate,Online,Printer,2.0,6144.58,0.0,103.88,0.15,4587.06,,Card,Completed,,14236.42,
ORD-0001440,C11028,2025-08-20 00:00:00,Nomsa,Mokoena,Durban,Corporate,Phone,Headset,4.0,1857.87,0.25,9.85,0.15,1556.69,Black Friday,Card,Pending,,6419.5,
ORD-0003810,C11837,2024-05-29 00:00:00,Lerato,Nkosi,Polokwane,Consumer,Online,Monitor,2.0,5950.99,0.05,166.88,0.15,4524.67,None,Card,Completed,,13169.79,
ORD-0005465,C10483,2025-09-20 00:00:00,Sipho,Williams,Bloemfontein,Consumer,Online,Keyboard,1.0,1998.02,0.2,163.17,0.0,1441.04,Back to School,Mobile Wallet,Completed,,2294.78,
ORD-0000452,C11400,2025-08-21 00:00:00,Chloe,Pillay,Nelspruit,Consumer,Online,Monitor,10.0,3811.55,0.1,52.91,0.15,2794.59,Black Friday,Card,Completed,,39502.5,
ORD-0000102,C11283,2025-04-21 00:00:00,Thabo,Pillay,Pretoria,Small Business,Marketplace,Tablet,2.0,7186.22,0.05,71.83,0.0,5903.6,None,EFT,Returned,,13725.65,
ORD-0002972,C11102,2025-11-12 00:00:00,Jason,Mokoena,Pretoria,Corporate,Online,Mouse,7.0,959.0,0.05,31.2,0.15,573.48,New Customer,EFT,Cancelled,,7365.13,
ORD-0000032,C10250,2025-06-03 00:00:00,Nomsa,Botha,Pretoria ,Corporate,Online,Mouse,1.0,312.17,0.1,201.93,0.15,264.83,None,,Completed,,525.02,
ORD-0004426,C11298,2025-08-14 00:00:00,Siyanda,Molefe,,Corporate,Store,Monitor,4.0,8048.77,0.08,88.84,0.15,6392.91,Summer Sale,Card,Pending,Rep D,34151.24,
ORD-0004933,C11167,2025-11-07 00:00:00,Andile,Mthembu,Johannesburg,Consumer,Online,Laptop,1.0,9527.92,0.1,71.62,0.15,6083.83,None,Card,Completed,,9933.02,
ORD-0000006,C10226,2025-03-23 00:00:00,Thabo,Dlamini,Pretoria,Small Business,Phone,SSD,7.0,3574.65,0.1,44.88,0.15,2961.83,None,Bank Transfer,Returned,,25943.21,
ORD-0005930,C10031,2025-05-09 00:00:00,Sipho,Dlamini,Benoni,Consumer,Online,Headset,4.0,1164.47,0.0,79.53,0.15,844.97,Summer Sale,Card,Completed,,5436.12,
ORD-0004970,C11795,2025-11-17 00:00:00,Megan,Nkosi,Durban,Consumer,Online,Keyboard,2.0,1063.18,0.2,150.91,0.15,629.56,New Customer,Card,Returned,,2107.16,
ORD-0004971,C11255,2024-11-02 00:00:00,Lerato,Botha,Bloemfontein,Consumer,Phone,Headset,2.0,1973.02,0.25,213.65,,1556.6,New Customer,Card,Completed,,3173.18,
ORD-0002290,C12496,2025-08-05 00:00:00,Jason,Mthembu,Durban,Consumer,Online,Headset,1.0,2252.28,0.0,95.71,0.15,1681.33,Black Friday,EFT,Completed,,2685.84,
ORD-0005031,C11475,2024-08-20 00:00:00,Nomsa,Pillay,Cape Town,Consumer,Store,Router,1.0,1918.19,0.25,82.89,0.0,1557.16,None,Card,Pending,Rep C,1521.54,
ORD-0005468,C11300,2024-08-25 00:00:00,Megan,Molefe,Johannesburg,Consumer,Phone,Tablet,7.0,8659.55,0.25,105.14,0.14,5425.38,Clearance,EFT,Returned,,51932.58,
ORD-0001241,C12756,2024-07-29 00:00:00,Jason,Khumalo,Bloemfontein,Consumer,Store,Headset,1.0,2632.34,0.05,134.54,0.15,1840.49,None,EFT,Completed,Rep C,3010.38,
ORD-0001058,C11389,2025-09-06 00:00:00,Andile,Nkosi,Pretoria,Consumer,Online,Monitor,2.0,2936.11,0.15,81.62,0.15,2337.71,None,EFT,Completed,,5821.71,
ORD-0005754,C11476,2024-03-23 00:00:00,Daniel,Khumalo,Benoni,Consumer,Online,Headset,5.0,2168.87,0.0,11.22,0.15,1458.17,None,Card,Completed,,12482.24,
ORD-0005833,C11425,2024-06-15 00:00:00,Fatima,Nkosi,Johannesburg,Corporate,Online,Mouse,3.0,894.47,0.2,116.74,0.15,577.85,None,Card,Completed,,2585.46,
ORD-0002561,C12058,2025-06-26 00:00:00,Andile,Mthembu,Gqeberha,Small Business,Online,Office Chair,1.0,5180.34,0.25,30.71,0.15,3364.21,None,Card,Completed,,4498.75,
ORD-0003291,C11177,2024-09-17 00:00:00,Ryan,Patel,Johannesburg,Consumer,Online,Monitor,4.0,8114.4,0.05,51.59,0.15,5706.24,None,Card,Completed,,35511.53,32457.6
ORD-0004043,C10327,2024-12-29 00:00:00,Daniel,Patel,Pretoria,Small Business,Marketplace,Laptop,3.0,7926.6,0.15,59.98,0.15,4915.99,None,Card,Pending,,23304.74,
ORD-0003648,C12097,2024-03-20 00:00:00,Ryan,Mokoena,Pretoria,Consumer,Online,Monitor,2.0,2768.17,0.0,32.69,0.15,2025.07,None,Card,Completed,,6399.47,
ORD-0001317,C12233,2025-08-21 00:00:00,Thabo,Patel,Pretoria,Consumer,Online,Laptop,2.0,14926.31,0.15,180.65,0.15,10079.8,New Customer,Bank Transfer,Returned,,29361.59,
ORD-0004002,C11541,2025-05-12 00:00:00,Nomsa,Smith,Johannesburg,Corporate,Phone,Webcam,2.0,1498.85,0.1,165.24,0.15,1192.32,Summer Sale,EFT,Completed,,3267.87,
ORD-0004844,C11188,2024-07-14 00:00:00,Daniel,Mokoena,Johannesburg,Consumer,Online,Monitor,2.0,7297.31,0.03,152.87,0.0,6252.77,None,Card,Completed,,14309.65,
ORD-0000290,C12353,2024-05-11 00:00:00,Fatima,Pillay,Johannesburg,Consumer,Marketplace,Router,3.0,1466.62,0.0,87.26,0.15,1039.93,None,Card,Returned,,5147.08,
ORD-0005380,C10543,2025-07-03 00:00:00,Kabelo,Mokoena,Gqeberha,Small Business,Phone,Printer,3.0,2586.27,0.08,148.09,0.15,1869.7, summer sale ,Cash,Completed,,8356.92,
ORD-0001948,C12285,2024-04-02 00:00:00,Jason,Nkosi,Pretoria,Consumer,Marketplace,Laptop,2.0,10165.05,0.0,112.39,0.0,7635.42,Black Friday,EFT,Cancelled,,20442.49,
ORD-0000057,C10758,2024-10-06 00:00:00,Siyanda,Williams,Pretoria,Consumer,Online,Laptop,1.0,12385.14,0.25,135.86,0.15,9304.61,Payday Promo,Mobile Wallet,Completed,,10818.04,
ORD-0002127,C11337,2025-07-29 00:00:00,Jason,Mthembu,Nelspruit,Consumer,Online,Keyboard,4.0,1276.1,0.03,138.07,0.15,1094.09,None,,Cancelled,,5832.04,
ORD-0001178,C10418,2025-04-13 00:00:00,Thabo,Naidoo,Johannesburg,Consumer,Online,Headset,6.0,1026.94,0.2,98.29,0.15,831.81,None,Card,Completed,,5766.98,
ORD-0004417,C10263,2024-09-16 00:00:00,Fatima,Naidoo,Benoni,Corporate,Store,Webcam,7.0,2248.22,0.0,46.3,0.15,1807.63,None,EFT,Returned,Rep B,18144.47,
ORD-0001415,C12376,12/03/2025,Megan,Williams, johannesburg ,Consumer,Store,Router,10.0,1749.0,0.15,147.35,0.14,1151.05,Clearance,Card,Completed,Rep A,17095.18,
ORD-0003157,C11624,2024-12-01 00:00:00,Kabelo,Mthembu,Pretoria,Consumer,Store,Webcam,1.0,1219.51,0.1,97.18,0.15,969.56,Back to School,Card,Completed,Rep C,1359.38,
ORD-0005055,C11585,2024-12-03 00:00:00,Thabo,Mthembu,Nelspruit,Corporate,Online,Mouse,1.0,241.37,0.03,33.43,0.15,192.74, none ,Mobile Wallet,Pending,,302.69,
ORD-0000972,C10225,2025-09-26 00:00:00,Aisha,Mthembu,Polokwane,Consumer,Store,Docking Station,2.0,"R 3,017.45",0.05,59.34,0.15,1949.9,Summer Sale,Cash,Cancelled,Rep D,6652.46,
ORD-0001418,C11024,2024-05-17 00:00:00,Naledi,Mthembu,Johannesburg,Consumer,Marketplace,Mouse,1.0,1366.96,5%,105.9,0.15,1016.74,None,Card,Completed,,1599.31,
ORD-0003056,C12311,2025-04-05 00:00:00,Kabelo,Williams,Johannesburg,Corporate,Marketplace,Laptop,1.0,17453.9,0.03,123.36,0.0,12972.56,None,Card,Completed,,17053.65,
ORD-0000622,C11303,2024-07-13 00:00:00,Fatima,Naidoo,Durban,Consumer,Marketplace,Laptop,1.0,19383.7,0.08,109.58,0.15,14141.93,Payday Promo,Card,Returned,,20617.54,
ORD-0002513,C10599,2025-01-24 00:00:00,Fatima,Botha,Johannesburg,Small Business,Phone,Keyboard,2.0,665.93,0.0,149.1,0.15,421.33,Black Friday,EFT,Completed,,1680.75,
ORD-0000770,C12254,2024-07-09 00:00:00,Fatima,Molefe,Nelspruit,Small Business,Online,Keyboard,3.0,1823.53,0.08,110.44,0.15,1319.13,Payday Promo,Mobile Wallet,Returned,,5898.34,
ORD-0003791,C12194,2024-05-06 00:00:00,Chloe,Khumalo,Nelspruit,Consumer,Marketplace,Tablet,5.0,9861.6,0.08,47.77,0.15,7995.01,None,Cash,Cancelled,,52215.65,
ORD-0000755,C11943,2025-07-14 00:00:00,Daniel,Smith,Johannesburg,Consumer,Online,Monitor,1.0,5034.92,0.1,123.79,0.15,3206.19,Black Friday,EFT,Completed,,5334.93,
ORD-0000822,C12114,2024-05-28 00:00:00,Ryan,Khumalo,Benoni,Consumer,Marketplace,Laptop,2.0,16306.0,0.15,92.12,0.0,10976.06,None,EFT,Completed,,27812.31,
ORD-0005435,C11399,2025-10-14 00:00:00,Megan,Botha,Benoni,Consumer,Online,SSD,1.0,2116.45,0.15,88.46,0.15,1229.43,None,Card,Cancelled,,2157.3,
ORD-0005994,C12064,2024-03-20 00:00:00,Kabelo,Naidoo,Bloemfontein,Small Business,Online,Laptop,4.0,12802.84,0.2,44.01,0.0,10159.8,Payday Promo,Cash,Completed,,41013.11,
ORD-0002198,C10129,2024-07-18 00:00:00,Megan,Mokoena,Cape Town,Corporate,Phone,Tablet,3.0,10691.49,0.15,64.06,0.15,8826.3,None,Mobile Wallet,Returned,,31416.85,
ORD-0001450,C11618,2025-08-28 00:00:00,Nomsa,Naidoo,Cape Town,Consumer,Online,Router,5.0,2877.45,0.15,144.55,0.15,2279.83,None,Card,Returned,,14208.08,14387.25
ORD-0003026,C10057,2024-05-27 00:00:00,Ryan,Smith,Johannesburg,Corporate,Store,Headset,3.0,2257.0,0.0,94.56,0.15,1325.46,Back to School,Card,Pending,Rep B,7881.22,
ORD-0005978,C11116,2025-07-21 00:00:00,Lerato,Williams,Johannesburg,Consumer,Phone,Monitor,2.0,4252.63,0.03,111.23,0.15,3083.13,Clearance,Cash,Returned,,9598.84,
ORD-0005345,C12798,2025-11-03 00:00:00,Aisha,Khumalo,Cape Town,Small Business,Online,Mouse,2.0,606.42,0.0,79.37,0.0,490.9,Back to School,Card,Returned,,1292.21,
ORD-0004551,UNKNOWN-39,2025-11-30 00:00:00,Andile,Smith,Johannesburg,Consumer,Phone,Laptop,1.0,20704.06,0.15,206.25,0.15,13946.38,None,Card,Completed,,20444.48,
ORD-0003777,C11280,2025-07-30 00:00:00,Kabelo,Mthembu,Johannesburg,Corporate,Store,Router,2.0,2816.05,0.1,58.37,0.15,2322.03,Back to School,Bank Transfer,Cancelled,Rep E,5887.59,
ORD-0001166,C10077,2024-04-18 00:00:00,Zanele,Naidoo,Johannesburg,Small Business,Store,Mouse,1.0,1255.91,0.0,129.26,0.0,774.04,None,EFT,Cancelled,Rep D,1385.18,
ORD-0002654,C12226,2024-10-14 00:00:00,Fatima,Pillay,Cape Town,Consumer,Phone,Webcam,2.0,870.04,0.0,42.98,0.15,664.4,None,Cash,Cancelled,,2044.08,
ORD-0000881,C12280,2024-08-27 00:00:00,Naledi,Naidoo,Johannesburg,Corporate,Marketplace,Office Chair,5.0,3790.93,0.0,110.66,0.15,3060.96,None,Cash,Pending,,21908.49,
ORD-0000889,C12676,2025-01-15 00:00:00,Thabo,Botha,Cape Town, corporate ,Online,Laptop,3.0,7885.83,0.1,50.14,0.15,4806.94,None,Card,Completed,,24535.63,
ORD-0005040,C11180,2024-10-29 00:00:00,Zanele,Khumalo,Johannesburg,Consumer,Phone,Router,3.0,2263.34,0.0,110.0,0.15,1403.76,None,Card,Pending,,7918.51,
ORD-0000656,C11292,2025-08-02 00:00:00,Mpho,Dlamini,Durban,Consumer,Online,Laptop,,14648.24,0.2,145.08,0.14,11010.66,None,Card,Completed,,26863.47,
ORD-0003031,C11724,2024-10-16 00:00:00,Ryan,Patel,Benoni,Consumer,Marketplace,Tablet,3.0,7487.41,0.2,54.44,0.15,6238.82,None,mobile wallet,Completed,,20719.69,
ORD-0005513,C10645,2024-01-18 00:00:00,Zanele,Mokoena,Nelspruit,Consumer,Store,Laptop,3.0,8524.08,0.15,36.71,0.15,7118.69,Back to School,EFT,Pending,Rep A,25033.59,
ORD 0001606,C10312,2024-10-11 00:00:00,Ryan,Molefe,Durban,Consumer,Phone,Mouse,6.0,1148.25,0.05,36.07,0.0,905.43,None, card ,Returned,,6581.08,
ORD-0002610,C11439,2025-05-15 00:00:00,Megan,Pillay,Johannesburg,Small Business,Marketplace,Headset,4.0,1200.04,0.08,10.16,0.15,915.86,None,Cash,Pending,,5088.72,
ORD-0004409,C11693,2024-05-20 00:00:00,Megan,Botha,Pretoria, consumer ,Store,Keyboard,3.0,1691.78,0.15,126.71,0.15,1063.56,Payday Promo,Bank Transfer,Cancelled,Rep A,5087.85,
ORD-0005148,C12547,2025-10-06 00:00:00,Lerato,Botha,Bloemfontein,Small Business,Online,Router,3.0,2552.38,0.1,59.89,0.15,1904.82,None,Card,Completed,,7985.03,
ORD-0002942,C11983,2024-04-01 00:00:00,Zanele,Mokoena,Benoni,Consumer,Online,Headset,10.0,2616.89,0.1,94.56,0.15,1720.66,Clearance,EFT,Cancelled,,27179.35,
ORD-0000644,C10618,2024-10-12 00:00:00,Zanele,Naidoo, durban ,Consumer,Marketplace,Keyboard,1.0,1146.34,0.0,174.17,0.15,687.18,None,EFT,Returned,,1492.46,
ORD-0003434,C10776,2025-05-18 00:00:00,Priya,Pillay,Pretoria,Corporate,Online,Monitor,1.0,4731.26,0.25,98.27,0.15,2757.35,Black Friday,EFT,Completed,,4178.98,
ORD-0003072,C11811,2025-03-14 00:00:00,Thabo,Patel,Gqeberha,Consumer,Online, ssd ,3.0,1580.09,0.15,82.84,0.15,1187.97,Black Friday,Card,Cancelled,,4716.45,
ORD-0000303,C11609,2024-12-20 00:00:00,Ryan,Mthembu,Cape Town,Consumer,Phone,Webcam,5.0,1034.08,0.05,97.57,0.15,640.87,None,Card,Completed,,5746.22,
ORD-0002150,C10629,2025-07-06 00:00:00,Thabo,Naidoo,Johannesburg,Consumer,Marketplace,Office Chair,2.0,5695.18,0.0,138.03,0.15,3880.1,Back to School,Mobile Wallet,Completed,,13236.94,
ORD-0001906,C11084,2024-08-02 00:00:00,Nomsa,Molefe,Gqeberha,Corporate,Phone,SSD,1.0,1383.07,0.0,156.43,0.15,1076.65,None,Card,Completed,,1746.96,
ORD-0001560,C11305,2024-06-15 00:00:00,Siyanda,Mokoena,Polokwane,Consumer,Marketplace,Webcam,1.0,572.04,0.2,95.35,0.15,339.6,None,Bank Transfer,Completed,,621.63,
ORD-0002873,C10239,2024-07-12 00:00:00,Fatima,Naidoo,Durban,Consumer,Online,Laptop,1.0,11633.04,0.03,56.08,0.15,7333.62,None,Mobile Wallet,Cancelled,,13032.73,
ORD-0000197,C12086,2024-04-09 00:00:00,Jason,Mthembu,Pretoria,Consumer,Store,Headset,1.0,"R 1,095.14",0.0,120.97,0.15,797.07,Payday Promo,Mobile Wallet,Completed,Rep D,1380.39,
ORD-0003540,C11629,2025-08-03 00:00:00,Naledi,Molefe,Benoni,Consumer,Online,Mouse,4.0,1051.63,0.03,108.55,0.15,624.75,Payday Promo,MobileWallet,Returned,,4800.92,
ORD-0001803,C10693,2024-02-18 00:00:00,Siyanda,Naidoo,Benoni,Corporate,Online,Mouse,1.0,1386.01,0.1,127.52,0.15,873.34,Summer Sale,Mobile Wallet,Completed,,1562.04,
ORD-0003244,C10590,2025-01-22 00:00:00,Kabelo,Dlamini,Johannesburg,Consumer,Online,Mouse,1.0,1260.54,0.03,156.18,0.15,860.79,None,EFT,Completed,,1562.31,
ORD-0003380,C10410,2024-04-29 00:00:00,Fatima,Mokoena,Johannesburg,Consumer,Online,Monitor,1.0,6089.52,0.15,143.9,0.15,4107.63,None,Cash,Completed,,6096.41,
ORD-0002364,C10746,2025-09-03 00:00:00,Lerato,Patel,Johannesburg,Consumer,Marketplace,Monitor,2.0,3880.09,0.0,217.52,0.15,2666.19,None,Card,Completed,,9141.72,
ORD-0005259,C11109,2024-01-29 00:00:00,Ryan,Dlamini,Polokwane,Corporate,Online,SSD,5.0,1130.74,0.0,128.18,0.15,826.28,Summer Sale,Card,Returned,,6629.95,
ORD-0002123,C12547,2025-07-05 00:00:00,Jason,Smith,Pretoria,Consumer,Marketplace,Router,3.0,677.0,0.05,19.44,0.15,489.09,Clearance,EFT,Completed,,2238.31,
ORD-0000995,C11600,2025-02-15 00:00:00,Kabelo,Nkosi,Durban,Consumer,Phone,Keyboard,3.0,568.13,0.03,99.4,0.15,334.69,None,Bank Transfer,Completed,,2000.64,
ORD-0003783,C12684,2024-05-12 00:00:00,Chloe,Botha,Durban,Consumer, marketplace ,Router,2.0,2252.36,0.15,134.08,0.15,1783.6,None,Cash,Completed,,4537.44,
ORD-0004517,C10949,2025-07-03 00:00:00,,Smith,Bloemfontein,Consumer,Online,Laptop,1.0,10815.49,0.05,42.13,0.15,6559.3,Summer Sale,Card,Completed,,11858.06,
ORD-0001338,C11238,2024-06-13 00:00:00,Mpho,Dlamini,Benoni,Corporate,Online,Docking Station,4.0,4844.25,0.0,4.97,0.15,3690.24,None,Card,Returned,,22288.52,
ORD-0005920,C10917,2025-06-12 00:00:00,Daniel,Mokoena,Pretoria,Consumer,Marketplace,Tablet,4.0,4238.47,0.2,97.13,0.15,3124.43,Back to School,Card,Completed,,15694.7,
ORD-0000528,C11587,2025-11-03 00:00:00,Ryan,Dlamini,Cape Town,Consumer,Phone,Mouse,7.0,269.52,0.1,62.72,0.15,209.07,None,Cash,Cancelled,,2015.39,
ORD-0004732,C12373,2025-11-22 00:00:00,Naledi,Mthembu,Pretoria,Small Business,Marketplace, webcam ,1.0,932.46,0.15,68.03,0.15,696.85,None,Card,Pending,,979.51,
ORD-0000754,C10505,2024-05-30 00:00:00,Megan,Botha,Benoni,Consumer,Store,Keyboard,1.0,688.2,0.08,116.78,0.15,409.3,New Customer,EFT,Completed,Rep D,844.89,
ORD-0002438,C10020,23 Jul 2024,Ryan,Botha,Cape Town,Consumer,Online,Monitor,6.0,6285.31,0.1,111.94,0.15,5008.57,Payday Promo,EFT,Completed,,39143.72,
ORD-0000928,C10509,2024-09-07 00:00:00,Nomsa,Williams,Johannesburg,Corporate,Marketplace,Monitor,4.0,3176.93,0.15,19.36,0.15,2286.31,Black Friday,Card,Cancelled,,12441.16,
ORD-0003305,C10364,2025-12-16 00:00:00,Daniel,Dlamini,Durban,Consumer,Store,Mouse,8.0,1245.29,0.15,129.96,0.15,944.09,New Customer,Mobile Wallet,Returned,Rep B,9868.12,
ORD-0005742,C11790,2024-07-18 00:00:00,Thabo,Naidoo,Benoni,Consumer,Online,Keyboard,2.0,680.21,0.05,64.13,0.0,559.52,Summer Sale,Mobile Wallet,Pending,,1356.53,
ORD-0001275,C12444,2025-02-19 00:00:00,Mpho,Khumalo,Pretoria,Corporate,Online,Office Chair,1.0,8979.98,0.1,53.93,0.15,6960.96,None,Mobile Wallet,Pending,,9348.21,
ORD-0004975,C10436,2024-12-27 00:00:00,Ryan,Mokoena,Gqeberha,Consumer,Phone,SSD,5.0,1840.27,0.1,20.42,0.15,1395.88,None,Card,Cancelled,,9543.83,
ORD-0002847,C10805,2024-01-19 00:00:00,Megan,Patel,Cape Town,Consumer,Online,Monitor,6.0,2635.6,0.03,98.96,0.15,1997.25,New Customer,Mobile Wallet,Completed,,17739.04,
ORD-0000450,C10200,2025-01-15 00:00:00,Kabelo,Naidoo,Johannesburg,Consumer,Online,Office Chair,,5923.87,0.08,24.53,0.15,3512.38,None,Cash,Completed,,18826.89,
ORD-0002341,C10698,2025-11-17 00:00:00,Andile,Naidoo,Bloemfontein,Corporate,Online,SSD,2.0,2310.11,0.15,105.9,0.15,1516.04,New Customer,Mobile Wallet,Completed,,4622.17,
ORD-0005126,C10509,11/07/2025,Sipho,Naidoo,Johannesburg,Corporate,Store,Mouse,1.0,594.67,0.08,169.19,0.15,390.8,None,Bank Transfer,Completed,Rep C,798.35,
ORD-0003774,C10758,2024-02-18 00:00:00,Jason,Pillay,Cape Town,Small Business,Online,Keyboard,1.0,1002.51,0.08,61.45,0.15,615.21,None,Card,Completed,,1122.1,
ORD 0000037,C11537,2024-04-11 00:00:00,Priya,Molefe,Pretoria,Small Business,Marketplace,Monitor,2.0,5543.58,0.15,133.39,0.15,4386.29,None,Card, completed ,,10971.09,
ORD-0002672,C12078,2025-01-31 00:00:00,Jason,Patel,Gqeberha,Corporate,Phone,Headset,2.0,1069.76,0.08,208.35,0.15,726.13,Black Friday,Card,Completed,,2471.97,
ORD-0002331,C12880,2025-10-10 00:00:00,Jason,Botha,Benoni,Consumer,Online,Laptop,10.0,10184.12,0.03,109.45,0.15,8011.07,Black Friday,Card,Pending,,113713.31,
ORD-0000944,C10761,2025-01-15 00:00:00,Siyanda,Dlamini,Johannesburg,Consumer,Online,Keyboard,1.0,1165.85,0.15,141.03,0.15,968.87,Payday Promo,Bank Transfer,Completed,,1280.65,
ORD-0005357,C11184,2024-10-21 00:00:00,Mpho,Mokoena,Pretoria,Consumer,Store,Headset,1.0,1612.59,0.1,43.92,0.0,1255.19,None,Mobile Wallet,Returned,Rep D,1495.25,
ORD-0002313,C10160,2024-04-30 00:00:00,Chloe,Mokoena,Polokwane,Small Business,Store,Docking Station,1.0,4192.36,0.05,100.61,0.15,3583.58,Summer Sale,Card,Returned,Rep B,4680.76,
ORD-0005633,C11333,2025-03-08 00:00:00,Fatima,Mthembu,JHB, small business ,Online,Router,1.0,3542.3,0.1,142.12,0.15,2863.44,Back to School,Card,Completed,,3808.41,
ORD-0004790,C11688,2024-09-16 00:00:00,Sipho,Williams,Johannesburg,Corporate,Marketplace,Headset,5.0,1463.85,0.05,15.38,0.15,1148.93,Back to School,Card,Completed,,8011.67,
ORD-0002903,C11185,2025-02-25 00:00:00,Kabelo,Naidoo,Johannesburg,Corporate,Phone,Mouse,3.0,939.99,0.0,134.33,0.15,557.78,,Mobile Wallet,Completed,,3377.28,
ORD-0001993,C12187,2025-07-23 00:00:00,Mpho,Mthembu,Benoni,SMB,Online,Monitor,3.0,6472.32,0.15,45.47,0.0,4399.41,None,Card, completed ,,16549.88,
ORD-0004271,C10575,2025-07-18 00:00:00,Nomsa,Smith,Durban,Consumer,Store,Docking Station,1.0,4087.39,0.2,114.76,0.15,2784.36,Summer Sale,Card,Completed,Rep B,3875.15,
ORD-0001962,C11249,2025-11-11 00:00:00,Kabelo,Molefe,Nelspruit,Consumer,Online,Office Chair,1.0,6155.88,0.05,216.92,0.15,4878.9,Summer Sale,Mobile Wallet,Returned,,6942.22,
ORD-0004636,C10401,2024-07-29 00:00:00,Naledi,Mthembu, johannesburg ,Consumer,Marketplace,Laptop,1.0,21706.49,0.2,78.34,0.15,13462.3,None,Card,Cancelled,,20048.31,
ORD-0002587,C11265,2025-08-04 00:00:00,Ryan,Botha,Nelspruit,Consumer,Online,Webcam,2.0,2354.77,0.1,82.36,0.15,1481.28,None,Mobile Wallet,Completed,,4956.74,
ORD-0001596,C12639,2024-09-09 00:00:00,Thabo,Pillay,Bloemfontein,Consumer,Store,DockingStation,8.0,2519.46,0%,75.18,0.15,2037.86,Clearance,EFT,Cancelled,Rep E,23254.25,
ORD-0001721,C12962,2024-06-12 00:00:00,Jason,Mthembu,Cape Town,Consumer,Online,Laptop,1.0,12661.86,0.03,67.84,0.15,9438.58,None,Bank Transfer,Pending,,14192.15,
ORD 0004290,C12916,2025-05-28 00:00:00,Zanele,Khumalo,Cape Town,Consumer,Marketplace,Router,1.0,2337.41,0.0,52.57,0.15,1571.0,Summer Sale,Cash,Completed,,2740.6,
ORD-0000790,C10967,2025-04-17 00:00:00,Megan,Mokoena,Johannesburg,Corporate,Marketplace,Laptop,2.0,12241.02,0.05,40.93,0.15,10122.29,None, bank transfer ,Completed,,26787.55,
ORD-0004370,C12011,2025-12-08 00:00:00,Zanele,Mokoena,Gqeberha,Consumer,Store,Monitor,5.0,4294.66,0.15,0.95,0.15,3253.09,None,EFT,Returned,Rep A,20991.11,
ORD-0000496,C12590,2024-04-17 00:00:00,Fatima,Botha,Gqeberha,Consumer,Marketplace,Keyboard,2.0,1256.62,0.25,39.72,0.15,1080.57,None,Card,Completed,,2207.39,
ORD-0003319,C12520,2025-04-18 00:00:00,Megan,Dlamini,Johannesburg,Consumer,Marketplace,Headset,3.0,734.19,0.2,42.61,0.15,449.24,None,Card,Cancelled,,2068.97,
ORD-0002225,C12279,2025-05-24 00:00:00,Ryan,Pillay,Benoni,Consumer,Online,Mouse,10.0,295.19,0.0,83.76,0.15,232.18,None,Card,Completed,,3478.4,
ORD-0005388,C10945,2024-04-30 00:00:00,Mpho,Botha,Benoni,Corporate,Online,Monitor,,5427.86,0.15,118.17,0.15,3948.39,None,Mobile Wallet,Completed,,5423.91,
ORD-0003594,C11920,2025-09-07 00:00:00,Priya,Patel,Johannesburg,Consumer,Phone,Monitor,4.0,4675.68,0.1,42.23,0.15,3106.32,None,EFT,Returned,,19399.56,
ORD-0003280,C10870,2025-02-01 00:00:00,Sipho,Mokoena,Johannesburg,Corporate,Online,SSD,1.0,1958.38,0.0,71.88,0.15,1516.6,None,Cash,Completed,,2324.02,
ORD-0000305,C10363,2025-12-07 00:00:00,Aisha,Khumalo,Bloemfontein,Consumer,Online,Monitor,3.0,5250.91,20%,119.96,0.15,3203.02,None,Cash,Pending,,14612.47,
ORD-0001269,C11012,2025-12-19 00:00:00,Sipho,Molefe,Pretoria,Consumer,Phone,Laptop,2.0,12703.34,0.03,136.14,0.15,10125.59,None,Cash,Cancelled,,28477.28,
ORD-0005059,C10444,2024-07-28 00:00:00,Lerato,Naidoo,Benoni,Corporate,Online,Monitor,2.0,7627.53,0.0,50.3,0.15,5655.53,Black Friday,EFT,Completed,,17593.61,
ORD-0001685,C12089,2025-02-03 00:00:00,Fatima,Williams,Cape Town,Corporate,Marketplace,Printer,1.0,1931.64,0.0,54.08,0.0,1622.93,Clearance,Mobile Wallet,Completed,,1985.72,
ORD-0003276,C11974,2024-03-24 00:00:00,Siyanda,Mthembu,Cape Town,Small Business,Online,Tablet,4.0,6779.52,0.1,124.49,0.0,4365.24,Summer Sale,Card,Returned,,24530.74,
ORD-0002239,C11773,2024-07-19 00:00:00,Nomsa,Nkosi,Joburg,Corporate,Online,Laptop,4.0,15800.16,0.25,60.3,0.15,10280.13,Payday Promo,Bank Transfer,Completed,,54570.85,
ORD-0000858,C12606,2024-01-20 00:00:00,Fatima,Khumalo,Polokwane,Corporate,Marketplace,Printer,2.0,2604.3,0.08,62.94,0.15,2038.85,Summer Sale,Card,Returned,,5573.63,
ORD-0002480,C11819,2024-07-21 00:00:00,Sipho,Nkosi,Gqeberha,Consumer,Store,Headset,6.0,2664.92,0.08,88.64,0.15,2162.88,,Card,Completed,Rep E,17005.52,
ORD-0003684,C10016,2024-06-16 00:00:00,Naledi,Williams,Johannesburg,Consumer,Marketplace,SSD,3.0,1530.87,0.0,102.1,0.15,1271.48,None, eft ,Completed,,5383.59,
ORD-0005470,C10836,2025-10-26 00:00:00,Lerato,Pillay,Cape Town,Consumer,Online,Monitor,3.0,6392.27,0.0,59.15,0.15,4375.94,None,Bank Transfer,Pending,,22112.49,
ORD-0005161,C11147,2024-11-01 00:00:00,Ryan,Patel,Pretoria,Corporate,Online,Router,3.0,706.12,0.2,103.54,0.15,485.13,None,Card,Completed,,2052.45,
ORD-0002854,C11182,2024-01-25 00:00:00,Daniel,Mokoena,Johannesburg,Consumer,Phone,Monitor,1.0,4752.42,0.0,79.06,0.14,2892.27,None,Bank Transfer,Returned,,5496.81,
ORD-0003493,C10123,2025-12-12 00:00:00,Jason,Nkosi,Johannesburg,Consumer,Phone,Headset,2.0,2158.37,0.25,130.05,0.14,1395.32,None,Card,Cancelled,,3820.87,
ORD-0004860,C11210,2024-01-02 00:00:00,Fatima,Naidoo,Gqeberha,Small Business,Marketplace,Docking Station,3.0,3586.38,0.1,143.05,0.15,2235.25,None,Card,Completed,,11278.75,
ORD-0004541,C10977,2025-09-29 00:00:00,Andile,Botha,Johannesburg,Small Business,Online,Laptop,2.0,16981.07,0.0,207.02,0.15,12206.06,New Customer,Card,Pending,,39263.48,
ORD-0001031,C10400,2024-12-30 00:00:00,Ryan,Dlamini,Bloemfontein,Corporate,Online,Tablet,4.0,10530.31,0.03,31.86,0.15,8236.96,None,Cash,Completed,,47018.11,
ORD-0002102,C10598,2025-09-29 00:00:00,Aisha,Naidoo,Johannesburg,Corporate,Store,Keyboard,2.0,1634.97,0.05,140.02,0.15,1372.86,Payday Promo,Bank Transfer,Returned,Rep D,3712.44,
ORD-0004548,C12554,2025-03-30 00:00:00,Thabo,Nkosi,Pretoria,Small Business,Online,SSD,5.0,2437.51,0.0,75.08,0.15,1561.7,None,,Pending,,14090.75,
ORD-0004846,C11372,2024-07-23 00:00:00,Naledi,Naidoo,Polokwane,Consumer,Online,Docking Station,2.0,4048.4,0.15,41.77,0.15,2408.5,Summer Sale,Card,Completed,,7956.4,
ORD-0002027,C11662,2024-12-05 00:00:00,Siyanda,Mthembu,Gqeberha,Consumer,Online,Printer,1.0,4794.08,0.1,178.72,0.15,4122.47,None,Card,Completed,,5140.59,
ORD-0005026,C10256,2024-09-22 00:00:00,Chloe,Botha,Benoni,Consumer,Online,Mouse,2.0,1290.43,0.15,129.88,0.15,932.15,None,Card,Completed,,2652.67,
ORD-0000643,C11780,2024-03-29 00:00:00,Thabo,Nkosi,Durban,Consumer,Online,Mouse,3.0,746.54,0.15,84.07,0.15,560.44,New Customer,Card,Completed,,2273.31,
ORD-0004720,C12442,2024-08-26 00:00:00,Ryan,Molefe,Johannesburg,Consumer,Online,Router,8.0,773.88,0.1,79.02,0.15,546.25,Clearance,Card,Pending,,6486.76,
ORD-0004828,C12208,2024-05-29 00:00:00,Chloe,,Polokwane,Consumer,Marketplace,Laptop,1.0,12625.25,0.2,58.05,0.15,7678.0,None,Card,Completed,,11673.27,
ORD-0001139,C11932,2025-12-10 00:00:00,Megan,Khumalo,Pretoria,Consumer,Store,Monitor,4.0,3177.78,0.0,120.92,0.15,2512.31,None,Bank Transfer,Pending,Rep B,14738.7,
ORD-0003569,C10724,2024-06-15 00:00:00,Siyanda,Nkosi,Johannesburg,Consumer,Phone,Mouse,4.0,167.93,0.1,109.28,0.0,129.93,Clearance,Cash, cancelled ,,713.84,
ORD-0002323,C10975,2024-10-30 00:00:00,Jason,Molefe,Johannesburg,Consumer,Online,Docking Station,2.0,3407.36,0.08,60.77,0.15,2612.69,None,Card,Returned,,7270.75,
ORD-0000612,C11022,2024-06-10 00:00:00,Zanele,Nkosi,Benoni,Consumer,Marketplace,Keyboard,1.0,1773.28,0.0,43.0,0.15,1177.34,None,Mobile Wallet,Completed,,2082.27,
ORD-0005514,C10245,2025-07-03 00:00:00,Jason,Botha,Pretoria,Corporate,Store,Keyboard,8.0,1285.87,0.05,114.78,0.15,880.63,None,Card,Completed,Rep C,11353.25,
ORD-0004391,C11480,2024-05-05 00:00:00,Priya,Mokoena,Durban,Consumer,Store,Laptop,1.0,17964.66,0%,36.75,0.0,13933.7,None,Card,Completed,Rep A,18001.41,
ORD-0001774,C10615,2025-08-02 00:00:00,Siyanda,Naidoo,Cape Town,Consumer,Online,Monitor,4.0,5757.79,0.25,59.34,0.15,3344.83,Payday Promo,Card,Completed,,19923.7,
ORD-0003880,C11736,2025-03-24 00:00:00,Nomsa,Pillay,Durban,Corporate,Online,Mouse,6.0,342.17,0.08,149.82,0.15,210.85,Summer Sale,Mobile Wallet,Completed,,2321.94,
ORD-0003248,C10614,2024-02-04 00:00:00,Daniel,Patel,Pretoria,Corporate,Online,Laptop,6.0,12949.64,0.15,10.67,0.15,7624.5,None, bank transfer ,Pending,,75960.31,
ORD-0001174,C10664,2025-08-14 00:00:00,Aisha,Dlamini,Johannesburg,Consumer,Online,Monitor,2.0,3797.44,0.1,107.3,0.15,3112.25,None,Cash,Cancelled,,7968.0,
ORD-0000373,C10113,2024-04-26 00:00:00,Thabo,Pillay,PTA,Corporate,Online,Printer,1.0,5726.19,0.03,175.93,0.15,4606.27,None,EFT,Pending,,6563.49,
ORD-0001729,C10265,2025-05-13 00:00:00,Jason,Mthembu,Gqeberha,Consumer,Phone,Mouse,3.0,820.53,0.05,60.63,0.0,628.13,Clearance,Mobile Wallet,Completed,,2399.15,
ORD-0004359,C11831,2024-07-03 00:00:00,Naledi,Patel,Cape Town,Small Business,Online,Webcam,2.0,1454.69,0.0,179.54,0.15,1070.76,None,Card,Completed,,3525.33,
ORD-0003668,C12015,2024-12-24 00:00:00,Fatima,Smith,Johannesburg,SMB,Online,Webcam,2.0,1658.59,0.1,99.79,0.15,1407.12,None,Mobile Wallet,Pending,,3533.08,
ORD-0002451,C12015,2025-04-10 00:00:00,Ryan,Pillay,Pretoria,Small Business,Online,Mouse,2.0,1346.15,0.0,137.1,0.15,908.92,None,Cash,Pending,,3233.26,
ORD-0004535,C10985,2025-13-01,Priya,Patel,Cape Town,Consumer,Phone,Keyboard,1.0,1482.29,0.03,161.14,0.15,1175.39,None,Mobile Wallet,Pending,,1814.63,
ORD-0003994,C10156,2025-05-02 00:00:00,Sipho,Dlamini,Pretoria,Corporate,Marketplace,Router,8.0,712.2,0.15,113.99,0.15,453.16, none ,Bank Transfer,Completed,,5683.42,
ORD-0000346,C10330,2025-06-10 00:00:00,Sipho,Pillay,Bloemfontein,Consumer,Marketplace,Webcam,1.0,1064.81,0.2,173.3,0.0,620.88,Summer Sale,EFT,Completed,,1025.15,
ORD-0004918,C11865,2025-07-13 00:00:00,Kabelo,Mthembu, durban ,Consumer,Marketplace,Tablet,4.0,7396.94,0.08,121.35,0.15,5687.61,New Customer,EFT,Completed,,31425.21,
ORD-0003884,C10287,2025-07-27 00:00:00,Siyanda,Naidoo,Polokwane,Small Business,Store,DockingStation,5.0,1970.33,0.08,7.03,0.15,1432.71,None,Cash,Returned,Rep C,10430.06,
ORD-0000114,C11930,2025-08-16 00:00:00,Thabo,Patel,Durban,Consumer,Online,Laptop,1.0,8309.3,0.1,207.57,0.15,5953.79,None,EFT,Pending,,8807.7,
ORD-0004901,C11053,2024-04-25 00:00:00,Mpho,Williams,Bloemfontein,Small Business,Store,Laptop,4.0,14489.25,0.1,37.1,0.15,9420.2,Back to School,Card,Cancelled,Rep E,60022.61,
ORD-0001543,C10849,2025-06-02 00:00:00,Ryan,Molefe,Johannesburg,Corporate,Online,Printer,3.0,3563.43,0.1,57.57,0.15,2818.65,None,Card,Cancelled,,11122.02,
ORD-0000426,C11050,2025-04-26 00:00:00,Fatima,Botha,Nelspruit,Consumer,Online,Tablet,4.0,3515.83,0.1,87.74,0.0,2999.97,,Cash,Returned,,12744.73,
ORD-0002267,C12019,2024-03-28 00:00:00,Nomsa,Nkosi,Pretoria,Corporate,Online,Laptop,2.0,19361.18,0.15,187.5,0.0,15328.89,Summer Sale,EFT,Returned,,33101.51,38722.36
ORD-0003256,C11737,2024/03/19,Sipho,Khumalo,Johannesburg,Consumer,Store,Keyboard,1.0,485.96,0.03,87.28,0.0,356.49,None, eft ,Returned,Rep B,558.67,
ORD-0004864,C11591,2024-08-07 00:00:00,Megan,Patel,Durban,Consumer,Online,Printer,7.0,5159.07,0.08,78.65,0.15,3488.32,Payday Promo,Card,Pending,,38286.71,
ORD-0003851,C12237,2025-03-11 00:00:00,Kabelo,Mokoena,Cape Town,Consumer,Store,Printer,6.0,5817.06,0.2,14.55,0.15,3436.97,Back to School,Mobile Wallet,Completed,Rep B,32124.74,
ORD-0004034,C12892,03-29-2025,Megan,Molefe,Nelspruit,Consumer,Phone,Tablet,5.0,8684.11,0.0,62.5,0.0,7082.27,None,Mobile Wallet,Completed,,43483.04,
ORD-0003592,C11482,2024-10-30 00:00:00,Andile,Williams,Johannesburg,Consumer,Online,Monitor,2.0,5476.83,0.15,54.03,0.15,4215.01,None,Card,Cancelled,,10761.24,
ORD-0003174,C11217,2025-06-22 00:00:00,Zanele,Dlamini,Cape Town,Consumer,Marketplace,Printer,3.0,4717.93,0.05,104.99,0.0,3008.99,New Customer,Card,Completed,,13551.08,
ORD-0004995,C11305,2025-09-20 00:00:00,Daniel,Dlamini,Johannesburg,Consumer,Online,Headset,5.0,1185.45,0.1,37.64,0.15,688.32,None,Card,Returned,,6172.36,
ORD-0002831,C12702,2025-06-19 00:00:00,Siyanda,Molefe,Cape Town,Consumer,Online,Headset,4.0,1325.64,0.0,136.55,0.15,882.39,None,Bank Transfer,Completed,,6234.49,
ORD-0005843,C10686,2024-07-09 00:00:00,Siyanda,Mthembu,Johannesburg,Corporate,Marketplace,Headset,6.0,2041.36,0.0,74.74,0.15,1525.7,Back to School,Cash,Completed,,14160.13,
ORD-0005916,C12302,2025-07-26 00:00:00,,Williams,Benoni,Consumer,Store, mouse ,4.0,234.52,0.0,45.72,0.15,168.28,Payday Promo,Card,Pending,Rep C,1124.51,
ORD-0005028,C11553,2024-10-30 00:00:00,Kabelo,Naidoo,Benoni,Corporate,Phone,Router,6.0,2103.62,0.1,105.89,0.15,1449.82,None,Card,Cancelled,,13169.37,
ORD-0000866,C11472,2025-08-16 00:00:00,Lerato,Williams,Pretoria,Consumer,Online,Office Chair,1.0,5722.74,0.0,85.7,0.15,3769.17,New Customer,Bank Transfer,Pending,,6666.85,
ORD-0002656,C10432,2025-01-29 00:00:00,Sipho,Naidoo,Polokwane,Small Business,Store,Keyboard,8.0,1584.01,0.0,25.17,0.15,1108.27,Black Friday,EFT,Completed,Rep B,14598.03,
ORD-0000994,C12530,2024-01-16 00:00:00,Naledi,Patel,Johannesburg,Corporate,Store,Headset,1.0,1919.76,0.08,193.36,0.15,1130.01,None,Card,Returned,Rep B,2224.46,
ORD-0003575,C12526,2024-04-26 00:00:00,Siyanda,Dlamini,Cape Town,Consumer,Online,Router,6.0,2233.23,0.0,52.8,0.15,1343.18,Summer Sale,Card,Cancelled,,15462.11,
ORD-0001014,C10018,2024-05-05 00:00:00,Aisha,Patel,Johannesburg,Corporate,Online,Tablet,2.0,4416.86,0.05,82.4,0.15,3049.28,Black Friday,EFT,Completed,,9733.25,
ORD-0000249,C12557,2025-02-15 00:00:00,Ryan,Williams,Nelspruit,Corporate,Online,Keyboard,3.0,1613.2,0.0,43.54,0.15,1341.77,None,Card,Cancelled,,5609.06,
ORD-0002663,C11590,2025-07-03 00:00:00,Lerato,Nkosi,Johannesburg,Corporate,Marketplace,Monitor,1.0,7811.99,0.1,51.87,0.0,5871.11,None,Mobile Wallet,Completed,,7082.66,
ORD-0004979,C10272,2025-10-07 00:00:00,Andile,Pillay,Benoni,Corporate,Phone,Laptop,3.0,21458.48,0.0,90.48,0.15,18429.6,None,EFT,Completed,,74122.24,
ORD-0005774,C11476,2024-05-10 00:00:00,Siyanda,Williams,Nelspruit,Small Business,Marketplace,Keyboard,2.0,2129.1,0.08,91.79,0.14,1411.38,None,Card,Completed,,4557.79,
ORD-0000911,C10444,2025-03-31 00:00:00,Megan,Khumalo, johannesburg ,Consumer,Online,Docking Station,4.0,2044.83,0.2,73.52,0.15,1670.01,None,Mobile Wallet,Completed,,7598.51,
ORD-0003834,C11068,2024-07-26 00:00:00,Lerato,Naidoo,Benoni,Corporate,Online,Headset,8.0,396.44,0.1,87.53,0.15,308.56,None,Cash,Cancelled,,3370.06,
ORD-0003390,C11928,01-19-2025,Thabo,Patel,Gqeberha,Consumer,Marketplace,Monitor,6.0,4052.59,0.15,41.94,0.15,2636.08,None,Card,Completed,,23810.38,
ORD-0002312,C10595,2025-03-16 00:00:00,Jason,Molefe,Durban,Consumer,Online,Headset,1.0,2182.07,0.1,210.44,0.15,1824.76,Summer Sale,Card,Completed,,2468.89,
ORD-0000571,C11727,2024-03-25 00:00:00,Aisha,Naidoo,Johannesburg,Consumer,Online,Monitor,3.0,6001.97,0.05,76.55,0.15,4313.02,None,Mobile Wallet,Completed,,19748.01,
ORD-0004340,C11057,2025-04-02 00:00:00,Sipho,Patel,Polokwane,Consumer,Online,Mouse,3.0,750.54,0.15,119.9,0.15,511.64,None,Card,Completed,,2320.85,
ORD-0003134,C12666,2025-11-12 00:00:00,Naledi,Patel,Polokwane, consumer ,Store,Office Chair,4.0,5613.65,0.08,109.62,0.15,3264.51,None,Card,Completed,Rep D,23866.6,
ORD-0005239,C12013,2025-01-04 00:00:00,Nomsa,Botha,Cape Town,Consumer,Online,Headset,8.0,2166.94,0.15,106.76,0.15,1334.61,New Customer,Card,Pending,,17052.19,
ORD-0003022,C10275,2025-01-10 00:00:00,Siyanda,Smith,Johannesburg,Small Business,Online,Webcam,6.0,731.03,0.05,139.87,0.15,522.28,None,Card,Completed,,4931.78,
ORD-0000727,C12873,2024-08-20 00:00:00,Daniel,Naidoo,Cape Town,Consumer,Marketplace,Router,2.0,3612.14,0.05,120.37,0.15,2344.34,None,Card,Returned,,8012.89,
ORD-0000222,C12778,2025-09-24 00:00:00,Fatima,Dlamini,Durban,Consumer,Store,Webcam,5.0,632.41,0.1,39.25,0.15,463.59,None,Card,Pending,Rep D,3311.99,
ORD-0002285,C10422,2024-03-01 00:00:00,Sipho,Khumalo,Port Elizabeth,Consumer,Online,Headset,4.0,1714.53,0.08,94.4,0.15,1250.78,None,EFT,Completed,,7350.29,
ORD-0001651,C11869,2024-10-05 00:00:00,Naledi,Dlamini,Gqeberha,Small Business,Online,Headset,2.0,1957.84,0.2,158.9,0.15,1403.55,Back to School,Card,Pending,,3761.32,
ORD-0000093,C10238,2024-11-27 00:00:00,Naledi,Khumalo,Johannesburg,Consumer, online ,Laptop,4.0,9651.7,0.1,109.96,0.15,7740.42,Clearance,Bank Transfer,Pending,,40068.01,
ORD-0002912,C12486,2024-07-16 00:00:00,Daniel,Botha, cape town ,Consumer,Online,Laptop,5.0,8665.43,0.0,74.72,0.15,5784.01,New Customer,EFT,Cancelled,,49900.96,
ORD-0004101,C12454,2024-07-07 00:00:00,Siyanda,Smith,Johannesburg,Corporate,Store, keyboard ,2.0,2075.55,0.05,152.19,0.15,1558.61,Black Friday,EFT,Cancelled,Rep A,4687.27,
ORD-0000575,C12271,2025-07-10 00:00:00,Ryan,Williams,Bloemfontein,Corporate,Marketplace,Mouse,7.0,1355.24,0.05,53.37,0.15,788.77,None,Bank Transfer,Pending,,10417.59,
ORD-0001757,C10277,2025-10-17 00:00:00,Kabelo,Khumalo,Cape Town,Consumer,Phone,Mouse,4.0,1257.6,0.08,14.26,0.15,830.41,None,Card,Pending,,5336.44,
ORD-0004006,C11729,2025-07-24 00:00:00,Nomsa,Mokoena,Nelspruit,Consumer,Online,Keyboard,2.0,1353.41,0.2,110.05,0.15,832.7,,Mobile Wallet,Pending,,2600.33,
ORD-0005324,C11263,2024-08-15 00:00:00,Mpho,Williams,Durban,Corporate,Phone,Keyboard,7.0,R 884.57,0.05,102.52,0.15,689.0,None,Card,Completed,,6867.29,
ORD-0001400,C12580,2024-07-24 00:00:00,Andile,Smith,Johannesburg, consumer ,Online,Monitor,,8086.38,0.0,43.14,0.15,4904.09, summer sale ,Card,Cancelled,,27941.13,
ORD 0000668,C10477,2025-09-27 00:00:00,Thabo,Smith,Johannesburg,Corporate,Phone,Monitor,1.0,5897.67,0.05,160.9,0.15,4610.75,Payday Promo,EFT,Completed,,6604.11,
ORD-0001595,C12057,2024-07-05 00:00:00,Chloe,Khumalo,Nelspruit,Consumer,Online,Docking Station,1.0,4891.86,0.2,177.35,0.15,3552.1,Summer Sale,Card,Completed,,4677.87,
ORD-0003384,C11054,2025-09-06 00:00:00,Megan,Naidoo,Bloemfontein,Small Business,Marketplace,Laptop,3.0,8257.29,0.08,59.61,0.15,5572.19,Black Friday,Card,Completed,,26268.24,
ORD-0004861,C12077,2025-03-30 00:00:00,Jason,Williams,Cape Town,Consumer,Online,Monitor,6.0,4040.63,0.08,104.0,0.15,2951.39,Clearance,EFT,Pending,,25753.91,
ORD-0002249,C10062,2024-03-14 00:00:00,,Williams,Pretoria,Corporate,Marketplace,Mouse,1.0,489.39,0.08,43.18,0.15,306.98,None,Card,Returned,,560.95,
ORD-0001421,C11243,2024-09-28 00:00:00,Thabo,Dlamini,Durban,Consumer,Online,Tablet,5.0,9276.87,0.05,102.2,0.15,5818.86,Payday Promo,Bank Transfer,Returned,,50777.11,
ORD-0002712,C12241,2024-09-05 00:00:00,Ryan,Naidoo,Durban,Consumer,Online,Keyboard,4.0,1428.07,0.1,46.53,0.14,1208.28,None,EFT,Completed,,5907.33,
ORD-0005827,C10201,2024-09-13 00:00:00,Priya,Pillay,Benoni,Corporate,Online,Tablet,6.0,4030.82,0.03,136.36,0.15,3311.33,Summer Sale,Card,Pending,,27114.66,
ORD-0000430,C11836,2025-04-21 00:00:00,Fatima,Smith,Pretoria,Consumer,Marketplace,Office Chair,2.0,7844.46,0.0,30.23,0.15,6168.76,None,Card,Cancelled,,18072.48,
ORD-0005230,C12543,2024-09-10 00:00:00,Priya,Mokoena,Benoni,Consumer,Store,Monitor,2.0,3904.62,0.08,70.24,0.15,2920.49,Black Friday,EFT,Pending,Rep E,8332.43,7809.24
ORD-0005587,C10563,2025-01-15 00:00:00,Nomsa,Nkosi,Pretoria,Corporate,Online,Office Chair,2.0,8406.2,0.05,53.65,0.15,5264.76, back to school ,Bank Transfer,Returned,,18421.2,
ORD-0004619,C11529,2024-12-31 00:00:00,Mpho,Molefe,Pretoria,Corporate,Online,Headset,3.0,1460.42,0.15,127.27,0.15,967.55,None,Card,Returned,,4409.94,
ORD-0002790,C10547,2024-02-18 00:00:00,Siyanda,Dlamini,Johannesburg,Corporate,Store,Docking Station,1.0,5162.37,0.0,202.51,0.14,4274.1,Black Friday,Card,Completed,Rep D,6087.61,
ORD-0004784,C10951,2024-12-10 00:00:00,Kabelo,Khumalo,Polokwane,Consumer,Online,Docking Station,3.0,4117.77,0.0,0.08,0.15,2968.69,None,Bank Transfer,Completed,,14206.39,
ORD-0005054,C12339,2024-01-14 00:00:00,Kabelo,Naidoo,Cape Town,Consumer,Online,Office Chair,1.0,7126.05,0.15,198.06,0.14,5348.17,New Customer,Card,Completed,,7103.2,
ORD-0001236,C11525,2024-08-01 00:00:00,Naledi,Mokoena,Johannesburg,Consumer,Marketplace,Printer,2.0,5464.99,0.0,103.26,0.15,3912.17,Black Friday,Card,Cancelled,,12672.75,
ORD-0000901,C10723,2025-03-07 00:00:00,Ryan,Dlamini,Johannesburg,Corporate,Online,Router,8.0,1617.93,0.03,66.79,0.15,977.26,Back to School,EFT,Pending,,14505.24,
ORD-0005337,C11200,2024-11-28 00:00:00,Sipho,Pillay,Durban,Corporate, online ,Laptop,2.0,16072.31,0.0,173.11,0.15,11069.97,Payday Promo,Card,Cancelled,,37139.41,
ORD-0003953,C10521,2025-10-17 00:00:00,Andile,Molefe,Pretoria,Small Business,Online,Mouse,1.0,844.85,0.1,38.97,0.0,543.77,None,Card,Cancelled,,799.34,
ORD-0005610,C10348,2024-08-17 00:00:00,Sipho,Pillay,Gqeberha,Consumer,Phone,Laptop,2.0,17972.26,0.1,86.89,0.15,13546.83,New Customer,Card,Completed,,37289.46,
ORD-0002031,C11513,2025-08-15 00:00:00,Ryan,Smith,Pretoria ,Consumer,Online,Tablet,5.0,6025.73,0.0,129.43,0.15,5165.46,Summer Sale,Card,Completed,,34777.37,
ORD-0002234,C10605,2024-05-30 00:00:00,Aisha,Dlamini,Durban,Small Business,Marketplace,Monitor,7.0,7091.0,0.0,101.6,0.14,5213.87,None,Card,Returned,,56687.74,
ORD-0000734,C12418,2025-05-21 00:00:00,Andile,Naidoo,Johannesburg,Corporate,Store,Headset,1.0,2364.18,0.0,135.51,0.15,1602.08,Payday Promo,Mobile Wallet, completed ,Rep D,2854.32,
ORD-0002291,C12182,2025-10-17 00:00:00,Kabelo,Mokoena,Durban,Consumer,Online,Webcam,1.0,1996.45,0.1,83.4,0.15,1183.08,None,EFT,Cancelled,,2149.73,
ORD-0003339,C11410,2025-07-08 00:00:00,Lerato,Pillay,Johannesburg,Small Business,Marketplace,Laptop,2.0,13277.95,0.05,121.45,0.15,10768.39,Clearance,EFT,Pending,,29133.77,
ORD-0001428,C11616,2024-09-22 00:00:00,Fatima,Molefe,Johannesburg,Consumer,Online,Tablet,3.0,3167.15,0.03,94.13,0.15,2281.12, none ,Card,Completed,,10692.98,
ORD-0002590,C10343,2025-03-04 00:00:00,Andile,Williams,Pretoria,Corporate,Marketplace,Keyboard,5.0,1308.84,0.0,36.36,0.15,1121.37,Clearance,Card,Cancelled,,7562.21,
ORD-0003269,C11519,2025-01-30 00:00:00,,Molefe, johannesburg ,Corporate,Online,Mouse,1.0,1319.43,0.05,186.67,0.15,1064.07,None,EFT,Completed,,1628.15,
ORD-0003048,C11590,2024-11-07 00:00:00,Fatima,Pillay,Pretoria,Small Business,Online,SSD,6.0,3777.69,0.05,22.2,0.0,3079.11,None,Card, completed ,,21555.01,
ORD-0001785,C10435,2025-11-19 00:00:00,Thabo,Botha,Johannesburg,Consumer,Online,Headset,2.0,1730.86,0.05,64.55,0.15,1216.06,None,Card,Returned,,3846.48,
ORD-0000652,C10532,2025-02-09 00:00:00,Lerato,Naidoo,Johannesburg,Consumer, online ,Mouse,6.0,369.58,0.08,94.09,0.15,315.02,None,Bank Transfer,Cancelled,,2440.21,
ORD-0004304,C11456,2025-11-06 00:00:00,Sipho,Patel,Benoni,Consumer,Marketplace,Keyboard,4.0,918.93,0.03,145.33,0.15,728.13,Clearance,EFT,Completed,,4245.6,
ORD-0001748,C11014,2025-04-19 00:00:00,Nomsa,Naidoo,Bloemfontein,Small Business,Online,Router,1.0,1067.24,0.0,49.82,0.15,751.11,Clearance,Card,Completed,,1277.14,
ORD-0003476,C11551,2024-11-17 00:00:00,Megan,Khumalo,Pretoria,Corporate,Marketplace,SSD,3.0,3668.13,0.05,142.14,0.0,2556.39,Payday Promo,EFT,Completed,,10596.32,
ORD-0004883,C10569,2025-05-21 00:00:00,Kabelo,Dlamini,Johannesburg,Corporate,Online,Laptop,3.0,14166.19,0.1,115.29,0.15,11856.71,None,Mobile Wallet,Completed,,44101.31,
ORD-0004239,C12645,2024-01-30 00:00:00,Andile,Nkosi, benoni ,Corporate,Online,Router,1.0,2922.77,0.0,193.85,0.0,1823.13,Black Friday,EFT,Completed,,3116.62,
ORD-0002848,C12686,2024-12-17 00:00:00,Chloe,Pillay,Polokwane,Consumer,Marketplace,Keyboard,4.0,564.04,0.05,76.54,0.0,483.07,Summer Sale,Card,Completed,,2219.9,
ORD-0003682,C11057,2025-03-23 00:00:00,Daniel,Molefe,Johannesburg,Small Business,Marketplace,Headset,1.0,663.94,0.0,65.1,0.15,439.36,Back to School,EFT,Returned,,828.63,
ORD-0003385,C10193,2025-05-16 00:00:00,Lerato,Pillay,Benoni,Consumer,Store,Keyboard,2.0,524.5,0.03,162.14,0.15,358.41,Summer Sale,Card,Completed,Rep B,1332.29,
ORD-0002605,C10452,2025-01-10 00:00:00,Naledi,Molefe,Benoni,Consumer,Marketplace,Printer,3.0,2325.19,0.05,129.47,0.15,1521.41,Summer Sale,EFT,Cancelled,,7750.3,
ORD-0000569,C12862,2024-05-21 00:00:00,Naledi,Khumalo,Polokwane,Corporate,Online,Keyboard,4.0,701.19,0.03,5.15,0.15,563.52,Clearance,Card,Cancelled,,3133.85,
ORD-0003393,C12344,2025-08-21 00:00:00,Aisha,Mokoena,Johannesburg,Corporate, marketplace ,Docking Station,1.0,1518.06,0.0,79.62,0.15,1234.4,Back to School,Card,Completed,,1825.39,
ORD-0003938,C10566,2024-10-31 00:00:00,Megan,Molefe,Pretoria,Consumer,Store,Mouse,1.0,R 410.05,0.05,82.98,0.15,333.63,None,Mobile Wallet,Completed,Rep D,530.96,
ORD-0000129,C11952,2025-12-05 00:00:00,Priya,Patel,Cape Town,Consumer,Marketplace,Webcam,5.0,1873.04,0.03,2.51,,1087.81,None,Card,Returned,,10449.36,
ORD-0003240,C12784,2025-10-12 00:00:00,Thabo,Mthembu,Bloemfontein,Consumer,Marketplace,Mouse,3.0,628.99,,138.27,0.15,529.16,None,EFT,Completed,,2308.27,
ORD-0005158,C12051,2025-11-02 00:00:00,Daniel,Smith,Durban, consumer ,Store,Tablet,1.0,4138.16,0.0,160.0,0.15,3125.36,None,Bank Transfer,Cancelled,Rep E,4918.88,
ORD-0005347,C12376,2025-01-07 00:00:00,Sipho,Mokoena,Johannesburg,Consumer,Online,Webcam,1.0,1709.01,0.0,144.49,0.15,1170.08,None,EFT,Completed,,2109.86,
ORD-0002777,C12794,2024-11-02 00:00:00,Kabelo,Pillay,Pretoria,Consumer,Online,Tablet,2.0,6587.76,0.1,192.74,0.15,4426.28,None,EFT, completed ,,13829.4,
ORD-0004677,C10319,2025-02-20 00:00:00,Priya,Williams,Polokwane,Corporate,Online,Laptop,5.0,10043.81,0.03,54.91,0.15,8444.71,Payday Promo,Card,Completed,,56074.24,
ORD-0003653,C10961,2025-07-28 00:00:00,Kabelo,Botha,Benoni,Consumer,Online,Router,2.0,728.15,0.05,69.51,0.15,518.91,None,EFT,Pending,,1660.51,
ORD-0004380,C12375,2024-03-03 00:00:00,Aisha,Smith,Cape town,Consumer,Phone,Monitor,5.0,6916.77,0.15,68.74,0.15,5866.35,None,Card,Completed,,33874.44,
ORD-0004954,C10690,2024-02-04 00:00:00,Fatima,Williams,Durban,Consumer,Online,Webcam,1.0,1387.62,0.05,35.04,0.15,907.96,None,Mobile Wallet,Pending,,1551.01,
ORD-0001466,C11694,2025-10-03 00:00:00,Ryan,Mokoena,Johannesburg,Consumer,Marketplace, laptop ,3.0,16292.39,0.0,83.53,0.15,11750.19,None,EFT,Completed,,56292.28,
ORD-0005056,C11234,2024-10-24 00:00:00,Daniel,Pillay,Johannesburg,Consumer,Online,Tablet,2.0,,0.08,182.65,0.0,2257.71,Summer Sale,Mobile Wallet,Pending,,6231.72,
ORD-0004927,C10436,2024-10-10 00:00:00,Zanele,Dlamini, nelspruit ,Small Business,Phone,Mouse,1.0,1369.79,0.1,37.02,0.15,896.76,None,EFT,Returned,,1454.75,
ORD-0003303,C10438,2025-02-10 00:00:00,Siyanda,Naidoo,Pretoria,Corporate,Phone,Monitor,4.0,7602.99,0.0,118.7,0.0,4763.63,None,Card,Completed,,30530.66,
ORD-0003546,C10374,2025-06-02 00:00:00,Mpho,Molefe,Pretoria,Corporate,Online,Laptop,1.0,"R 21,863.30",0.03,49.33,0.15,12707.29,Payday Promo,Cash,Cancelled,,24437.84,
ORD-0000992,C11035,2025-07-21 00:00:00,Ryan,Naidoo,Johannesburg,Consumer,Online,Laptop,7.0,20120.82,0.1,118.54,0.15,16616.74,None,Mobile Wallet,Pending,,145893.89,
ORD-0001452,C11318,2025-12-18 00:00:00,Thabo,,Benoni,Consumer,Online,SSD,2.0,,0.08,205.21,0.15,2272.48,None,EFT,Completed,,8059.05,
ORD-0005009,C12754,2024-03-27 00:00:00,Ryan,Botha,Gqeberha,Consumer,Online,Mouse,2.0,299.47,0.08,95.08,0.15,189.58,None,EFT,Completed,,728.75,
ORD-0002548,C12267,2025-10-21 00:00:00,Daniel,Molefe,Johannesburg,Consumer,Online,Mouse,4.0,593.22,0.0,24.9,0.0,486.29,None,Bank Transfer,Cancelled,,2397.78,
ORD-0001697,C11412,2024-08-03 00:00:00,Fatima,Nkosi,Durban,Consumer,Online,Headset,1.0,2269.62,0.05,33.73,0.15,1340.87,,Card,Completed,,2513.29,
ORD-0005415,C11087,2024-05-08 00:00:00,Fatima,Naidoo,Johannesburg,Corporate,Online,Office Chair,5.0,6908.17,0.08,140.87,0.0,5686.95,None,Card,Completed,,31918.47,
ORD-0004253,C10904,2025-11-02 00:00:00,Kabelo,Smith,Durban,Small Business,Store,Laptop,2.0,16863.2,0.08,165.32,0.15,11336.8,None,Bank Transfer,Completed,,35847.84,
ORD-0000664,C12662,2025-11-12 00:00:00,Sipho,Pillay,Pretoria ,Small Business,Phone,SSD,3.0,3530.8,0.1,103.49,0.14,3025.78,None,Mobile Wallet,Returned,,10971.29,
ORD-0001534,C11064,2024-11-12 00:00:00,Priya,Nkosi,Gqeberha,Corporate, online ,Laptop,2.0,13896.98,0.08,168.65,0.0,11202.79,None,Card,Completed,,25739.1,
ORD-0000813,C12899,2025-04-10 00:00:00,Fatima,Botha,Johannesburg,Corporate,Store,Router,4.0,2270.59,0.0,65.72,0.15,1369.72,None,Cash,Completed,Rep A,10510.44,
ORD-0003359,C10527,2025-03-06 00:00:00,Aisha,Pillay,Pretoria,Corporate,Online,Router,8.0,1840.55,0.0,65.06,0.15,1492.0,None,EFT,Pending,,16998.08,
ORD-0003915,UNKNOWN-20,2024-08-05 00:00:00,Andile,Molefe,Pretoria,Consumer,Online,Laptop,2.0,11280.05,0.15,216.99,0.15,8318.88,None, mobile wallet ,Completed,,22269.49,
ORD-0001233,C10708,2024-08-27 00:00:00,Siyanda,Pillay,Johannesburg, corporate ,Online,Monitor,5.0,3351.97,0.03,56.68,0.15,2813.08,New Customer,EFT,Completed,,18752.3,
ORD-0000572,C11974,2024-09-23 00:00:00,Mpho,Mthembu,Gqeberha,Consumer,Phone,Tablet,4.0,4331.8,0.05,54.34,0.14,3315.99,Clearance,EFT,Cancelled,,18819.71,
ORD-0003973,C11712,2024-12-21 00:00:00,Daniel,Khumalo,Johannesburg,Consumer,Online,Router,6.0,1737.29,0.05,129.16,0.15,1168.0,None,Mobile Wallet,Cancelled,,11517.09,
ORD-0003688,C10482,2024-06-18 00:00:00,Nomsa,Williams,Durban,Consumer,Online,Docking Station,2.0,3200.99,0.15,95.46,0.15,2619.6,None,Bank Transfer,Returned,,6353.39,
ORD-0005904,C11084,2024-06-07 00:00:00,Andile,Pillay,Johannesburg,Consumer,Online,Monitor,3.0,3756.44,0.25,72.33,0.15,2679.81,None,Card,Completed,,9792.11,
ORD-0005942,C12318,2025-01-21 00:00:00,Kabelo,Nkosi,Gqeberha,Consumer,Store,,10.0,2151.12,0.15,81.95,0.15,1593.38,None,Card,Completed,Rep B,21109.14,
ORD-0001195,C12480,2025-11-16 00:00:00,Nomsa,Dlamini,Johannesburg,Corporate,Phone,Headset,1.0,1629.47,0.1,177.96,0.15,951.48,None,Card,Completed,,1864.46,
ORD-0004217,C11161,2025-09-13 00:00:00,Siyanda,Williams,Pretoria,Consumer,Online,Printer,5.0,2585.29,,44.47,0.15,2114.24,Back to School,Card,Completed,,14909.89,
ORD-0000063,C11811,2024-08-24 00:00:00,Jason,Smith,Gqeberha,Consumer,Online,Headset,4.0,1829.37,0.1,44.17,0.15,1298.61,None,EFT,Pending,,7617.75,
ORD-0005477,C12759,2025-07-28 00:00:00,Jason,Dlamini,Gqeberha,Consumer,Online,Mouse,4.0,771.63,0.05,66.03,0.15,557.63,None, mobile wallet ,Pending,,3438.04,
ORD-0000388,C11415,2024-05-21 00:00:00,Fatima,Naidoo,Gqeberha,Small Business,Phone,Keyboard,3.0,2195.81,0.1,41.75,0.15,1877.44,None,Mobile Wallet,Cancelled,,6859.75,
ORD-0002733,C11036,2025-11-11 00:00:00,Thabo,Pillay,Benoni,Corporate,Marketplace,Router,3.0,1139.57,0.03,47.27,0.15,975.02,Summer Sale,Cash,Returned,,3860.83,
ORD-0002692,C12657,2024-11-21 00:00:00,Megan,Naidoo,Cape Town,Small business,Phone,Mouse,3.0,1298.84,0.25,58.08,0.15,1060.71,None,Card,Completed,,3418.82,
ORD-0001946,C11829,2024-05-12 00:00:00,Chloe,Mokoena,Pretoria,Consumer, phone ,Office Chair,2.0,1950.48,0.0,160.14,0.15,1629.98,None,EFT,Cancelled,,4646.25,
ORD-0002813,C11827,2025-06-07 00:00:00,Ryan,Mokoena,Cape Town,Small Business,Online,Laptop,1.0,14166.43,0.0,87.09,0.15,8827.09,,Card,Pending,,16378.49,
ORD-0000432,C12473,2025-05-13 00:00:00,Lerato,Mokoena,CapeTown,Consumer,Online,Laptop,3.0,14416.03,0.05,21.96,0.15,8407.84,None,EFT,Completed,,47270.5,
ORD-0001725,C11695,2024-07-16 00:00:00,Priya,Mokoena,Johannesburg,Consumer,Online,SSD,1.0,2471.61,0.03,189.14,0.0,1703.31,None,EFT,Returned,,2586.59,
ORD-0000447,C11908,2025-05-16 00:00:00,Siyanda,Khumalo,Durban,Small Business,Marketplace,Mouse,1.0,815.86,0.1,182.13,0.15,521.78,None,Card,Completed,,1026.55,
ORD-0005399,C10767,2024-11-20 00:00:00,Sipho,Khumalo,Durban,Consumer,Online,Tablet,1.0,7800.83,0.1,30.88,0.15,5724.89,Clearance,Card,Completed,,8104.74,
ORD-0003069,C10407,2024-03-07 00:00:00,Siyanda,Smith,Pretoria,Consumer,Store,Monitor,2.0,4267.83,0.05,144.21,,3380.34,None,Card,Completed,Rep C,9469.43,
ORD-0004801,C10001,2024-08-05 00:00:00,Thabo,Mokoena,Gqeberha,Consumer,Marketplace,Docking Station,10.0,2345.06,0.0,71.32,0.15,1733.08,None,Card,Completed,,27039.57,
ORD-0001169,C11076,2025-11-21 00:00:00,Priya,Mthembu,Polokwane,Corporate,Marketplace,Headset,2.0,1356.94,0.0,67.51,0.0,867.65,None,Bank Transfer,Cancelled,,2781.4,
ORD-0003701,C10856,2024-07-18 00:00:00,Kabelo,Naidoo,Polokwane,Consumer,Online,Mouse,4.0,247.23,0.05,103.17,0.15,181.04,None,Card,Completed,,1183.59,
ORD-0003097,C10971,2025-11-21 00:00:00,Lerato,Williams,Johannesburg,Consumer,Marketplace,SSD,3.0,1318.09,0.1,88.41,0.15,996.3,Clearance,Card,Completed,,4181.08,
ORD-0000153,C11014,2024-05-09 00:00:00,Siyanda,Dlamini,Gqeberha,Consumer,Online,Tablet,2.0,3527.79,0.0,117.78,0.15,2840.04,None,Mobile Wallet,Cancelled,,8231.68,
ORD-0004125,C10900,2024-07-22 00:00:00,Ryan,Khumalo, cape town ,Small Business,Marketplace,Docking Station,4.0,"R 3,243.57",0.0,95.11,0.15,1881.44,Payday Promo,Card,Completed,,15015.56,
ORD-0004352,C10696,2025-01-09 00:00:00,Sipho,Molefe,Durban,Consumer,Online,Office Chair,4.0,6270.99,0.0,58.25,0.15,3959.32,Payday Promo,Card,Completed,,28904.79,
ORD-0003259,C12635,2024-11-18 00:00:00,Ryan,Pillay,Pretoria,Consumer,Online,SSD,3.0,3700.59,0.05,121.49,0.15,2336.6,None,Card,Cancelled,,12250.19,
ORD-0003145,C12004,2024-02-07 00:00:00,Priya,Williams,Johannesburg,Consumer,Online,Laptop,2.0,8026.94,0.08,135.11,0.15,5139.07, payday promo ,Card,Cancelled,,17120.12,
ORD-0000508,C11680,2024-06-29 00:00:00,Mpho,Dlamini,Pretoria,Consumer,Marketplace,Laptop,1.0,7914.52,0.05,211.48,0.15,5438.18,None,Card,Pending,,8858.09,
ORD-0000161,C12357,2025-06-05 00:00:00,Siyanda,Pillay,Johannesburg,Consumer,Online,Monitor,1.0,6889.01,0.2,97.25,0.14,5609.4,None,Card,Completed,,6380.03,
ORD-0003150,C10760,2025-05-14 00:00:00,Andile,Botha,Cape Town,Small Business,Marketplace,Mouse,1.0,865.89,0.0,59.22,0.15,710.45,Payday Promo,Card,Completed,,1055.0,
ORD-0001868,C11035,2024-03-31 00:00:00,Zanele,Khumalo,Benoni,Corporate,Store,Mouse,1.0,547.09,0.05,116.6,0.15,343.66,New Customer,Mobile Wallet,Completed,Rep C,714.3,
ORD-0002475,C10621,2024-05-26 00:00:00,Andile,Molefe,Cape Town,Corporate,Phone,Tablet,8.0,10366.13,0.05,67.22,0.15,7171.86,Clearance,Card,Completed,,90667.17,
ORD-0005926,C12426,2024-03-19 00:00:00,Sipho,Molefe,Johannesburg,Consumer,Online,Webcam,1.0,481.49,0.05,151.08,0.15,318.81,None,Bank Transfer,Completed,,677.11,
ORD-0000713,C12074,2024-12-13 00:00:00,Daniel,Mthembu,Benoni,Consumer,Online,Webcam,5.0,969.2,0.1,139.74,0.15,602.36,None,Card,Completed,,5155.36,
ORD-0002026,C12708,2025-02-21 00:00:00,Chloe,Patel,Bloemfontein,Consumer,Store,Monitor,3.0,6165.81,0.2,14.94,0.15,4832.63,None,Card,Cancelled,Rep C,17032.56,
ORD-0004503,C12952,2025-01-07 00:00:00,Daniel,Botha,Johannesburg,Consumer,Online,Tablet,3.0,5109.01,0.08,74.35,0.15,3609.95,New Customer,Mobile Wallet,Returned,,16290.35,
ORD-0003262,C10887,2024-01-25 00:00:00,Fatima,Nkosi,Polokwane,Small Business,Phone,Monitor,6.0,8027.78,0.0,22.43,0.15,5748.82,None,Card,Pending,,55414.11,
ORD-0005080,C11572,2024-02-28 00:00:00,,Mthembu,Durban,Consumer,Online,Mouse,1.0,1100.67,0.03,110.89,0.15,712.9,Back to School,Card,Cancelled,,1338.69,
ORD-0000829,C11813,2025-01-19 00:00:00,Priya,Pillay,Pretoria,Corporate,Online,SSD,3.0,1721.63,0.1,19.4,0.15,1480.03,None,Mobile Wallet,Completed,,5365.06,
ORD-0002056,C11135,2024-11-29 00:00:00,Aisha,Smith,Johannesburg,Consumer,Marketplace,Headset,3.0,1788.8,0.0,101.01,0.0,1071.86,Summer Sale,Card,Completed,,5467.43,
ORD-0004522,C11483,2024-11-11 00:00:00,Jason,Williams,Pretoria,Corporate,Online,SSD,3.0,1914.88,0.1,61.11,0.15,1483.19,New Customer,EFT,Completed,,6006.82,
ORD-0001763,C10729,2024-03-16 00:00:00,Chloe,Dlamini,Cape Town,Consumer,Marketplace,Mouse,4.0,189.86,0.0,118.88,0.15,158.21,None,Cash,Returned,,992.22,
ORD-0004468,C10357,2024-03-21 00:00:00,Daniel,Nkosi,Durban,Consumer,Online,SSD,1.0,1639.73,0.0,187.02,0.15,1393.72,None,EFT,Returned,,2072.7,
ORD-0002079,C10972,2024-10-14 00:00:00,Aisha,Mthembu,Cape Town,Corporate,Online,Mouse,1.0,652.19,0.05,53.68,0.15,489.46,None,Card,Pending,,766.19,
ORD-0001047,C11872,2024-06-14 00:00:00,Priya,Molefe,Pretoria ,Small Business,Store,Monitor,4.0,1802.14,0.0,5.61,0.15,1390.35,Clearance,Card,Cancelled,Rep C,8295.46,
ORD-0003464,C12080,2025-04-27 00:00:00,Fatima,Nkosi,Johannesburg,Corporate,Online,Monitor,1.0,2292.59,0.08,171.8,0.0,1543.31,None,Mobile Wallet,Completed,,2280.99,
ORD-0000624,C11534,2024-02-22 00:00:00,Lerato,Dlamini,Pretoria,Consumer,Online,Monitor,2.0,4791.58,0.0,80.23,0.15,2862.13,Clearance,Card,Completed,,11100.87,
ORD 0000919,C12050,2024-09-26 00:00:00,Kabelo,Molefe,Johannesburg,Consumer,Marketplace,Webcam,1.0,600.49,0.15,180.38,0.15,461.05,None,Card,Cancelled,,767.36,
ORD-0000209,C11057,2025-08-26 00:00:00,Nomsa,Williams,Johannesburg,Consumer,Online,Laptop,5.0,11282.28,0.15,45.37,0.15,6795.4,None,Mobile Wallet,Pending,,55187.52,
ORD-0002349,C10678,2025-03-03 00:00:00,Siyanda,Naidoo,Benoni,Consumer,Online,Webcam,3.0,1278.11,0.08,37.48,0.15,866.85,New Customer,Bank Transfer,Cancelled,,4094.19,
ORD-0000896,C11416,2024-09-22 00:00:00,Priya,Khumalo,Pretoria,Consumer,Online,Tablet,5.0,10328.72,0.2,55.42,0.15,6131.27,None,Card,Returned,,31042.77,51643.6
ORD-0005106,C10127,2025-06-02 00:00:00,Thabo,Mokoena,Benoni,Corporate,Online,Mouse,2.0,271.55,0.1,128.88,-0.2,172.83,None,,Completed,,690.98,
ORD-0005312,C11283,2024-08-26 00:00:00,,Patel,Cape Town,Corporate,Online,Tablet,3.0,4547.34,0.15,104.26,0.0,3671.09,Black Friday,Card,Completed,,11699.97,
ORD-0002064,C12146,2025-06-11 00:00:00,Fatima,Dlamini,Cape Town,Consumer,Online,Tablet,8.0,10838.4,0.0,137.94,0.15,8369.61,None,Mobile Wallet,Pending,,99851.26,
ORD-0000798,C11939,2024-04-11 00:00:00,Fatima,Mthembu,Durban,Corporate,Online,Headset,4.0,2787.55,0.0,32.27,0.15,1903.27,Payday Promo,EFT,Returned,,12854.98,
ORD-0003310,C11397,2025-02-01 00:00:00,Jason,Smith,Benoni,Small Business,Online,Keyboard,3.0,1007.57,0.25,63.08,0.15,818.57,Clearance,Card,Completed,,2670.16,
ORD-0005348,C10024,2024-02-23 00:00:00,Naledi,Mokoena,Johannesburg,Consumer,Online,Mouse,8.0,733.88,0.05,25.11,0.15,466.26,Summer Sale,Mobile Wallet,Returned,,6439.24,
ORD-0001353,C12971,2025-11-04 00:00:00,Chloe,Patel,Durban,Corporate,Online,Monitor,5.0,7589.52,0.05,103.19,0.0,5671.98,Clearance,Card,Pending,,36153.41,
ORD-0004913,C11821,2024-01-25 00:00:00,Kabelo,Patel,Johannesburg,Corporate,Phone,Monitor,2.0,4073.51,0.2,100.33,0.15,3410.68,None,Card,Returned,,7595.58,
ORD-0000647,C10960,2024-05-30 00:00:00,Ryan,Mthembu,Gqeberha,Corporate,Store,SSD,2.0,2317.06,0.0,132.94,0.0,1795.85,Payday Promo,,Pending,Rep A,4767.07,
ORD-0002702,C12444,2024-05-02 00:00:00,Mpho,Botha,Nelspruit,Corporate,Online,Mouse,1.0,1076.55,0.08,32.47,0.15,741.07,Clearance,Cash,Completed,,1171.46,
ORD-0003894,C12155,2024-12-09 00:00:00,Kabelo,Mthembu,Benoni,Corporate,Marketplace,Mouse,3.0,714.89,0.05,65.84,0.15,522.17,None,Card,Pending,,2408.9,
ORD-0004719,C11067,2024-01-18 00:00:00,Nomsa,Nkosi,Gqeberha,Consumer,Online,Webcam,5.0,1787.74,0.0,16.58,0.15,1054.85,Black Friday, eft ,Cancelled,,10296.11,
ORD-0001942,C10503,2024-01-05 00:00:00,Ryan,Pillay,Benoni,Consumer,Online,Headset,1.0,,0.08,59.28,0.15,786.75,None,Mobile Wallet,Completed,,1297.14,
ORD-0004806,C11006,2024-10-07 00:00:00,Mpho,Dlamini,Bloemfontein,Corporate,Online,Laptop,1.0,18131.58,0.08,40.81,0.15,13445.03,None,Mobile Wallet,Completed,,19224.02,
ORD-0005834,C10142,2024-12-31 00:00:00,Thabo,Patel,Gqeberha,Consumer,Store,Headset,1.0,2539.86,0.0,208.41,0.15,1872.48,None,Card,Returned,Rep D,3129.24,
ORD-0003436,C10023,2025-06-18 00:00:00,Lerato,Williams,Nelspruit,Small Business,Store,Keyboard,2.0,"R 2,170.74",0.0,133.64,0.15,1747.74,None,Card,Cancelled,Rep C,5126.35,
ORD-0004361,C11800,2024-04-03 00:00:00,,Pillay,Pretoria ,Consumer,Store,Keyboard,3.0,623.95,0.05,93.31,0.15,390.84,Summer Sale,Mobile Wallet,Cancelled,Rep A,2138.29,
ORD-0003974,C12847,2024-02-17 00:00:00,Lerato,Dlamini,Johannesburg,Consumer,Marketplace,Monitor,2.0,4954.9,0.08,218.08,0.15,3968.13,None,Card,Returned,,10702.65,
ORD-0001797,C12070,2024-01-07 00:00:00,Daniel,Dlamini,Polokwane,Consumer,Online,Headset,2.0,1258.39,0.2,150.1,0.15,997.39,Payday Promo,Card,Completed,,2465.54,
ORD-0001140,C10680,2025-05-12 00:00:00,Lerato,Molefe,Johannesburg,Corporate,Online,Printer,1.0,2974.92,0.0,104.31,0.15,2512.22,None,Mobile Wallet,Completed,,3525.47,
ORD-0004692,C12069,2024-07-18 00:00:00,Sipho,Patel,Johannesburg,Consumer,Online,Tablet,1.0,6894.58,0.0,54.76,0.15,4189.51,Back to School,Mobile Wallet,Cancelled,,7983.52,
ORD-0001661,C10844,2024-09-20 00:00:00,Jason,Molefe,Gqeberha,Consumer,Store,Headset,4.0,2043.19,0.05,18.5,0.15,1310.33,Back to School,Cash,Completed,Rep E,8947.22,
ORD-0003614,C10265,26/04/2024,Naledi,Nkosi,Polokwane,Small Business,Marketplace,Mouse,1.0,826.18,0.0,143.84,0.0,652.51,Black Friday,Card,Completed,,970.02,
ORD-0003748,C12926,2024-02-03 00:00:00,Siyanda,Mokoena,Durban,Corporate,Online,Laptop,7.0,11189.44,0.1,104.91,0.15,8926.09,None,Mobile Wallet,Completed,,81172.42,
ORD-0001343,C12667,2024-09-12 00:00:00,Sipho,Dlamini,Gqeberha,Corporate,Store,Laptop,3.0,13820.91,0.03,82.84,0.15,9860.22,Payday Promo,EFT,Returned,Rep E,46334.51,
ORD-0005130,C10085,2025-01-16 00:00:00,Nomsa,Nkosi,Polokwane,Consumer,Online,Keyboard,10.0,753.57,0.0,114.17,0.15,590.43,None,Card,Completed,,8780.18,
ORD-0001384,C12729,2024-11-27 00:00:00,Andile,,Cape Town,Consumer,Marketplace,Headset,4.0,2653.34,0.0,123.67,0.15,2222.04,None,EFT,Pending,,12329.03,
ORD-0002422,C12252,2024-11-14 00:00:00,Thabo,Nkosi,Johannesburg,Consumer,Phone,Office Chair,1.0,5754.51,0.03,139.3,0.15,3494.39,None,Card,Completed,,6558.46,
ORD-0005655,C12235,2024-10-31 00:00:00,Fatima,Nkosi, durban ,Corporate,Online,Monitor,4.0,2275.62,0.0,87.75,0.15,1659.21,Payday Promo,Bank Transfer,Completed,,10555.62,
ORD-0001160,C12378,2025-03-02 00:00:00,Chloe,Khumalo,Polokwane,Small Business,Store,Laptop,3.0,18283.17,0.0,19.15,0.15,14531.02,Clearance,Card,Pending,Rep A,63096.07,
ORD-0003367,C11926,2025-07-10 00:00:00,Thabo,Patel,Benoni,Corporate,Phone,Laptop,2.0,12208.06,0.1,47.51,0.15,10420.74,Summer Sale,Cash,Returned,,25318.18,
ORD-0002815,C12376,2024-06-13 00:00:00,Kabelo,Mthembu,Bloemfontein,Consumer,Marketplace,Mouse,4.0,269.07,0.0,93.96,0.15,217.77,None,Card,Completed,,1331.68,
ORD-0001138,C11693,2024-05-25 00:00:00,Aisha,Molefe,Johannesburg, corporate ,Online,Tablet,7.0,10711.63,0.05,85.2,0.15,7732.73,None,Bank Transfer,Completed,,82002.41,
ORD-0005605,C11122,2025-02-27 00:00:00,Andile,Nkosi,Durban,Consumer,Online,Laptop,1.0,17120.18,0.0,88.24,0.15,13767.33,None,EFT,Completed,,19776.45,
ORD-0000235,C11841,2024-08-20 00:00:00,Naledi,Smith,Johannesburg,Consumer,Store,Headset,4.0,1557.12,0.0,120.1,0.15,1203.88,Clearance,Cash,Pending,Rep A,7282.84,
ORD-0001435,C11348,2024-06-06 00:00:00,Mpho,Nkosi,Benoni,Consumer,Online,Tablet,10.0,9858.35,0.05,115.34,0.15,7072.49,Summer Sale,Card,Completed,,107817.78,
ORD-0000814,C12153,2025-06-20 00:00:00,Daniel,Pillay,Pretoria,Consumer, online ,Mouse,1.0,1171.38,0.25,196.01,0.15,938.54,None,Mobile Wallet,Pending,,1206.32,
ORD-0004550,C11237,2025-02-18 00:00:00,Ryan,Smith,Nelspruit,Consumer,Marketplace,Printer,5.0,2517.18,0.0,136.9,0.15,2094.42,Clearance,EFT,Completed,,14610.7,
ORD-0005407,C12824,2025-07-25 00:00:00,Chloe,Pillay,Durban,Consumer,Store,Mouse,2.0,1248.32,0.03,139.26,0.0,984.24,None,Card,Cancelled,Rep B,2561.0,
ORD-0005830,C12056,2025-02-03 00:00:00,Nomsa,Williams,Johannesburg,Consumer,Marketplace,Laptop,2.0,15673.54,0.0,107.02,0.15,12306.71,None,Card,Pending,,36156.15,
ORD-0003018,C10183,2024-11-20 00:00:00,Nomsa,Smith,Polokwane,Consumer,Online,Docking Station,2.0,3156.81,0.2,41.2,0.15,2452.8,None,Mobile Wallet,Returned,,5849.74,
ORD-0001287,C12187,2025-12-22 00:00:00,Ryan,Nkosi,Johannesburg,Consumer,Online,Mouse,2.0,216.1,0.05,148.9,0.15,153.98,None,Card,Returned,,621.08,
ORD-0002791,UNKNOWN-44,2025-12-05 00:00:00,Kabelo,Botha,Johannesburg,Corporate,Online,Laptop,4.0,7838.59,0.0,71.7,0.15,5358.26,None,EFT,Completed,,36129.23,
ORD-0000474,C12721,2025-07-07 00:00:00,Chloe,Mokoena,Johannesburg,Consumer,Marketplace,Headset,3.0,767.04,0.15,16.37,0.15,468.3,None,Bank Transfer,Pending,,2265.72,
ORD-0002168,C11457,2024-01-16 00:00:00,Fatima,Naidoo,Polokwane,Corporate,Online,Router,3.0,3447.51,0.15,94.26,0.0,2590.52,None,Bank Transfer,Pending,,8885.4,
ORD-0000613,C11299,2025-02-28 00:00:00,Daniel,Mthembu,Benoni,Consumer,Online,Monitor,2.0,3100.62,0.15,129.01,0.15,2383.75,None,Card,Completed,,6190.72,
ORD-0004005,C12834,2024-10-03 00:00:00,Priya,,Durban,Corporate,Online,Keyboard,1.0,2137.96,0.05,,0.15,1498.55,None,Card,Completed,,2453.46,
ORD-0000050,C11666,2025-12-30 00:00:00,Kabelo,Smith,Cape Town,Consumer,Marketplace,Docking Station,10.0,3860.06,0.0,114.95,0.0,2319.26,Clearance,Bank Transfer,Pending,,38715.6,
ORD-0000462,C12027,2025-11-20 00:00:00,Kabelo,Molefe,Pretoria,Consumer,Online,Keyboard,1.0,648.59,0.03,89.07,0.15,391.78,Payday Promo,Card,Completed,,812.57,
ORD-0001614,C10861,2025-05-30 00:00:00,Mpho,Patel,Cape Town,Small Business,Online,SSD,3.0,3954.83,0.0,94.94,0.15,3278.66,Clearance,Card,Cancelled,,13739.11,
ORD-0000742,C12984,2024-11-10 00:00:00,Jason,Williams,Gqeberha,Corporate,Online,Webcam,2.0,804.0,0.08,102.19,0.15,589.3,None,EFT,Completed,,1803.46,
ORD-0003742,C11458,2024-08-29 00:00:00,Mpho,Molefe,,Consumer,Phone,Printer,2.0,"R 5,661.47",0.2,126.32,0.14,4713.43,Back to School,Card,Completed,,10452.85,
ORD-0001912,C10102,2024-07-30 00:00:00,Daniel,Patel,Gqeberha,Small Business,Online,Webcam,2.0,1799.2,0.1,96.56,0.15,1190.17,None,Mobile Wallet,Completed,,3820.9,
ORD-0003817,C12060,2025-11-20 00:00:00,Zanele,Dlamini,Durban,Consumer,Online,Office Chair,1.0,5127.47,0.15,126.36,0.15,3766.32,None,EFT,Pending,,5138.46,
ORD-0003857,C10295,2025-07-08 00:00:00,Lerato,Smith,Cape Town,Consumer,Online,Laptop,1.0,18840.42,0.2,161.99,0.15,15457.26,None,Card,Completed,,17495.18,
ORD-0003101,C10856,2025-10-15 00:00:00,Sipho,Nkosi,Pretoria,Consumer,Marketplace,Office Chair,3.0,3834.74,0.08,39.19,0.15,3045.02,Summer Sale,EFT,Completed,,12210.65,
ORD-0000560,C10809,2024-04-29 00:00:00,Jason,Pillay,Gqeberha, corporate ,Online,Tablet,4.0,7452.28,0.08,85.26,0.15,5537.31,Black Friday,Card,Completed,,31623.33,
ORD-0001457,C12442,2025-05-06 00:00:00,Nomsa,Botha,Benoni,Consumer,Phone,Laptop,6.0,21536.94,0.03,8.78,0.15,13344.75,Payday Promo,EFT,Completed,,144155.53,
ORD-0004641,C10709,2024-12-13 00:00:00,Megan,Nkosi,Johannesburg,Corporate,Online,Laptop,1.0,11994.72,0.05,74.85,0.15,8236.85,Clearance,Mobile Wallet,Completed,,13179.08,
ORD-0003602,C10689,2024-03-17 00:00:00,Megan,Nkosi,Durban,Corporate,Online,Laptop,2.0,11981.91,0.15,169.6,0.0,9944.16,Clearance,EFT,Completed,,20538.84,
ORD-0005035,C11974,2024-05-12 00:00:00,Sipho,Patel,Bloemfontein,Consumer,Online,Office Chair,1.0,8023.88,0.05,98.32,0.15,6514.94,None,,Completed,,8864.41,
ORD-0002825,C11309,2024-01-14 00:00:00,Naledi,Pillay,Nelspruit,Consumer,Store,Laptop,2.0,21049.59,0.0,109.47,0.15,17091.02,None,Card,Completed,Rep D,48523.52,
ORD-0001329,C11525,2024-07-22 00:00:00,Sipho,Nkosi,Durban,Small Business,Phone,Webcam,2.0,1271.33,0.05,45.29,0.15,908.36,Payday Promo,Card,Cancelled,,2823.14,
ORD-0000258,C11630,2025-10-31 00:00:00,Chloe,Smith,Cape Town,Small Business,Online,SSD,1.0,1243.44,0.0,125.39,0.0,827.62,New Customer,EFT,Returned,,1368.82,
ORD-0005984,C11141,2025-07-19 00:00:00,Aisha,Dlamini,Pretoria,Consumer,Store,Laptop,3.0,19402.19,0.1,50.03,0.15,11643.41,Back to School,Card,Completed,Rep D,35938.09,
ORD-0003433,C12213,2025-11-18 00:00:00,Nomsa,Nkosi,Cape Town, consumer ,Marketplace,Headset,1.0,2308.92,0.2,42.52,0.15,1703.49,New Customer,EFT,Returned,,2166.73,
ORD-0002061,C11765,2024-02-20 00:00:00,Chloe,Mthembu,Bloemfontein,Small Business,Online,Router,2.0,1408.34,0.05,159.88,0.15,1129.32,Black Friday,Card,Returned,,3237.11,
ORD-0000139,C10908,2025-12-01 00:00:00,Ryan,Khumalo,Benoni,Consumer,Marketplace,SSD,3.0,2623.86,0.15,8.69,0.15,2107.5,None,Card,Completed,,7703.17,
ORD-0003558,C12239,2025-08-01 00:00:00,Megan,Khumalo,Durban,Consumer,Marketplace,Router,4.0,2234.96,0.08,55.47,0.15,1303.26,None,Card,Completed,,9513.83,
ORD-0000083,C10771,2024-10-22 00:00:00,Chloe,Khumalo,Polokwane,Corporate,Online,Webcam,7.0,2276.41,0.0,66.18,0.15,1720.29,None,EFT,Completed,,18391.24,
ORD-0005414,C10533,2024-09-04 00:00:00,Lerato,Khumalo,Johannesburg,Small Business,Online,SSD,1.0,3442.07,0.1,78.54,0.15,2214.4,Payday Promo,Cash,Cancelled,,3641.08,
ORD-0005538,C10282,2025-01-10 00:00:00,Siyanda,Mokoena,Johannesburg,Corporate,Online,Webcam,2.0,1034.28,0.1,91.67,0.15,603.29,None,Card,Pending,,2232.63,2068.56
ORD-0003964,C10758,2024-11-03 00:00:00,Naledi,Botha,Johannesburg, small business ,Online,Tablet,10.0,4501.78,0.25,125.21,0.0,3351.8,Back to School, card ,Completed,,33888.57,
ORD-0000003,C11039,2024-08-01 00:00:00,Megan,Pillay,Durban,Consumer,Marketplace,Laptop,3.0,7924.23,0.0,92.07,0.0,5483.77,None,Card,Returned,,23864.76,
ORD-0002497,C11966,2025-05-29 00:00:00,Zanele,Molefe,Benoni,Small Business,Online,Monitor,1.0,7485.66,0.0,175.37,0.15,5641.28,None,Card,Completed,,8783.88,
ORD-0005829,C11606,2024-05-23 00:00:00,Aisha,Naidoo,Bloemfontein,Corporate,Store,Laptop,2.0,10956.22,0.0,90.06,0.15,8933.49,None,Card, returned ,Rep E,25289.37,
ORD-0005946,C10997,2025-04-12 00:00:00,Jason,Mokoena,Johannesburg,Consumer,Online,Laptop,2.0,21107.13,0.1,41.39,0.15,13177.63,None,EFT,Completed,,43733.15,
ORD-0001926,C11632,2024-01-02 00:00:00,Ryan,Patel,Johannesburg,Small Business,Phone,Router,2.0,1646.41,0.05,204.39,0.15,1103.14,None,Mobile Wallet,Returned,,3801.81,
ORD-0000509,C12203,2025-04-08 00:00:00,Mpho,Pillay,Pretoria,Corporate,Store,Tablet,3.0,7056.67,0.1,138.29,0.15,5953.56,Summer Sale,Cash,Completed,Rep C,22049.25,
ORD-0005043,C11233,2024-03-21 00:00:00,Lerato,Mthembu,Gqeberha,Consumer,Phone,Monitor,5.0,4133.03,0.05,64.74,0.15,3252.51,Payday Promo,Mobile Wallet,Cancelled,,22641.39,
ORD-0005282,C11145,2024-06-13 00:00:00,Ryan,Pillay,Johannesburg,Small Business,Online,Laptop,5.0,8006.02,0.0,42.73,0.15,6255.8,None,EFT,Completed,,46077.37,
ORD-0002736,C10823,2024-10-29 00:00:00,Kabelo,Khumalo,Johannesburg,Corporate,Online,Laptop,3.0,15724.88,0.1,13.2,0.15,13441.27,None,Card,Completed,,48838.95,
ORD-0002390,C12240,2025-10-11 00:00:00,Nomsa,Smith,Johannesburg,Consumer, online ,Headset,4.0,1661.79,0.0,125.56,0.15,1138.54,Payday Promo,EFT,Completed,,7769.79,
ORD-0001673,C10948,2024-01-11 00:00:00,Jason,Pillay,Cape Town,Corporate,Online,Printer,5.0,4900.65,0.0,88.73,0.15,3007.77,None,Card,Cancelled,,28267.46,
ORD-0003521,C10892,2024-09-17 00:00:00,Mpho,Botha,Johannesburg,Consumer,Online,Monitor,6.0,1801.8,0.03,120.54,0.15,1228.12,None,Card,Completed,,12179.99,
ORD-0002395,C12836,2024-09-26 00:00:00,Daniel,Naidoo,Polokwane,Small Business,Online,,1.0,4196.64,0.15,40.04,0.15,3371.2,Summer Sale,Cash,Completed,,4142.26,
ORD-0000577,C12717,2024-05-12 00:00:00,Megan,Mthembu,,Corporate,Online,Headset,3.0,1624.18,0.0,63.36,0.14,1116.28,None,Mobile Wallet,Completed,,5618.05,
ORD-0000169,C10491,2025-11-19 00:00:00,Daniel,Patel,Johannesburg,Corporate,Online,Keyboard,1.0,1755.31,0.0,83.3,0.15,1357.58,Clearance,Card,Returned,,2101.91,
ORD-0005505,C10075,2025-09-04 00:00:00,Chloe,Smith,Johannesburg,Corporate,Store,Monitor,1.0,2417.25,0.0,96.33,0.15,1777.55,None,Mobile Wallet,Completed,Rep E,2876.16,
ORD-0002386,C11185,2024-05-18 00:00:00,Aisha,Naidoo,Pretoria,Consumer,Online,Docking Station,4.0,2814.09,0.15,37.84,0.15,1728.87,None,Bank Transfer,Completed,,11040.93,
ORD-0003993,C12818,2024-09-05 00:00:00,Ryan,Nkosi,Cape Town,Small Business,Online,Mouse,2.0,620.48,0.1,115.54,0.15,362.87,None,Bank Transfer,Cancelled,,1399.92,
ORD-0003004,C12195,2025-08-22 00:00:00,Jason,Molefe,Cape Town,Consumer,Online,SSD,3.0,3626.64,0.1,13.23,0.15,2651.12,Summer Sale,Card,Completed,,11273.95,
ORD-0004162,C12083,2024-01-26 00:00:00,Chloe,Williams,Polokwane,Consumer,Online,Headset,4.0,1268.84,0.08,112.33,0.15,800.17,None,Mobile Wallet,Pending,,5482.06,
ORD-0004554,C12254,2024-09-07 00:00:00,Megan,Smith,Polokwane,Corporate,Online,Office Chair,1.0,4085.31,0.15,58.4,0.15,2594.41,None,Card,Returned,,4051.8,
ORD-0004631,C12934,2025-05-31 00:00:00,Andile,Naidoo,Johannesburg,Corporate,Online,SSD,6.0,3400.02,0.0,147.17,0.15,2508.93,Back to School,Card,Returned,,23607.32,
ORD-0005302,C11197,2025-08-08 00:00:00,Thabo,Mokoena,Johannesburg,Consumer,Store,Headset,1.0,2796.04,0.0,113.08,0.0,2286.67,None,EFT,Completed,Rep D,2909.12,
ORD-0002424,C11165,2024-09-03 00:00:00,Zanele,Dlamini,Pretoria,Corporate,Marketplace,Tablet,2.0,9956.58,0.0,37.26,0.0,7774.48,None,EFT,Returned,,19950.42,
ORD-0001040,C10643,2024-10-19 00:00:00,Priya,Pillay,Pretoria,Consumer,Online,Monitor,3.0,5204.78,0.05,40.97,0.15,3684.27,Back to School,Card,Completed,,17099.64,
ORD-0003173,C11057,2024-10-06 00:00:00,Thabo,Nkosi,Durban,Consumer,Phone,Mouse,1.0,565.74,0.15,210.96,0.0,428.96,None,EFT,Completed,,691.84,
ORD-0002007,C10444,2025-10-15 00:00:00,Aisha,Pillay,Polokwane,Small Business,Phone,Laptop,2.0,20988.59,0.0,43.25,0.15,13830.01,None,Card,Completed,,48316.99,
ORD-0003607,C12013,2024-03-01 00:00:00,Nomsa,Naidoo,Durban,Consumer,Marketplace,Router,3.0,3124.7,0.05,75.74,0.15,2187.23,Clearance,Card,Pending,,10316.96,
ORD-0003325,C12990,2024-06-16 00:00:00,Priya,Williams,Cape Town,Corporate,Marketplace,Keyboard,7.0,2177.69,0.1,104.96,0.15,1323.04,None,,Completed,,15882.35,
ORD-0005343,C10816,2024-07-19 00:00:00,Siyanda,Williams,Pretoria,Consumer,Store,Docking Station,2.0,2145.56,0.25,216.43,0.15,1443.83,None,Mobile Wallet,Completed,Rep C,3917.53,
ORD-0001170,C10665,2025-01-10 00:00:00,Naledi,Naidoo,Cape Town,Corporate,Online,Webcam,1.0,1840.35,0.15,55.92,0.15,1080.96,Payday Promo,Card,Returned,,1854.86,
ORD-0002772,C11108,2024-06-24 00:00:00,Lerato,Nkosi,Johannesburg,Consumer,Online,Tablet,1.0,9597.43,0.1,,0.0,7685.02,Payday Promo,Cash,Returned,,8748.59,
ORD-0003647,C12704,2025-09-27 00:00:00,Sipho,Mthembu,Pretoria,Corporate,Marketplace,Printer,1.0,4377.67,0.15,107.03,0.15,3404.25,Payday Promo,Mobile Wallet,Completed,,4386.2,
ORD-0001296,C10229,2024-12-03 00:00:00,Andile,Naidoo,Johannesburg,Consumer,Marketplace,Headset,3.0,2798.87,0.0,120.7,0.15,1937.63,None,Bank Transfer,Completed,,9776.79,
ORD-0004358,C12415,2024-05-19 00:00:00,Kabelo,Khumalo,Nelspruit,Corporate,Marketplace,Laptop,1.0,14337.37,0.15,116.21,0.14,10524.81,None,EFT,Returned,,14009.11,
ORD-0003201,C10594,2024-02-08 00:00:00,Lerato,Naidoo,Nelspruit,Consumer,Phone,Mouse,10.0,649.75,0.05,60.7,0.14,446.42,None,Card,Pending,,7097.53,
ORD-0000877,C10375,2024-11-03 00:00:00,Siyanda,Molefe,Durban,Consumer,Online,SSD,10.0,2707.59,0.08,146.57,0.15,2168.56,None,Cash,Returned,,28792.85,
ORD-0004588,C10489,2024-03-30 00:00:00,Priya,Mokoena,Nelspruit,Consumer,Store,Keyboard,2.0,1631.35,0.0,147.28,0.15,1156.7,None,Card,Returned,Rep C,3899.38,
ORD-0000467,C10614,2025-09-12 00:00:00,,Mokoena,Gqeberha,Consumer,Online,Laptop,1.0,10306.07,0.1,182.94,0.0,6664.36,Clearance,Card,Returned,,9458.4,
ORD-0004180,C11456,2025-08-21 00:00:00,Daniel,Smith,Johannesburg,Corporate,Phone,Office Chair,1.0,8355.26,0.1,186.76,0.0,6429.6,Black Friday,Card,Returned,,7706.49,
ORD-0001119,C10731,2025-11-01 00:00:00,Ryan,Mokoena,Pretoria,Consumer,Online,Keyboard,1.0,1348.1,0.1,205.7,0.15,961.76,Summer Sale,Card,Returned,,1600.98,
ORD-0005535,C10709,2025-03-25 00:00:00,Sipho,Khumalo,Pretoria,Small Business,Store,Printer,7.0,3008.71,0.05,91.99,0.15,2401.24,None,Card,Completed,Rep C,23101.09,
ORD-0000386,C10587,2025-02-28 00:00:00,Jason,Naidoo,Johannesburg,Small Business,Online,SSD,3.0,3720.54,0.0,85.24,0.15,2506.23,None,Mobile Wallet,Completed,,12921.1,
ORD-0003311,C11374,2024-04-03 00:00:00,Ryan,Pillay,Benoni,Corporate,Phone,Webcam,2.0,966.08,0.05,59.34,0.15,714.14,New Customer,Card,Completed,,2170.21,
ORD-0003292,C12060,2024-01-14 00:00:00,Andile,Khumalo,Johannesburg,Corporate,Store,Keyboard,2.0,1567.7,0.08,71.17,0.0,1097.33,None,Bank Transfer,Cancelled,Rep E,2955.73,
ORD-0000927,C10711,2025-08-16 00:00:00,Priya,Mthembu,Polokwane,Consumer,Online,Keyboard,2.0,760.26,0.0,76.23,0.15,596.26,Clearance,EFT,Pending,,1824.84,
ORD-0002843,C10637,2024-12-01 00:00:00,Lerato,Pillay,Pretoria,Consumer,Store,Mouse,2.0,727.8,0.25,128.59,0.14,555.53,None,Card,Completed,Rep D,1373.14,
ORD-0002788,C11197,2024-12-24 00:00:00,Sipho,Pillay,Gqeberha,Corporate,Online,Monitor,1.0,5859.28,0.0,205.65,0.15,4882.28,None,EFT,Cancelled,,6943.82,
ORD-0005377,C10551,2024-11-08 00:00:00,Naledi,Smith,Nelspruit,Consumer,Store,Mouse,8.0,1059.24,0.05,32.16,0.15,649.04,None,Card,Completed,Rep B,9289.94,
ORD-0001883,C11581,2024-11-05 00:00:00,Ryan,Mokoena,Durban,Consumer,Marketplace,Mouse,2.0,290.03,0.05,172.35,0.15,169.77,None,Card,Completed,,806.06,
ORD 0000119,C11403,2025-01-09 00:00:00,Naledi,Naidoo,Pretoria,Consumer,Online,Keyboard,6.0,1041.49,0.1,72.25,0.15,663.24,None,Card,Pending,,6539.9,
ORD-0003008,C10342,2024-07-27 00:00:00,Zanele,Nkosi,Bloemfontein,Consumer,Store,Monitor,2.0,5698.01,0.1,46.87,0.14,4034.34,Back to School,Bank Transfer,Returned,Rep D,11739.18,
ORD-0000638,C12892,2024-07-30 00:00:00,Mpho,Nkosi,Polokwane,Small Business,Store,Mouse,2.0,895.16,0.03,165.71,0.15,676.44,None,Card,Returned,Rep C,2162.8,
ORD-0003650,C11429,2024-11-09 00:00:00,Jason,Smith,Benoni,Consumer,Store,Mouse,5.0,538.85,0.05,43.19,0.15,331.84,Back to School,Card,Returned,Rep C,2986.68,
ORD 0002899,C11510,2025-09-25 00:00:00,Zanele,Mthembu,Johannesburg,Corporate,Store,Tablet,6.0,9969.07,0.03,135.58,0.15,8286.72,None,EFT,Pending,Rep D,66858.59,
ORD-0001718,C10639,2025-11-18 00:00:00,Andile,Mokoena,Durban,Corporate,Online,Laptop,3.0,8095.87,0.1,5.34,0.15,4695.66,None,Card,Cancelled,,25143.02,
ORD-0002783,C10469,2025-08-14 00:00:00,Jason,Botha,Johannesburg,Small Business,Marketplace,Laptop,1.0,21610.42,0.05,161.67,0.15,15855.98,None,Bank Transfer,Completed,,23771.06,
ORD-0002698,C12638,2025-03-03 00:00:00,Nomsa,Khumalo,Polokwane,Small Business,Marketplace,Headset,2.0,611.76,0.15,210.3,0.15,412.76,Payday Promo,EFT,Pending,,1406.29,
ORD-0004185,C12601,2024-02-20 00:00:00,Mpho,Molefe,Johannesburg,Consumer,Online,Headset,5.0,2157.18,0.05,27.65,0.15,1289.29,None,Card,Pending,,11811.26,
ORD-0002148,C10391,2025-04-10 00:00:00,Mpho,Naidoo,Johannesburg,Consumer,Online,Router,1.0,2770.01,0.2,86.21,0.15,1803.85,None,Mobile Wallet, pending ,,2634.62,
ORD-0004286,C12159,2024-06-05 00:00:00,Daniel,Botha,Johannesburg,Consumer,Store,Laptop,2.0,18641.98,0.0,88.8,0.15,15080.81,None,Card,Completed,Rep B,42965.35,
ORD-0002735,C11168,2025-04-13 00:00:00,Thabo,Smith,Port Elizabeth,Consumer,Online,Router,1.0,2577.64,0.1,113.49,0.15,1807.05,None,Card,Completed,,2781.34,
ORD-0001211,C11338,2024-01-28 00:00:00,Priya,Pillay,Cape Town,Corporate,Online,Keyboard,3.0,559.29,0.15,27.17,0.15,393.57,None,Card,Returned,,1667.29,
ORD-0003027,C11521,2024-05-21 00:00:00,Thabo,Dlamini,Cape Town,Corporate,Online,Webcam,2.0,1453.48,0.15,108.8,0.15,1241.08,None,Card,Completed,,2950.35,
ORD-0000667,C10245,2024-06-24 00:00:00,Sipho,Nkosi,Polokwane,Consumer,Online,Webcam,1.0,1454.44,0.03,95.43,0.15,1183.16,Black Friday,Card,Returned,,1717.85,
ORD-0004316,C12543,2025-02-23 00:00:00,Ryan,Williams,Cape Town,Consumer,Marketplace,Headset,2.0,739.44,0.0,130.58,0.15,495.64,None,Mobile Wallet,Completed,,1831.3,
ORD-0000288,C11686,2024-09-09 00:00:00,Daniel,Pillay,Durban,Consumer,Online,Router,8.0,2862.04,0.08,71.74,0.15,2311.37,Summer Sale,Card,Completed,,24296.09,
ORD 0002842,C10082,2025-10-30 00:00:00,Sipho,Botha,Benoni,Corporate,Online,Mouse,2.0,442.37,0.1,87.33,0.0,368.27,None,Mobile Wallet,Completed,,883.6,
ORD-0001569,C10613,2025-01-08 00:00:00,Kabelo,Khumalo,Johannesburg,Corporate,Online,Headset,3.0,1393.92,0.2,89.63,0.15,963.01,Clearance,Card,Cancelled,,3936.85,
ORD-0002373,C10474,2025-05-17 00:00:00,Jason,Nkosi,Pretoria,Consumer,Online,Headset,1.0,2603.83,0.1,140.44,0.15,1691.75,None,mobile wallet,Completed,,2835.41,
ORD-0005071,C11364,2025-08-13 00:00:00,Jason,Naidoo,Gqeberha,Consumer,Online,Webcam,2.0,1936.57,0.0,155.74,0.15,1246.85,None,Card,Completed,,4609.84,
ORD-0003770,C11179,2025-01-09 00:00:00,Sipho,Nkosi,Cape Town,Consumer,Online,Tablet,3.0,4513.08,0.0,101.28,0.15,2818.72,None,Mobile Wallet,Returned,,18063.57,
ORD-0003119,C10703,2025-12-23 00:00:00,Megan,Smith,Johannesburg,Corporate,Online,Dock station,1.0,982.18,0.15,167.71,0.15,622.88,Back to School,Card,Returned,,1127.79,
ORD-0004695,C12641,2025-06-11 00:00:00,Zanele,Naidoo,Johannesburg,Small Business,Online,Router,2.0,2296.39,0.15,69.73,0.0,1552.87,None,Card,Completed,,3973.6,
ORD-0005444,C11075,2024-05-13 00:00:00,Lerato,Pillay,Johannesburg,Consumer,Online,Docking Station,2.0,2240.65,0.15,143.52,0.15,1543.61,None,Card,Completed,,4523.99,
ORD 0001201,C10974,2025-02-08 00:00:00,Jason,,Pretoria,Consumer,Phone,Headset,6.0,1087.69,0.03,23.2,0.15,851.07,None,Card,Pending,,7303.13,
ORD-0001637,C10256,2024-01-18 00:00:00,Siyanda,Molefe,Pretoria,Consumer,Marketplace,Office Chair,1.0,4140.99,0.05,113.02,0.15,2584.83,None,Bank Transfer,Cancelled,,4637.06,
ORD-0002626,C11287,2025-07-24 00:00:00,Chloe,Williams,Durban,Consumer,Online,Headset,2.0,2352.8,0.0,152.02,0.15,1902.85,None,EFT,Returned,,5563.46,
ORD-0005236,C12109,2024-11-18 00:00:00,Fatima,Mokoena,Durban,Corporate,Online,Laptop,4.0,18280.35,0.1,44.76,0.15,12282.58,Summer Sale,EFT,Completed,,75725.4,
ORD-0005032,C10856,2024-10-31 00:00:00,Ryan,Molefe,Gqeberha,Corporate,Store,Router,3.0,2604.62,0.15,86.3,0.15,2091.8,New Customer,Card,Pending,Rep B,7724.35,
ORD-0005857,C10497,2024-07-30 00:00:00,Megan,Smith,Cape Town,Consumer,Online,Router,1.0,989.3,0.03,107.93,0.15,593.76,Summer Sale,Card,Pending,,1211.5,
ORD-0001849,C12488,2025-07-05 00:00:00,Chloe,Mthembu,Cape Town,Consumer,Online,Keyboard,2.0,772.11,0.1,111.52,0.15,481.64,None,Bank Transfer,Returned,,1709.78,
ORD-0005687,C11099,2025-05-08 00:00:00,Aisha,Nkosi,Johannesburg,Consumer,Online,Webcam,3.0,2059.69,0.1,54.67,0.15,1450.36,None,Card,Completed,,6450.0,
ORD-0003283,C11041,2025-12-22 00:00:00,Mpho,Naidoo,Johannesburg,Consumer,Phone,Laptop,1.0,11876.68,0.0,192.83,0.15,8870.44,None,Cash,Cancelled,,13851.02,
ORD-0001983,C12101,2024-09-16 00:00:00,Kabelo,Khumalo,Johannesburg,Consumer,Online,Mouse,1.0,970.24,0.2,110.92,0.15,710.54,New Customer,Bank Transfer,Completed,,1003.54,
ORD-0002468,C12320,2025-06-21 00:00:00,Siyanda,Mokoena,Durban,Corporate,Phone,Printer,1.0,4314.81,0.1,90.22,0.15,3631.09,Clearance,Card,Completed,,4556.05,
ORD-0004877,C10908,2025-06-11 00:00:00,Mpho,Dlamini,Gqeberha,Corporate,Online,Monitor,1.0,3656.45,0.08,81.83,0.15,2799.62,New Customer,EFT,Completed,,3950.36,
ORD-0003564,C11723,2024-02-06 00:00:00,Daniel,Mokoena,Gqeberha,Consumer,Phone,Monitor,2.0,8328.1,0.0,130.13,0.15,6730.25,New Customer,Card,Completed,,19284.77,
ORD-0000456,C10390,2025-01-29 00:00:00,,Nkosi,Nelspruit,Consumer,Marketplace,Docking Station,3.0,4890.28,0.15,20.05,0.0,2970.21,None,Card,Completed,,12490.28,
ORD-0003666,C12881,2025-06-03 00:00:00,Jason,Khumalo,Pretoria,Small business,Store,Mouse,1.0,374.71,0.0,172.38,0.0,223.1,Clearance, card ,Completed,Rep D,547.1,
ORD-0005623,C12684,2024-06-13 00:00:00,Priya,Molefe,Durban,Consumer,Store,Tablet,5.0,8088.37,0.15,74.14,0.14,6275.73,None,Card,Completed,Rep B,39262.31,
ORD-0003221,C11880,2025-07-01 00:00:00,Fatima,Smith,Johannesburg,Consumer,Marketplace,Laptop,3.0,13902.11,,33.63,0.0,9654.99,Black Friday,Bank Transfer,Cancelled,,39654.64,
ORD-0004226,C10367,2025-02-28 00:00:00,Nomsa,Botha,Durban,Small Business,Online,Printer,1.0,2925.99,0.0,98.21,0.15,2379.17,Clearance,Card,Pending,,3463.1,
ORD-0005625,C12859,2024-12-11 00:00:00,Megan,Williams,Gqeberha,Consumer,Marketplace,Webcam,1.0,2398.98,0.0,89.97,0.15,1660.89,Back to School,Cash,Completed,,2848.79,
ORD-0001746,C11987,2024-02-23 00:00:00,Aisha,Nkosi,Johannesburg,Small Business, phone ,Mouse,5.0,1050.58,0.0,105.27,0.0,843.7,None,Card,Pending,,5358.15,
ORD-0002596,C12659,2024-10-29 00:00:00,Megan,Patel,Polokwane,Consumer,Marketplace,Tablet,3.0,10534.71,0.0,71.53,0.15,7827.05,None,Mobile Wallet,Completed,,36416.27,
ORD-0003989,C12053,2025-06-16 00:00:00,Aisha,Mokoena,Johannesburg,Corporate,Online,Mouse,4.0,863.29,0.03,82.01,0.15,551.32,None,Card,Completed,,3933.99,
ORD-0002694,C10222,2025-07-11 00:00:00,Thabo,Nkosi,Pretoria,Consumer,Online,Headset,3.0,2608.25,0.15,148.15,0.14,1766.94, new customer ,Mobile Wallet,Returned,,7730.33,
ORD-0001414,C12010,2024-12-02 00:00:00,Priya,Mokoena,Johannesburg,Consumer,Online,Headset,1.0,1070.77,0.0,71.89,0.15,747.42,None,EFT,Completed,,1303.27,
ORD-0001167,C12575,2025-05-27 00:00:00,Priya,Khumalo,Cape Town,Small Business,Online,Router,2.0,3502.57,0.0,189.75,0.15,2035.26,None,Card,Completed,,8245.67,
ORD-0005900,C12987,2025-05-06 00:00:00,Andile,Mokoena,Gqeberha,Consumer,Marketplace,Mouse,6.0,490.76,0.03,143.82,0.15,307.16,Payday Promo,Card,Completed,,3428.45,
ORD-0005476,C12043,2024-07-02 00:00:00,Ryan,Pillay,Durban,Corporate,Online,Tablet,1.0,7010.06,0.08,146.67,0.15,5061.99,Payday Promo,Card,Pending,,7563.31,
ORD-0005085,C10742,2025-09-16 00:00:00,Daniel,Mokoena,Pretoria,Consumer,Online,Laptop,2.0,9744.55,0.03,159.58,0.15,6774.74,Back to School,,Cancelled,,21899.66,
ORD-0002517,C10536,2024-10-31 00:00:00,Megan,Naidoo,Polokwane,Consumer,Online,Keyboard,1.0,735.39,0.05,213.58,0.15,630.43,None,Card,Completed,,1017.0,
ORD-0002440,C10920,2024-11-16 00:00:00,Aisha,Mthembu,Bloemfontein,Consumer,Online,Laptop,1.0,18358.81,0.1,130.99,0.14,11883.5,Black Friday,EFT,Pending,,18967.12,
ORD-0002530,C10376,2024-12-19 00:00:00,Lerato,Nkosi,Johannesburg,Consumer,Store,Monitor,1.0,6408.0,0.08,145.22,0.15,4151.16,New Customer,Cash,Pending,Rep E,6924.89,
ORD-0003823,C11463,2024-11-26 00:00:00,Aisha,Dlamini,Durban,Small Business,Store,Headset,4.0,2178.7,0.1,17.06,0.15,1333.85,Summer Sale,EFT,Completed,Rep E,9036.9,
ORD-0002477,C11848,2024-12-24 00:00:00,Jason,Williams,Durban,Small Business,Online,Mouse,1.0,264.53,0.0,174.42,0.15,201.56,None,Card,Completed,,478.63,
ORD-0002563,C12316,2024-03-24 00:00:00,Aisha,Patel,Benoni,Corporate,Store,Keyboard,1.0,682.41,0.0,154.83,0.15,439.82,None,EFT,Completed,Rep C,939.61,
ORD-0001940,C12937,2025-12-04 00:00:00,Andile,Mthembu,Cape Town,Small Business,Online,Monitor,2.0,5185.96,0.15,123.32,0.0,3659.04,None,Card,Pending,,8939.45,10371.92
ORD-0000564,C11880,2025-03-20 00:00:00,Nomsa,Patel,Pretoria,Consumer,Online,,1.0,3754.8,0.05,39.81,0.15,3015.59,Payday Promo,Card,Pending,,4141.93,
ORD-0001355,C10271,2024-03-09 00:00:00,Andile,Patel,Johannesburg,Consumer,Store,Tablet,2.0,6270.88,0.08,71.85,0.15,4843.76,None,Card,Cancelled,Rep E,13341.02,
ORD-0000747,C12394,2024-03-19 00:00:00,Lerato,Williams,Pretoria,Corporate,Store,Office Chair,1.0,8751.32,0.0,154.64,0.15,5771.35,New Customer,Mobile Wallet,Completed,Rep C,10218.65,
ORD-0000159,C12268,2025-01-20 00:00:00,Nomsa,Williams,Johannesburg,Consumer,Marketplace,Laptop,2.0,12973.01,0.1,166.82,0.15,8211.21,None,Card,Completed,,27020.94,
ORD-0000486,C11632,2025-04-28 00:00:00,Andile,Mthembu,Durban,Small Business,Online,Laptop,5.0,13296.93,0.1,132.87,0.15,8478.56,Black Friday,Bank Transfer,Completed,,68944.48,
ORD-0000348,C11224,2025-06-30 00:00:00,Sipho,Patel,Johannesburg,Consumer,Online,Monitor,1.0,7607.61,0.1,105.43,0.15,5552.65,Payday Promo,Bank Transfer,Completed,,7979.31,
ORD-0003480,C10840,2025-09-09 00:00:00,Mpho,Mokoena,Benoni,Small Business,Online,Router,1.0,780.75,0.1,90.48,0.15,579.29,Back to School,EFT,Returned,,898.55,
ORD-0001393,C10782,2024-08-03 00:00:00,Fatima,Molefe,Bloemfontein,Consumer,Online,Laptop,1.0,16758.95,0.05,95.2,0.14,14102.04,Payday Promo,Card,Completed,,18245.15,
ORD-0001561,C12278,2025-09-15 00:00:00,Megan,Molefe,Pretoria,Corporate,Online,Tablet,3.0,6112.34,0.0,91.21,0.15,5107.85,None,Card,Cancelled,,21178.8,
ORD-0001988,C10388,2024-05-18 00:00:00,Jason,Smith,Gqeberha,Consumer,Store,Monitor,1.0,2368.97,0.1,93.52,0.15,1988.11,None,EFT,Completed,Rep C,2545.41,
ORD-0004937,C12881,2025-04-16 00:00:00,Zanele,Dlamini,Johannesburg,Small Business,Marketplace,Mouse,1.0,1117.59,0.1,35.0,0.15,691.94,None,Card,Pending,,1191.7,
ORD-0005331,C10938,2025-09-01 00:00:00,Naledi,Smith,Benoni,Consumer,Online,Webcam,1.0,1236.08,0.03,148.66,0.15,831.53,None,EFT,Completed,,1527.5,
ORD-0000801,C12537,2024-03-09 00:00:00,Siyanda,Pillay,Johannesburg,Consumer,Marketplace,Laptop,1.0,15792.94,0.1,121.88,0.15,9912.32,None,Mobile Wallet,Completed,,16467.57,
ORD-0004475,C10158,2025-06-06 00:00:00,Zanele,Mthembu,Bloemfontein,Corporate,Store,SSD,1.0,2597.91,0.1,71.44,0.15,1697.14,None,Card,Pending,Rep D,2760.28,
ORD-0000641,C12649,2025-11-19 00:00:00,Aisha,Botha,Durban,Corporate,Marketplace,Monitor,6.0,4962.49,0.08,55.58,0.15,3467.62,None,Mobile Wallet,Completed,,31557.47,
ORD-0000351,C11764,2024-12-12 00:00:00,Ryan,Mthembu,Johannesburg,Consumer,Online,Router,3.0,2988.16,0.05,60.16,15%,1796.81,None,Card,Completed,,9853.84,
ORD-0004123,C11380,2025-04-12 00:00:00,Chloe,Molefe,Pretoria,Consumer,Online,Mouse,1.0,1091.67,0.0,122.02,0.15,653.19,None,EFT,Completed,,1377.44,
ORD-0005597,C12151,2025-08-08 00:00:00,Andile,Mthembu,Durban,Small Business,Phone,Tablet,2.0,6301.78,0.08,148.81,0.15,5256.77,Black Friday,Card,Pending,,13483.39,
ORD-0003747,C10999,2025-02-08 00:00:00,Daniel,Naidoo,Johannesburg,Consumer,Online,Router,2.0,1964.71,0.0,124.42,0.14,1292.65,None,EFT,Completed,,4603.97,
ORD-0005521,C10462,2025-12-12 00:00:00,Chloe,Williams, johannesburg ,Small Business,Online,Mouse,2.0,215.69,0.08,209.31,0.15,153.16,New Customer,Cash,Completed,,665.7,
ORD-0003519,C12663,2025-09-18 00:00:00,Nomsa,Patel,Benoni,Consumer,Online, keyboard ,1.0,574.43,0.03,111.91,0.15,437.56,None,Card,Completed,,752.68,
ORD-0002734,C11991,2024-11-03 00:00:00,Sipho,Khumalo,Pretoria,Corporate,Store,Webcam,2.0,601.51,0.1,180.18,0.15,488.8,None,Card,Pending,Rep C,1425.31,
ORD-0000587,C11328,2024-02-22 00:00:00,Aisha,Naidoo,Gqeberha,Corporate,Marketplace,Headset,2.0,1055.34,0.08,53.67,0.15,726.5,None,EFT,Completed,,2286.76,
ORD-0001289,C11818,2024-04-04 00:00:00,Siyanda,Smith,Johannesburg,Consumer,Store,Keyboard,4.0,1825.3,0.1,40.15,0.15,1236.42,None,Cash,Completed,Rep E,7596.91,
ORD-0005575,C10428,2024-04-26 00:00:00,Daniel,Botha,Johannesburg,Consumer,Phone,Webcam,1.0,609.33,0.05,39.36,0.15,491.86,None,Card,Completed,,705.06,
ORD-0005567,C12456,2024-03-08 00:00:00,Thabo,Khumalo,Gqeberha,Corporate,Online,Laptop,1.0,10974.35,0.1,167.46,0.15,7501.9,Payday Promo,Card,Cancelled,,11525.92,
ORD-0003345,C10813,2025-07-11 00:00:00,Megan,Naidoo,Johannesburg,Corporate,Online,Webcam,2.0,2101.9,0.05,76.24,0.15,1667.91,None,Card,Cancelled,,4668.88,
ORD-0005038,C12718,2024-01-24 00:00:00,Zanele,Naidoo,Gqeberha,Consumer,Online,Monitor,3.0,1944.64,0%,65.26,0.15,1209.94,None,Cash,Completed,,6774.25,
ORD-0000021,C11299,2025-03-30 00:00:00,Siyanda,Mthembu,Johannesburg,Corporate,Online,Monitor,2.0,3491.48,0.15,,0.15,2853.64,Black Friday,Card,Cancelled,,6862.75,
ORD-0004366,C10056,2025-08-18 00:00:00,Daniel,Patel,Johannesburg,Consumer,Phone,Laptop,1.0,20789.59,0.2,96.19,0.15,17565.88,Clearance,Card,Completed,,19222.61,
ORD-0003878,C12935,2025-01-25 00:00:00,Kabelo,Naidoo,Nelspruit,Small Business,Store,Router,2.0,1769.87,0.05,46.25,0.0,1112.9,None,Card,Pending,Rep E,3409.01,
ORD-0002716,C10681,2024-07-01 00:00:00,Aisha,Botha,Polokwane,Corporate,Store,Docking Station,2.0,3997.26,0.15,113.35,0.15,2798.86,New Customer,Mobile Wallet,Completed,Rep D,7928.0,
ORD-0004835,C11101,2025-12-27 00:00:00,Zanele,Dlamini,Johannesburg,Small Business,Marketplace,Router,2.0,1449.87,0.0,76.57,0.14,963.01,None,Card,Completed,,3382.27,
ORD-0004777,C12446,2024-10-10 00:00:00,Naledi,Pillay,Durban,Consumer,Store,Keyboard,4.0,1872.49,0.15,37.72,0.15,1420.59,None,Card,Completed,Rep E,7359.17,
ORD-0005741,C10814,2024-04-25 00:00:00,Megan,Dlamini,Benoni,Consumer,Online,Tablet,2.0,6164.43,0.03,68.45,0.15,4816.13,None,Bank Transfer,Completed,,13821.3,
ORD-0000546,C12416,2024-05-20 00:00:00,Kabelo,Pillay,Johannesburg,Corporate,Online,Headset,1.0,2538.15,0.03,66.56,0.0,1908.89,None,Card, completed ,,2528.56,
ORD-0002629,C11478,2025-01-29 00:00:00,Sipho,Smith,Benoni,Consumer,Phone,Mouse,1.0,480.98,0.1,113.34,0.0,289.32,Summer Sale,EFT,Completed,,546.23,
ORD-0005751,C10679,2024-07-16 00:00:00,Priya,Khumalo,Cape Town,Consumer,Online,Tablet,,3827.63,0.0,20.41,0.15,3034.25,None,Card,Completed,,13225.74,
ORD-0005728,C10936,2025-07-14 00:00:00,Andile,Dlamini,Nelspruit,Consumer,Online,,6.0,8284.61,0.15,101.47,0.15,6981.91,None,Mobile Wallet,Pending,,44902.54,
ORD-0001159,C10647,2024-08-25 00:00:00,Sipho,Williams,Pretoria,Consumer,Online,Laptop,3.0,20382.66,0.1,52.57,0.15,12711.91,Payday Promo,Card,Completed,,63340.74,
ORD-0002593,C12991,2025-03-29 00:00:00,Andile,Khumalo,Gqeberha,Consumer,Online,Headset,4.0,1792.39,0.15,67.07,0.15,1335.62,New Customer,Mobile Wallet,Completed,,7075.3,
ORD-0004279,C11183,2024-01-24 00:00:00,Siyanda,Dlamini, nelspruit ,Consumer,Online,Tablet,1.0,6784.4,0.0,129.49,0.15,5607.17,None,Mobile Wallet,Completed,,7931.55,
ORD-0004480,C10847,2024-02-22 00:00:00,Ryan,Dlamini,Nelspruit,Consumer,Store,Tablet,4.0,8962.17,0.0,67.95,0.14,6288.53,Black Friday,Mobile Wallet,Completed,Rep A,40935.47,
ORD-0005671,C12969,2025-08-25 00:00:00,Sipho,Pillay, benoni ,Consumer,Online,Webcam,4.0,935.76,0.0,100.97,0.15,707.41,Summer Sale,Mobile Wallet,Cancelled,,4405.45,
ORD-0005113,C10744,2025-05-12 00:00:00,Kabelo,Nkosi,Johannesburg,Small Business,Online,Laptop,2.0,13466.91,0.0,45.25,0.15,11438.7,None,Card,Cancelled,,31019.15,
ORD-0005762,C10582,2025-09-06 00:00:00,Megan,Pillay,Bloemfontein,Consumer,Store,Laptop,5.0,21744.93,0.1,64.56,0.15,12782.78,None,Card,Cancelled,Rep A,112594.57,
ORD-0000010,C12634,2025-02-10 00:00:00,Priya,Botha,Cape Town,Small Business,Store,Docking Station,3.0,1810.03,0.0,137.68,0.15,1088.22,None,EFT,Cancelled,Rep E,6382.3,
ORD-0005527,C12803,2025-03-10 00:00:00,Aisha,Williams,Durban,Consumer,Marketplace,Docking Station,7.0,4589.68,0.05,44.14,0.0,3314.24,,Card,Completed,,30565.49,
ORD-0001578,C11700,2025-03-25 00:00:00,Nomsa,Mthembu,Polokwane,Consumer,Online,Keyboard,4.0,1947.95,0.0,127.72,0.15,1305.53,New Customer,Card,Completed,,9088.28,
ORD-0003220,C10946,2024-12-09 00:00:00,Andile,Pillay,Johannesburg,Consumer,Store,Monitor,10.0,5271.74,0.03,38.1,0.15,3111.44,None,EFT,Completed,Rep B,58844.4,
ORD-0005137,C10769,2025-07-24 00:00:00,Nomsa,Mthembu,Benoni,Consumer,Online,Printer,6.0,2425.68,0.0,62.76,0.0,1763.97,None,Mobile Wallet,Completed,,14616.83,
ORD-0003160,C11229,2025-11-13 00:00:00,Jason,Pillay,Durban,Corporate,Store,Keyboard,5.0,2022.28,0.0,36.47,0.15,1219.2,Black Friday,EFT,Completed,Rep B,11664.56,
ORD-0002271,C12166,2024-07-21 00:00:00,Daniel,Mthembu,Benoni,Corporate,Online,SSD,1.0,2111.13,0.1,151.23,0.15,1776.7,None,Cash,Cancelled,,2336.25,
ORD-0005785,C12020,2024-09-26 00:00:00,Naledi,Mthembu,Johannesburg,Consumer,Online,Headset,8.0,964.5,0.0,63.95,0.15,759.63,None, cash ,Cancelled,,7115.91,
ORD-0001777,C11378,2025-09-20 00:00:00,Jason,Smith,Johannesburg,Consumer,Phone,Monitor,1.0,4484.34,0.25,120.57,0.15,2742.44,Clearance,EFT,Completed,,3988.31,
ORD-0004504,C10401,2025-08-10 00:00:00,Megan,Naidoo,Johannesburg,Corporate,Online,Docking Station,2.0,1417.17,0.15,48.41,0.15,1202.13,Back to School,Mobile Wallet,Pending,,2818.97,
ORD-0001536,C10287,2024-11-01 00:00:00,Aisha,Williams,Pretoria,Consumer,Online,SSD,7.0,2713.14,0.15,118.15,0.15,2204.67,Summer Sale,Card,Completed,,18682.79,
ORD-0004667,C10958,2024-12-11 00:00:00,Megan,Nkosi,Johannesburg,Consumer,Online,Laptop,6.0,13835.36,0.0,22.43,0.15,11065.54,New Customer,Card,Cancelled,,95486.43,
ORD-0003945,C10322,2024-05-09 00:00:00,Fatima,Mthembu,Benoni,Consumer,Online,Router,1.0,1273.29,0.08,207.47,0.15,896.21,Payday Promo,Cash,Completed,,1554.62,
ORD-0000697,C10497,2025-10-19 00:00:00,Nomsa,Botha,Johannesburg,Corporate,Marketplace,SSD,2.0,3561.8,0.0,214.33,0.15,2291.85,Summer Sale,Card,Completed,,8406.46,
ORD-0000122,C10326,2025-01-11 00:00:00,Sipho,Dlamini,Johannesburg, consumer ,Marketplace,Laptop,4.0,17115.06,0.08,122.33,0.15,14249.23,None,Card,Completed,,72553.28,
ORD-0004578,C12003,2024-07-21 00:00:00,Sipho,,Nelspruit,Consumer,Marketplace,Mouse,5.0,823.94,0.2,0.52,0.15,673.35,None,Bank Transfer,Pending,,3790.64,
ORD-0002526,C11821,2025-09-29 00:00:00,Kabelo,Patel,Johannesburg,Consumer, online ,Webcam,2.0,2194.41,0.15,108.22,0.15,1587.56,Payday Promo,Mobile Wallet,Completed,,4398.3,
ORD-0003165,C11436,2024-03-04 00:00:00,Aisha,Patel,Benoni,Consumer,Store,Laptop,7.0,20707.53,0.1,64.78,0.15,17044.4,None,Card,Returned,Rep B,150090.87,
ORD-0000240,C11383,2025/03/02,Ryan,Botha,Gqeberha,Consumer,Marketplace,Printer,1.0,2566.81,0.03,141.99,0.15,2017.0,None,Card,Completed,,3005.26,
ORD-0001760,C11581,2024-01-11 00:00:00,Mpho,Naidoo,Cape Town,Corporate,Online,Mouse,5.0,692.03,0.03,76.59,0.15,509.58,Black Friday,Mobile Wallet,Pending,,3936.39,
ORD-0002294,C12364,2025-06-16 00:00:00,Nomsa,Khumalo,Cape Town,Consumer,Online,Mouse,3.0,684.79,0.0,107.09,0.15,513.81,None,Mobile Wallet,Completed,,2164.28,
ORD-0000069,C10187,2024-05-09 00:00:00,Chloe,Mthembu,Durban,Small Business,Online,Mouse,2.0,494.66,0.1,169.57,0.15,336.24,Clearance,Card,Completed,,1193.51,
ORD-0002174,C10568,2025-06-13 00:00:00,Fatima,Mokoena,Polokwane,Corporate,Online,Keyboard,1.0,2076.09,0.15,205.68,0.15,1336.5,None,Mobile Wallet,Completed,,2235.06,
ORD-0000549,C12702,2025-08-10 00:00:00,Mpho,Mokoena,Durban,Consumer,Store,Mouse,3.0,1035.32,0.1,140.12,0.15,827.44,None,EFT,Completed,Rep B,3354.79,
ORD-0002845,C11806,2025-04-17 00:00:00,Andile,Williams,Nelspruit,Corporate,Marketplace,Head set,8.0,4036.3,0.05,57.06,0.0,3306.67,None,Mobile Wallet,Completed,,30732.97,
ORD-0001793,C10183,2025-11-27 00:00:00,Chloe,Khumalo,Cape Town,Consumer,Marketplace,Mouse,8.0,588.91,0.05,148.93,0.15,489.73,None,Card,Cancelled,,5296.02,
ORD-0003034,C10711,2024-06-06 00:00:00,Ryan,Botha,Durban,Small Business,Store,Monitor,1.0,5782.06,0.05,148.74,0.15,3456.03,Back to School,Mobile Wallet,Completed,Rep B,6465.63,
ORD-0003451,C10683,2025-06-16 00:00:00,Zanele,Williams,Johannesburg,Consumer,Online,SSD,1.0,2077.45,0.1,186.1,0.15,1478.44,Clearance,EFT,Completed,,2336.26,
ORD-0002266,C12109,2024-07-24 00:00:00,Daniel,Pillay,Nelspruit,Consumer,Online,Monitor,3.0,2175.45,0.05,12.82,0.15,1820.22,Payday Promo,Card,Completed,,7142.84,
ORD-0004758,C11605,2025-04-13 00:00:00,Jason,Khumalo,Durban,Consumer,Marketplace,Monitor,2.0,5599.37,0.05,136.85,0.15,4144.48,None,Mobile Wallet,Completed,,12371.47,
ORD-0005466,C11949,2024-06-10 00:00:00,Priya,Dlamini,Johannesburg,Small Business,Online,Headset,5.0,"R 1,950.16",1.5,19.16,0.15,1341.15,None,Card,Cancelled,,10111.25,
ORD-0005157,C12955,2025-02-13 00:00:00,Thabo,Dlamini,Johannesburg,Consumer,Online,Tablet,1.0,9177.27,0.03,47.52,0.15,5325.87,None,Card,Pending,,10284.77,
ORD-0004728,C12679,2024-10-17 00:00:00,Nomsa,Khumalo,Johannesburg,Corporate,Online,Webcam,10.0,1698.31,0.0,70.07,0.15,1301.16,None,Card,Completed,,19600.64,
ORD-0004717,C12302,2025-04-17 00:00:00,Nomsa,Khumalo,Benoni,Consumer,Online,Docking Station,5.0,2155.04,0.1,85.41,0.15,1288.22,New Customer,Cash, pending ,,11237.75,
ORD-0001109,C10400,2024-04-15 00:00:00,Lerato,Molefe,Johannesburg,Consumer,Online,Headset,3.0,506.78,0.03,56.31,0.15,396.27,Back to School,EFT,Completed,,1752.24,
ORD-0004908,C10156,2025-06-06 00:00:00,Nomsa,Khumalo,Joburg,Corporate,Online,Webcam,3.0,1451.21,0.25,80.1,0.15,933.73,None,Cash,Completed,,3835.11,
ORD-0004714,C11520,2025-01-31 00:00:00,Lerato,Pillay,Cape Town,Corporate,Marketplace,Printer,1.0,6186.46,0.0,118.46,0.15,4417.81,None,Mobile Wallet,Completed,,7232.89,
ORD-0000109,C11940,2025-09-11 00:00:00,Naledi,Khumalo,Nelspruit,Consumer,Marketplace,Monitor,1.0,4380.53,0.03,92.0,0.14,2586.61,None,Card,Returned,,4935.99,
ORD-0003557,C12279,2025-01-25 00:00:00,Thabo,Patel,Johannesburg,Small Business,Online,Monitor,1.0,7822.37,0.08,96.02,0.15,6476.93,None,Card,Completed,,8372.09,
ORD-0001604,C11829,2025-05-31 00:00:00,Chloe,Molefe,Pretoria,Consumer,Online,Mouse,5.0,1023.14,0.08,79.81,0.15,690.99,Black Friday,Card,Pending,,5492.23,
ORD-0003534,C10128,2025-09-05 00:00:00,Priya,Naidoo,Johannesburg,Consumer,Store,Printer,1.0,4400.72,0.2,77.44,0.15,2784.77,Clearance,Card,Completed,Rep C,4126.11,
ORD-0000547,C12794,2024-08-12 00:00:00,Kabelo,Molefe,Johannesburg,Consumer,Online,SSD,4.0,3316.05,0.15,36.28,0.15,2575.72,None,Card,Completed,,13002.04,
ORD-0000924,C12511,16/12/2024,Megan,Molefe,Cape Town,Consumer,Store,Mouse,3.0,339.01,0.0,109.35,0.15,261.22,None,Cash,Completed,Rep B,1278.92,
ORD-0003379,C10781,2025-12-25 00:00:00,Priya,Mthembu,Bloemfontein,Corporate,Online,Headset,4.0,2234.04,0.0,89.5,0.15,1324.85,None,Mobile Wallet,Completed,,10366.08,
ORD-0000275,C11092,2025-11-02 00:00:00,Zanele,Smith,Pretoria,Small Business, online ,Monitor,1.0,7924.83,0.0,128.12,0.15,5769.6,None,Bank Transfer,Cancelled,,9241.67,
ORD-0004434,C11865,2025-03-21 00:00:00,Andile,Williams,Port Elizabeth,Consumer,Online,Router,8.0,2306.01,0.0,98.54,0.15,1348.38,None,Card,Cancelled,,21313.84,
ORD-0005446,C10104,2024-12-31 00:00:00,Nomsa,Pillay,Polokwane,Consumer,Online,Tablet,2.0,8413.38,0.0,142.03,0.15,7073.11,None,EFT,Cancelled,,19492.81,
ORD-0003462,C12291,2024-05-14 00:00:00,Thabo,Botha,Cape Town,Consumer,Phone,Headset,1.0,1982.08,0.15,165.3,0.15,1204.39, summer sale ,EFT,Completed,,2102.79,
ORD-0004774,C12000,2024-11-27 00:00:00,Kabelo,Mokoena,Pretoria,Consumer,Online,Printer,2.0,3395.91,0.0,157.66,0.15,2376.34,None,Card,Completed,,7968.25,
ORD-0005839,C11718,2024-03-14 00:00:00,Ryan,Molefe,Pretoria,Consumer,Online,Keyboard,2.0,1490.36,0.0,59.17,0.14,980.29,Back to School,Card,Completed,,3457.19,
ORD-0004673,C11665,2024-03-21 00:00:00,Sipho,Williams,Benoni,Consumer,Online,Tablet,1.0,6841.05,0.15,116.99,,5483.28,Back to School,Card,Completed,,6804.11,
ORD-0003547,C10378,2024-02-24 00:00:00,Daniel,Patel,Pretoria,Corporate,Online,Monitor,1.0,3508.33,0%,69.53,0.15,2396.43,None,Cash,Cancelled,,4104.11,
ORD-0000271,C10795,2025-01-21 00:00:00,Aisha,Botha,Johannesburg,Consumer,Marketplace,Tablet,1.0,9800.42,0.15,214.09,0.0,5820.53,None,Card,Returned,,8544.45,
ORD-0001085,C12901,2024-02-06 00:00:00,Lerato,Naidoo,Gqeberha,Consumer,Online,Tablet,7.0,9306.7,0.08,55.31,0.15,6487.8,None,EFT,Cancelled,,68980.72,
ORD-0002181,C10656,2024-11-16 00:00:00,Thabo,Naidoo,Durban,Consumer,Marketplace,Laptop,3.0,10602.72,0.1,137.89,0.15,6862.16,None,Card,Completed,,33059.35,
ORD-0000821,C10675,2024-04-01 00:00:00,Daniel,Botha,Johannesburg,Consumer,Phone,Laptop,4.0,12851.99,0.03,80.57,0.15,10035.43,None,Bank Transfer,Completed,,57426.16,
ORD-0002801,C10089,2025-01-12 00:00:00,Siyanda,Botha,Bloemfontein,Small Business,Online,SSD,1.0,3090.97,0.1,141.55,0.15,2590.75,None,Cash,Cancelled,,3340.7,
ORD-0004784,C10951,2024-12-10 00:00:00,Kabelo,Khumalo,Polokwane,Consumer,Online,Docking Station,3.0,,0.0,0.08,0.15,2968.69,None,Bank Transfer,Completed,,14206.39,
ORD-0004274,C11824,2024-07-11 00:00:00,Daniel,Patel,Cape Town,Small Business,Store,Webcam,10.0,2296.73,0.1,44.11,0.14,1693.39,None,Card,Completed,Rep B,23608.59,
ORD-0005412,C12734,2024-03-19 00:00:00,Naledi,Dlamini,Johannesburg,Consumer,Store,Monitor,1.0,2025.94,0.03,178.37,0.15,1365.2,Clearance,Card,Completed,Rep D,2438.31,
ORD-0002194,C12766,2025-10-24 00:00:00,Sipho,Williams,Bloemfontein,Corporate,Online,Headset,1.0,561.29,0.05,57.72,0.15,359.36,Black Friday,EFT,Cancelled,,670.93,
ORD-0000567,C11218,2024-10-08 00:00:00,Megan,Williams,Johannesburg,Consumer,Online,Laptop,1.0,21885.9,0.15,163.64,0.15,15633.73,None, eft ,Returned,,21557.11,
ORD-0003338,C10013,2025-02-27 00:00:00,Thabo,Botha,Polokwane,Consumer,Marketplace,Printer,2.0,2352.69,0.2,52.86,0.15,1471.48,Summer Sale,Cash,Pending,,4381.81,
ORD-0001880,C10149,2025-10-31 00:00:00,Siyanda,Patel,Johannesburg,Consumer,Online,Monitor,2.0,3951.32,0.03,94.59,0.15,2882.77,Back to School,EFT,Completed,,8909.99,
ORD-0005823,C12304,2024-12-08 00:00:00,Chloe,Nkosi,Johannesburg,Consumer,Marketplace,Monitor,3.0,4925.99,0.15,133.08,0.15,3725.58,Payday Promo,Card,Completed,,14578.56,
ORD-0005773,C10790,2025-02-28 00:00:00,Sipho,Pillay,Cape Town,Consumer,Marketplace,Headset,3.0,2004.83,0.05,106.71,0.15,1449.63,None,Card,Returned,,6677.55,
ORD-0001706,C11987,2025-04-22 00:00:00,Jason,Khumalo,Bloemfontein,Small Business,Phone,Headset,6.0,564.48,0.15,64.87,0.15,460.21,None,Mobile Wallet,Pending,,3375.54,
ORD-0001667,C11966,2024-08-31 00:00:00,Kabelo,Naidoo,Gqeberha,Consumer,Marketplace,Tablet,6.0,9949.53,0.0,76.95,0.15,8504.58,None,Card,Pending,,68728.71,
ORD-0004611,C12297,2025-03-08 00:00:00,Priya,Nkosi,Johannesburg,Consumer,Online,Keyboard,2.0,1681.61,0.05,165.57,0.15,990.29,Payday Promo,Card,Pending,,3839.89,
ORD-0001874,C11634,2025-11-19 00:00:00,Mpho,Patel,Gqeberha,Consumer,Marketplace,Keyboard,2.0,1080.15,0.0,146.49,0.15,828.95,New Customer,Card,Cancelled,,2630.84,
ORD-0001593,C11037,2025-04-10 00:00:00,Ryan,Nkosi,Cape Town,Consumer,Phone,Webcam,1.0,1067.25,0.2,49.37,0.15,700.98,None,Card,Completed,,1031.23,
ORD-0001330,C10792,2024-11-17 00:00:00,Fatima,Botha,Gqeberha,Corporate,Store,Laptop,2.0,8663.52,0.05,56.13,0.15,5262.13,None,EFT,Pending,Rep A,18985.91,
ORD-0004191,C12982,2024-11-16 00:00:00,Sipho,Mthembu,Johannesburg,Consumer,Online,SSD,2.0,3105.99,0.0,52.75,0.15,2204.75,None,Card,Returned,,7196.52,
ORD-0003063,C11075,2024-09-25 00:00:00,Thabo,Naidoo,Benoni,Consumer,Online, webcam ,1.0,487.79,0.1,98.98,0.15,317.76,None,EFT,Completed,,603.85,
ORD-0002512,C11441,2025-06-05 00:00:00,Ryan,Molefe,Benoni, corporate ,Online,Headset,2.0,1450.97,0.1,100.67,0.15,1022.72,Summer Sale,Cash,Returned,,3104.17,
ORD-0000642,C10568,2024-06-25 00:00:00,Kabelo,Khumalo,Pretoria,Consumer,Online,Office Chair,1.0,7424.09,0.05,124.54,0.15,4871.73,None,EFT,Pending,,8235.35,
ORD-0000482,C12193,2024-06-04 00:00:00,Priya,Botha,Pretoria,Consumer,Phone,Headset,3.0,974.17,0.1,6.3,0.15,809.16,None,EFT,Returned,,3031.09,2922.51
ORD-0001038,C10438,2024-04-28 00:00:00,Fatima,Molefe,Johannesburg,Consumer,Online,Keyboard,1.0,494.25,0.05,115.63,0.15,404.92,Summer Sale,Mobile Wallet,Completed,,655.6,
ORD-0003002,C12964,2024-02-26 00:00:00,Ryan,Mthembu,Johannesburg,Consumer,Online,SSD,5.0,3881.23,0.08,145.54,0.15,2832.38,None,Card,Completed,,20677.26,
ORD 0000639,C12257,2024-09-01 00:00:00,Kabelo,Khumalo,Pretoria,Corporate,Phone,Webcam,1.0,1359.76,0.08,101.62,0.15,1154.41,Black Friday,Card,Returned,,1540.25,
ORD-0002378,C12964,2024-04-14 00:00:00,Zanele,Pillay,Johannesburg,Corporate,Store,Mouse,6.0,1389.23,0.1,14.54,0.0,1092.49,None,Bank Transfer,Pending,Rep D,7516.38,
ORD-0005344,C12046,2025-02-20 00:00:00,Andile,Patel,Gqeberha,Consumer,Store,Mouse,4.0,226.15,0.05,120.42,0.15,174.35,None,Card,Completed,Rep B,1108.7,
ORD-0005322,C12900,2024-02-06 00:00:00,Siyanda,Mthembu,Nelspruit,Small Business,Marketplace,Tablet,2.0,3529.17,0.2,178.73,0.14,2106.49,None,Card,Completed,,6615.94,
ORD-0002330,C11983,2025-01-18 00:00:00,Fatima,Patel,Benoni,Consumer,Online,Webcam,1.0,2019.07,0.15,170.68,0.14,1231.28,Black Friday,EFT,Completed,,2127.16,
ORD 0001665,C12184,2024-09-17 00:00:00,Ryan,Molefe,Bloemfontein,Small Business,Online,Printer,1.0,2098.21,0.0,44.31,0.15,1755.7,Summer Sale,Bank Transfer,Pending,,2457.24,2098.21
ORD-0000218,C12308,2024-08-12 00:00:00,Mpho,Patel,Johannesburg,Small Business,Store,Tablet,4.0,5605.58,0.1,96.58,0.15,4392.26,New Customer,EFT,Completed,Rep E,23303.68,
ORD-0001691,C10563,2025-01-29 00:00:00,,Nkosi,Johannesburg,Corporate,Online,Monitor,1.0,3167.01,0.05,89.63,0.15,2307.47,None,Card,Pending,,3549.59,
ORD-0003478,C11264,2025-07-18 00:00:00,Aisha,Williams,Nelspruit,Consumer,Marketplace,Mouse,4.0,1021.22,0.1,24.58,0.15,682.91,Clearance,Cash,Pending,,4252.42,
ORD-0005384,C11963,2025-11-01 00:00:00,Kabelo,Molefe,Johannesburg, consumer ,Online,Keyboard,1.0,1141.66,0.1,176.09,0.15,783.2,None,Card,Completed,,1357.71,
ORD-0004009,C10527,2025-08-19 00:00:00,Nomsa,Williams,Pretoria,Consumer,Store,Printer,3.0,3795.25,0.05,137.83,0.15,2975.72,None,EFT,Cancelled,Rep E,12576.77,
ORD-0002183,C10549,2024-07-26 00:00:00,Aisha,Williams,Polokwane,Consumer,Online,Docking Station,1.0,3231.33,0.0,33.73,0.15,2274.5,Back to School,Card,Completed,,3749.76,
ORD-0004524,C13000,2025-12-19 00:00:00,Lerato,Molefe,Durban,Consumer,Store,Keyboard,6.0,307.85,0.03,13.83,0.15,200.22,Payday Promo,Card,Returned,Rep C,2074.28,
ORD-0001838,C11943,2024-12-26 00:00:00,Daniel,Molefe,Gqeberha,Consumer,Online,Webcam,3.0,1319.79,0.03,121.26,0.15,823.13,Clearance,Card,Pending,,4537.94,
ORD-0001111,C12766,2024-10-11 00:00:00,Chloe,Williams,Polokwane,Small Business,Online,Mouse,2.0,994.88,0.2,49.79,0.15,764.31,Black Friday,Mobile Wallet,Completed,,1880.37,
ORD-0001692,C10056,2025-03-17 00:00:00,Kabelo,Mthembu,Gqeberha,Corporate,Online,SSD,1.0,1175.87,0.0,91.77,0.15,796.18,None,Bank Transfer,Completed,,1444.02,
ORD-0003962,C10570,2024-12-15 00:00:00,Fatima,Nkosi,Durban,Corporate,Online,Headset,4.0,2655.27,0.08,109.74,0.15,2178.12,Payday Promo,Card,Returned,,11346.85,
ORD-0001977,C10632,2024-11-19 00:00:00,Sipho,Botha, durban ,Small Business,Online,Office Chair,1.0,6651.26,0.05,56.86,0.15,4874.48,Clearance,Bank Transfer,Cancelled,,7323.35,
ORD-0001837,C10828,2024-06-10 00:00:00,Jason,Molefe,Pretoria,Consumer,Phone,Headset,2.0,2626.21,0.15,77.58,0.15,1890.69,Payday Promo,Cash,Completed,,5211.81,
ORD-0001444,C12013,2025-05-07 00:00:00,Daniel,Botha,Pretoria,Consumer,Online,Headset,6.0,2704.64,0.08,23.25,0.15,2077.37,New Customer,Card,Completed,,17192.32,
ORD-0005829,C11606,2024-05-23 00:00:00,Aisha,Naidoo,Bloemfontein,Corporate,Store,Laptop,2.0,10956.22,0.0,90.06,0.15,8933.49,None,Card,Returned,Rep E,25289.37,
ORD-0005211,C10379,2025-11-17 00:00:00,Sipho,Botha,Johannesburg,Consumer,Store,Monitor,1.0,2238.03,0.03,201.33,0.15,1701.35,None,Cash,Completed,Rep A,2697.85,
ORD 0002172,C10085,2024-01-06 00:00:00,Fatima,Khumalo,Polokwane,Small Business,Online,Laptop,2.0,,0.1,79.96,0.0,11612.47,Clearance,Mobile Wallet,Completed,,33905.65,
ORD-0002753,C10483,2024-03-19 00:00:00,Naledi,Pillay,Johannesburg,Consumer,Store,Webcam,,1312.13,0.0,74.22,0.15,1090.14,Payday Promo,EFT,Pending,Rep A,1583.18,
ORD-0003509,C10055,2024-05-06 00:00:00,Daniel,Molefe,Nelspruit,Small Business,Phone,Mouse,2.0,845.44,0.1,33.55,0.15,587.87,Clearance,Card,Returned,,1783.61,
ORD-0002676,C12395,2024-07-25 00:00:00,Siyanda,Khumalo,Durban,Corporate,Online,Keyboard,5.0,2003.33,0.05,58.97,0.15,1368.15,Payday Promo,Bank Transfer,Completed,,11002.18,
ORD-0000133,C10818,2024-04-29 00:00:00,Kabelo,Dlamini,Polokwane,Corporate,Phone,Headset,1.0,2789.1,0.08,109.92,0.0,2387.43, none ,EFT,Completed,,2675.89,
ORD-0004606,C11071,2025-03-21 00:00:00,Chloe,Smith,Johannesburg,Corporate,Online,Headset,1.0,1646.35,0.08,198.0,0.0,1013.1,Payday Promo,Card,Returned,,1712.64,
ORD-0002979,C11732,2024-06-26 00:00:00,Sipho,Mokoena,Johannesburg,Corporate,Online,Mouse,1.0,1297.98,0.0,195.27,0.15,964.67,None,Cash,Completed,,1687.95,
ORD-0004272,C12982,2025-02-19 00:00:00,Jason,Molefe,Polokwane,Consumer, online ,Tablet,2.0,10474.82,0.03,171.33,0.15,6526.5,None,Card,Completed,,30975.91,
ORD-0002032,C11261,2024-12-13 00:00:00,Andile,Patel,Cape Town,Consumer,Online,Monitor,7.0,6986.83,0.05,27.47,0.15,4234.58,None,Bank Transfer,Returned,,53459.28,
ORD-0005165,C10773,2025-04-13 00:00:00,Fatima,Pillay,Johannesburg,Corporate,Online,Printer,2.0,1853.17,0.25,123.37,0.15,1325.24,None,Card,Cancelled,,3320.08,
ORD-0000604,C12915,2024-09-14 00:00:00,Nomsa,Pillay,Nelspruit,Consumer,Online,Monitor,3.0,4767.36,0.0,22.72,0.15,3713.14,Summer Sale,Card,Pending,,16470.11,
ORD-0001965,C10979,2025-09-08 00:00:00,Thabo,Nkosi,,Small business,Phone,Mouse,6.0,818.92,0.1,76.6,0.0,538.6, none ,Bank Transfer,Completed,,4498.79,
ORD-0001557,C12051,2024-02-23 00:00:00,Megan,Molefe,Johannesburg,Small Business,Online,Monitor,1.0,3607.75,0.0,183.82,0.15,2915.53,Summer Sale,Card,Completed,,4332.74,
ORD-0005274,C12357,2024-05-03 00:00:00,Daniel,Patel,Johannesburg,Small Business,Online,Router,1.0,3048.42,0.1,95.62,0.15,2119.71,Back to School,Mobile Wallet,Completed,,3250.73,
ORD-0004312,C10788,2025-02-05 00:00:00,Priya,Nkosi,Johannesburg,Consumer,Online,Printer,1.0,5952.06,0.0,73.25,0.15,3641.15,New Customer,Bank Transfer,Completed,,6918.12,
ORD-0002723,C12321,2024-02-22 00:00:00,Zanele,Nkosi,Polokwane,Consumer,Online,Webcam,3.0,1807.99,0.25,63.23,0.15,1084.91,None, card ,Completed,,4741.41,
ORD-0004457,C11180,2024-07-20 00:00:00,Ryan,Dlamini,Pretoria,Consumer,Phone,Printer,1.0,6447.36,0.05,157.16,0.15,4005.0,None,Cash,Completed,,7200.9,
ORD-0004922,C12053,2024-03-11 00:00:00,Zanele,Williams,Pretoria,Small Business,Marketplace,Router,1.0,2639.08,0.15,53.63,0.15,1908.42,Back to School,Card,Cancelled,,2633.33,
ORD-0003523,C12540,2025-06-10 00:00:00,Chloe,Dlamini,Benoni,Consumer,Marketplace,Laptop,1.0,15484.76,0.03,159.56,0.15,12803.27,None,Card,Returned,,17432.81,
ORD-0003417,C12934,2025-02-10 00:00:00,Aisha,Patel,Polokwane,,Online,Headset,5.0,1687.75,0.03,116.99,0.0,1201.01,None,Card,Completed,,8302.57,
ORD-0001608,C12429,2024-11-16 00:00:00,Daniel,Naidoo,Benoni,Small Business,Online,Headset,1.0,2322.72,0.0,101.67,0.14,1499.12,None,Card,Completed,,2749.56,
ORD-0002833,C11971,2024-09-10 00:00:00,Chloe,Smith,Polokwane,Consumer,Online,Headset,1.0,606.15,0.0,160.27,0.15,445.86,Payday Promo,Mobile Wallet,Completed,,857.35,
ORD-0000405,C10500,2024-09-29 00:00:00,Priya,Smith,Johannesburg,Consumer,Online,Headset,6.0,2425.07,0.15,75.01,0.15,1970.17,Summer Sale,Card,Completed,,14298.04,
ORD-0000366,C11468,2024-11-12 00:00:00,Priya,Williams,Cape Town,Consumer,Online,Headset,1.0,1729.88,0.0,57.19,0.15,1280.59,New Customer,Bank Transfer,Returned,,2046.56,
ORD-0003047,C10276,2024-03-28 00:00:00,Priya,Mokoena,Cape Town,Small Business,Store,Headset,2.0,1437.53,0.05,218.18,0.15,1153.45,None,Card,Completed,Rep D,3359.18,
ORD-0001783,C11068,2024-10-20 00:00:00,Ryan,Mthembu,Cape Town,Corporate,Online,Mouse,1.0,328.0,0.0,150.75,0.15,206.58,None,EFT,Completed,,527.95,
ORD-0002982,C11973,2024-09-07 00:00:00,Ryan,Khumalo,Polokwane,Consumer,Marketplace,Docking Station,3.0,1671.62,0.0,94.64,0.15,1369.76,Payday Promo,Card,Completed,,5861.73,
ORD-0005482,C12450,2025-03-18 00:00:00,Andile,Mthembu,Johannesburg,Corporate,Online,Printer,1.0,"R 4,997.80",0.2,202.24,0.15,3478.28,Payday Promo,Bank Transfer,Cancelled,,4800.21,
ORD-0005264,C10136,2025-12-05 00:00:00,Sipho,Nkosi,Johannesburg,Corporate,Phone,Monitor,1.0,5388.6,0.05,93.45,0.15,3549.25,None,EFT,Completed,,5980.49,
ORD-0001319,C11214,2024-07-02 00:00:00,Siyanda,Molefe,Gqeberha,Consumer,Marketplace,Webcam,5.0,584.44,0.08,132.75,0.0,374.75,None,Card,Completed,,2821.16,
ORD-0001439,C10643,2024-04-16 00:00:00,Jason,Botha, johannesburg ,Consumer,Store,Keyboard,1.0,1446.04,0.03,206.15,0.15,855.03,Payday Promo, card ,Completed,Rep C,1819.2,
ORD-0000185,C12890,2024-01-29 00:00:00,Naledi,Khumalo,Pretoria,Consumer,Online,Laptop,1.0,21171.85,0.03,217.06,0.15,14291.49,Black Friday,Bank Transfer, pending ,,23834.26,
ORD-0004044,C11465,2024-06-28 00:00:00,Kabelo,Naidoo,Polokwane,Small Business,Store,Docking Station,10.0,4255.98,0.0,1.74,0.15,3645.79,None,Card,Completed,Rep A,48945.53,
ORD-0001624,C11569,2024-12-29 00:00:00,Fatima,Williams,Pretoria,Consumer,Phone,Tablet,3.0,8984.55,0.0,120.37,0.15,6790.08,None,Card,Completed,,31117.08,
ORD-0001394,C10004,2024-04-21 00:00:00,Chloe,Khumalo,Pretoria,Corporate,Online,,2.0,2261.91,0.0,124.14,0.15,1458.96,Summer Sale,Card,Completed,,5326.54,
ORD-0005743,C10311,2024-01-12 00:00:00,Nomsa,Dlamini,Pretoria,Corporate,Online,Monitor,6.0,3124.25,0.0,112.92,0.15,2663.72,None,Bank Transfer,Completed,,21670.26,
ORD-0004122,C11068,2025-05-02 00:00:00,Ryan,Smith,Cape Town,Consumer,Online,Mouse,1.0,1326.87,0.05,85.84,0.15,951.85,None,Card,Returned,,1535.44,
ORD-0003123,C12528,2025-12-11 00:00:00,Daniel,Molefe,Johannesburg,Consumer,Store,Laptop,3.0,8856.74,0.05,57.11,0.15,6152.45,Payday Promo,Card,Cancelled,Rep A,29085.08,
ORD-0003080,C11717,2024-09-04 00:00:00,Zanele,Williams,Nelspruit,Consumer,Online,Headset,1.0,1639.24,0.03,167.74,0.0,1283.05,None,Card,Pending,,1757.8,
ORD-0001767,C12504,2025-09-23 00:00:00,Zanele,Smith,Johannesburg,Consumer,Online,Router,1.0,3103.66,0.1,175.22,0.15,2139.03,None,EFT,Completed,,3387.51,
ORD-0004662,C11069,2025-09-30 00:00:00,Kabelo,Botha,Cape Town,Consumer,Marketplace,SSD,5.0,1877.3,0.1,138.14,0.15,1164.36,None,Card,Returned,,9853.19,
ORD-0004767,C12140,2025-06-29 00:00:00,Ryan,Botha,Cape Town,Consumer,Online,Printer,4.0,5338.12,0.05,145.32,0.15,3799.04,None,Card,Completed,,23472.9,
ORD-0004739,C12406,2025-04-12 00:00:00,Thabo,Mthembu,Johannesburg,Corporate,Marketplace,Office Chair,5.0,8272.35,0.05,27.43,0.15,4944.27,None,Card,Completed,,45215.14,
ORD-0002542,C10389,2025-06-27 00:00:00,Naledi,Nkosi,Johannesburg,Consumer,Store,Dock station,2.0,1370.24,0.08,204.43,0.15,888.18,Clearance,Card,Pending,Rep C,3103.86,
ORD-0002830,C12145,2025-08-24 00:00:00,Zanele,Khumalo,Cape Town,Small Business,Online,Keyboard,3.0,1377.54,0.08,42.38,0.15,983.43, summer sale ,EFT,Completed,,4414.69,
ORD-0005315,C10485,2025-07-25 00:00:00,Ryan,Naidoo,Nelspruit,Consumer,Phone,Router,7.0,3634.48,0.08,3.93,0.15,2248.86,None,Card,Completed,,26920.91,
ORD-0002400,C12089,2025-08-05 00:00:00,Priya,Pillay,Pretoria,Consumer,Phone,Mouse,3.0,1358.14,0.2,130.01,0.15,1040.03,Payday Promo,EFT,Completed,,3878.47,
ORD-0001443,C10395,2024-03-15 00:00:00,Siyanda,Mthembu,Benoni, consumer ,Online,Keyboard,1.0,384.95,0.05,191.38,0.15,233.13,Black Friday,EFT,Returned,,611.94,
ORD-0005269,C11514,2024-11-09 00:00:00,Siyanda,Williams,Nelspruit,Consumer,Marketplace,Monitor,7.0,7140.82,0.0,104.97,0.15,4902.09,None,Mobile Wallet,Completed,,57588.56,
ORD-0003162,C12486,2024-09-23 00:00:00,Mpho,Dlamini,Pretoria,Consumer,Store,Router,2.0,3691.11,0.05,105.12,0.15,2794.24,Summer Sale,Cash,Completed,Rep A,8170.19,
ORD-0001148,C12477,2025-08-11 00:00:00,Aisha,Naidoo,Cape Town,Corporate,Online,Keyboard,5.0,1603.92,0.03,119.65,0.0,1029.77,Summer Sale,Cash,Returned,,7898.65,
ORD-0004924,C10601,2024-04-07 00:00:00,Aisha,Patel,Johannesburg,Corporate,Online,Printer,4.0,3145.16,0.05,2.2,0.15,1891.47,None,Mobile Wallet,Completed,,13746.57,
ORD-0002187,C10820,2024-12-20 00:00:00,Chloe,Smith,Johannesburg,Small Business,Online,Headset,2.0,1274.59,0.0,119.48,0.15,935.22,None,Card,Completed,,3051.05,
ORD-0004972,C10495,2025-04-02 00:00:00,Ryan,Naidoo,Nelspruit,Consumer,Marketplace,Headset,1.0,2306.38,0.0,67.35,0.15,1411.9,None,EFT,Cancelled,,2719.69,
ORD-0000499,C12517,2025-03-29 00:00:00,Aisha,Patel,Benoni,Consumer,Online,Laptop,2.0,17104.58,0.1,115.33,0.15,12496.32,Back to School,Card,Returned,,35521.8,
ORD-0003129,C11721,2025-11-10 00:00:00,Lerato,Khumalo,Cape Town,Consumer,Phone,Webcam,1.0,1362.18,0.03,63.94,0.0,984.55,New Customer,Card,Completed,,1385.25,
ORD-0001130,C10471,2024-05-01 00:00:00,Nomsa,Naidoo,Gqeberha,Consumer,Online,SSD,4.0,1346.76,0.0,89.02,0.15,876.39,Summer Sale,Card,Pending,,6284.11,
ORD-0005492,C12927,2025-11-30 00:00:00,Priya,Williams,Johannesburg,Consumer, marketplace ,Mouse,3.0,938.32,0.2,39.4,0.15,754.85,Summer Sale,Bank Transfer,Completed,,2629.15,2814.96
ORD-0001516,C10319,2024-03-06 00:00:00,Andile,Patel,Benoni,Consumer,Marketplace,Webcam,2.0,960.03,0.0,116.61,0.15,760.98,None,Cash,Completed,,2324.67,
ORD-0003037,C11259,2024-10-14 00:00:00,Naledi,Naidoo,Cape Town,Consumer,Phone,Mouse,1.0,503.29,0.1,130.53,0.14,355.93,None,EFT,Completed,,646.9,
ORD-0001392,C12068,2025-10-26 00:00:00,Kabelo,Smith,Nelspruit,Corporate,Phone,Printer,2.0,3394.78,0.03,196.57,0.15,2524.58,None,Card,Completed,,7770.33,
ORD-0003013,C11610,2024-03-23 00:00:00,Ryan,Mokoena,Johannesburg,Corporate,Store,Laptop,5.0,11483.0,0.0,77.75,0.15,9124.28,None,Card,Cancelled,Rep A,66105.0,
ORD-0005305,C12228,2024-03-25 00:00:00,Fatima,Pillay,Pretoria,Small Business,Online,Tablet,2.0,4254.54,0.15,162.62,0.14,2919.32,None,Card,Completed,,8407.92,
ORD-0001011,C12172,2025-02-18 00:00:00,Kabelo,Smith,Gqeberha,Consumer,Store,Laptop,2.0,9588.63,0.0,37.72,0.15,6967.91,None,Bank Transfer,Returned,Rep E,22091.57,
ORD-0004616,C11129,2024-07-11 00:00:00,Daniel,Mthembu,Bloemfontein,Consumer,Online,Headset,,1376.24,0.15,85.84,0.15,813.51,Black Friday,Mobile Wallet,Cancelled,,5466.95,
ORD-0003354,C11726,2025-11-17 00:00:00,Kabelo,Mthembu,Benoni,Consumer,Store,Mouse,10.0,839.57,0.0,83.6,0.15,489.78,None,Card,Completed,Rep A,9738.63,
ORD-0003755,C10227,2024-01-30 00:00:00,Thabo,Khumalo,Cape Town,Consumer,Online,Webcam,2.0,1937.25,0.2,113.51,0.15,1616.64,None,Card,Cancelled,,3678.06,
ORD-0001288,C11158,2025-04-09 00:00:00,Lerato,Molefe,Durban,Consumer,Phone,Monitor,1.0,2050.01,0.2,116.06,0.15,1335.51,None,Card,Pending,,2002.06,
ORD-0004539,C10275,2025-01-04 00:00:00,Thabo,Smith,Polokwane,Corporate,Store,Headset,1.0,661.33,0.15,100.46,0.15,435.27,None,Mobile Wallet,Returned,Rep C,746.91,
ORD-0001869,C12013,2025-01-07 00:00:00,Thabo,Molefe,Johannesburg,Small Business,Marketplace,Monitor,1.0,2467.4,0%,46.96,0.15,1798.26,New Customer,Card,Completed,,2884.47,
ORD-0001396,C12596,2024-03-03 00:00:00,Andile,Dlamini,Johannesburg,Consumer,Marketplace,Headset,6.0,1739.47,0.0,23.27,0.15,1434.64,None,Card,Completed,,12025.62,
ORD-0004525,C11060,2025-05-03 00:00:00,,Khumalo,Pretoria,Small Business,Online,Monitor,1.0,3363.98,5%,36.88,0.0,2442.11,None,Card,Cancelled,,3232.66,
ORD-0000769,C12945,2025-07-15 00:00:00,Siyanda,Botha,Pretoria,Consumer,Marketplace,Mouse,3.0,903.07,15%,21.9,0.15,552.73,None,EFT,Completed,,2670.16,
ORD-0005876,C12910,2024-09-03 00:00:00,Nomsa,Molefe,Bloemfontein,Small Business,Store,SSD,3.0,4161.0,0.0,54.52,0.15,3216.01,Clearance,Cash,Returned,Rep A,14409.96,
ORD-0004573,C11473,2025-05-09 00:00:00,Zanele,Dlamini,Johannesburg,Corporate,Online,Tablet,1.0,5261.7,0.08,190.31,0.15,3420.13,None,Card,Returned,,5757.19,
ORD-0005907,C12582,2024-08-24 00:00:00,Sipho,Naidoo,Polokwane,Small Business,Online,Mouse,3.0,702.72,0.08,63.67,0.15,480.95,Summer Sale,Card,Returned,,2294.11,
ORD-0004963,C12884,2024-06-10 00:00:00,Zanele,Dlamini,PE,Corporate,Online,Keyboard,1.0,1935.57,0.2,152.08,0.15,1221.24, payday promo ,EFT,Pending,,1932.8,1935.57
ORD-0004377,C11218,2025-07-18 00:00:00,Mpho,Nkosi,Durban,Consumer,Online,Docking Station,8.0,1746.78,0.15,77.54,0.15,1234.52,Payday Promo,Card,Completed,,13737.39,
ORD-0000023,C11673,2024-12-06 00:00:00,Zanele,Naidoo,Durban,Consumer,Online,Router,2.0,1705.5,0.2,110.55,0.15,1281.97,None,Card,Cancelled,,3248.68,
ORD-0003235,C10562,2025-10-04 00:00:00,Fatima,Naidoo, cape town ,Corporate,Online,Docking Station,2.0,1799.3,0.2,200.56,0.15,1301.46,Back to School,Card,Cancelled,,3511.27,
ORD-0004713,C12003,2025-07-09 00:00:00,Jason,Botha,Johannesburg,Corporate,Online,Laptop,4.0,9708.94,0.08,38.47,0.15,8047.18,None,EFT,Completed,,41126.69,
ORD-0005185,C11398,2024-09-30 00:00:00,Thabo,Smith,Bloemfontein,Corporate,Online,Monitor,1.0,2765.44,0.08,42.29,0.0,1860.43,None,Bank Transfer,Returned,,2586.49,
ORD-0000986,C11334,2024-05-26 00:00:00,Andile,Williams,Bloemfontein,Corporate,Phone,Mouse,8.0,650.58,0.08,90.3,0.15,531.02,None,Card,Cancelled,,5596.81,
ORD-0001403,C10216,2024-02-17 00:00:00,Nomsa,Molefe,Johannesburg,Consumer,Online,Headset,1.0,R 420.82,0.05,63.47,0.15,331.82,Back to School,Card,Completed,,523.22,
ORD-0002399,C11064,2025-03-14 00:00:00,Sipho,Nkosi,Polokwane,Consumer,Online,Laptop,2.0,11727.91,0.0,83.3,0.15,8165.23,Summer Sale,Card,Returned,,27057.49,
ORD-0004249,C11600,2025-04-23 00:00:00,Megan,Mthembu, durban ,Consumer,Marketplace,Keyboard,3.0,1892.95,0.15,84.97,0.15,1259.23,None,Card,Completed,,5636.05,
ORD 0001744,C11002,2025-08-11 00:00:00,Priya,Khumalo,Johannesburg,Consumer,Store,Docking Station,1.0,1371.57,0.03,130.5,0.15,1021.34,Clearance,Mobile Wallet,Completed,Rep B,1660.49,
ORD-0003711,C11506,2025-12-22 00:00:00,Ryan,Naidoo,Pretoria,Corporate,Marketplace,Headset,2.0,1926.88,0.05,77.41,0.15,1420.51,None,Card,Completed,,4287.64,
ORD-0004275,C11902,2025-10-05 00:00:00,Mpho,Patel,Johannesburg,Consumer,Online,Keyboard,2.0,337.76,0.03,63.99,0.15,287.6,Back to School,Card,Completed,,817.52,
ORD-0001939,C10038,2025-08-14 00:00:00,Zanele,Smith,Pretoria,Consumer,Marketplace,SSD,2.0,3728.64,0.0,175.68,0.15,3134.57,Black Friday,Mobile Wallet,Completed,,8751.56,
ORD-0001544,C10252,2025-04-22 00:00:00,Daniel,Naidoo,Polokwane,Consumer,Marketplace,SSD,5.0,4153.83,0.25,88.91,0.15,2544.61,None,Card,Completed,,18002.29,
ORD-0004622,C12498,2025-02-17 00:00:00,Zanele,Naidoo,Pretoria,Corporate,Online,Printer,1.0,2461.34,0.08,88.9,0.15,2082.47,New Customer,Card,Returned,,2693.0,
ORD-0002816,C10184,2024-11-27 00:00:00,Naledi,Molefe,Nelspruit,Consumer,Phone,Laptop,2.0,9559.59,0.1,102.39,0.15,5692.73,None,EFT,Returned,,19890.75,
ORD-0005308,C10406,2024-04-05 00:00:00,Jason,Williams,Polokwane,Consumer,Store,Headset,2.0,365.1,0.25,115.45,0.15,312.75,None,EFT,Returned,Rep B,745.25,
ORD-0001270,C12005,2024-06-21 00:00:00,Sipho,Khumalo,Johannesburg,SMB,Online,Mouse,2.0,1266.16,0.1,78.59,0.15,850.45,None,Card,Returned,,2699.54,
ORD-0004852,C11486,2025-12-11 00:00:00,Zanele,Pillay,Cape Town,Small Business,Online,Laptop,2.0,18055.67,0.0,155.54,0.14,12565.89,New Customer,Card,Returned,,41322.47,
ORD-0002644,C11329,2024-08-22 00:00:00,Ryan,Mthembu,Durban,Corporate,Online,Docking Station,3.0,3018.22,0.15,87.62,0.15,2083.64,None,Card,Completed,,8938.56,
ORD-0004300,C12496,2024-03-03 00:00:00,Lerato,Naidoo,Durban,Small Business,Online,Mouse,2.0,984.16,0.1,189.3,0.15,684.17,Back to School,Bank Transfer,Completed,,2226.52,
ORD-0003206,C10799,2025-09-06 00:00:00,Sipho,Smith,Gqeberha,Consumer,Phone,Laptop,6.0,8964.93,0.05,128.08,0.15,5734.44,None,Card,Completed,,58893.2,
ORD-0001000,C12085,2025-03-15 00:00:00,Chloe,Khumalo,Johannesburg,Small Business, phone ,Office Chair,1.0,4923.82,0.25,82.15,0.0,3645.9,None,Bank Transfer,Completed,,3775.01,
ORD-0004912,C12242,2025-10-17 00:00:00,Sipho,Mthembu,Cape Town,Consumer,Store,Monitor,2.0,4204.78,0.1,121.34,0.15,3592.36,None,Card,Pending,Rep B,8825.24,
ORD-0005042,C11278,2024-03-31 00:00:00,Mpho,Khumalo,Johannesburg,Consumer,Online,SSD,7.0,4036.4,0.2,46.35,0.15,2731.24,None,Bank Transfer,Pending,,26040.74,
ORD-0005757,C11881,2025-12-18 00:00:00,Naledi,Williams,Cape Town,Consumer,Online,SSD,6.0,3270.96,0.03,53.54,0.14,1961.67,Summer Sale,Bank Transfer,Pending,,21755.7,
ORD-0000574,C11835,2024-04-08 00:00:00,Andile,Patel,Gqeberha,Corporate,Store,Tablet,1.0,5363.75,0.05,193.23,0.15,3674.48,Payday Promo,EFT,Completed,Rep A,6053.13,
ORD-0003629,C11633,2025-08-09 00:00:00,Priya,Mokoena,Cape Town,Corporate,Online,Laptop,3.0,9303.91,0.08,138.07,0.15,7637.95,Payday Promo,Card,Cancelled,,29668.67,
ORD-0003454,C10448,2024-05-12 00:00:00,Aisha,Mokoena,Pretoria,Corporate,Marketplace,Monitor,1.0,7914.91,0.1,213.25,0.15,5501.88,None,Bank Transfer,Pending,,8405.18,
ORD-0001702,C12588,2024-09-15 00:00:00,Jason,Khumalo,Johannesburg,Consumer,Store,Mouse,6.0,872.65,0.0,100.89,0.15,615.97,None,Card,Cancelled,Rep E,6122.19,
ORD-0001540,C11217,2024-04-17 00:00:00,Mpho,Nkosi,Pretoria,Consumer,Online,Laptop,2.0,19683.1,0.0,196.73,0.15,11712.37,None,Cash,Completed,,45467.85,
ORD-0002547,C12916,2024-02-24 00:00:00,Lerato,Nkosi,Bloemfontein,Corporate,Online,Laptop,2.0,10291.1,0.0,89.61,0.15,8847.76,New Customer,Mobile Wallet,Completed,,23759.14,
ORD-0001496,C11582,2025-04-28 00:00:00,,Botha,Nelspruit,Consumer,Marketplace,Laptop,1.0,14719.19,0.08,42.3,0.15,12319.6,None,Bank Transfer,Completed,,15615.2,
ORD-0005891,C10618,2025-03-26 00:00:00,Mpho,Botha,Durban,Consumer,Online,Keyboard,6.0,2021.87,0.0,67.11,0.15,1675.14,None,Card,Completed,,14018.01,
ORD-0000756,C12624,2024-04-15 00:00:00,Siyanda,Mokoena,Nelspruit,Consumer,Marketplace,Keyboard,1.0,1239.36,0.1,87.27,0.15,996.77,Clearance,Bank Transfer,Completed,,1370.01,
ORD-0004479,C11860,2024-03-09 00:00:00,Megan,Molefe,Johannesburg,Small Business,Online,Keyboard,3.0,327.59,0.2,73.23,0.15,225.75,Back to School,Mobile Wallet,Completed,,977.38,
ORD-0000694,C12907,2025-07-26 00:00:00,Mpho,Pillay,Pretoria,Small Business,Phone,Webcam,1.0,1569.15,0.1,165.06,0.15,1250.98,None,Card,Completed,,1789.14,
ORD-0003860,C10992,2025-04-01 00:00:00,Priya,Patel,Johannesburg,Consumer,Online,Keyboard,1.0,1587.14,0.05,106.47,0.0,1098.6,None,Card,Completed,,1614.26,
ORD-0003381,C12709,2025-11-14 00:00:00,Aisha,Dlamini,Gqeberha,Consumer,Online,Mouse,55.0,1270.12,0.2,103.09,0.15,790.68,None,Card,Pending,,3608.62,
ORD-0001704,C11021,2025-11-14 00:00:00,Mpho,Pillay,Bloemfontein,Consumer,Marketplace,Laptop,4.0,17318.07,0.0,74.75,0.15,13645.13,None,EFT,Completed,,79737.88,
ORD-0001483,C11136,2025-11-21 00:00:00,Fatima,Dlamini,Durban,Corporate,Online,Headset,3.0,1771.44,0.1,55.86,0.15,1443.43,None,EFT,Completed,,5556.18,
ORD-0003193,C12347,2025-11-05 00:00:00,Mpho,Khumalo,Benoni,Corporate,Store,Webcam,5.0,2236.27,0.2,124.26,0.15,1889.55,Summer Sale,EFT,Pending,Rep C,10411.12,
ORD-0004489,C11492,2025-09-28 00:00:00,Siyanda,Mokoena,Johannesburg,Consumer,Marketplace,Docking Station,4.0,3980.74,0.0,140.71,,2934.08,Black Friday,Cash,Completed,,18452.1,
ORD-0001293,C11706,2025-03-14 00:00:00,Jason,Khumalo,Johannesburg,Consumer,Online,Printer,1.0,3720.2,0.15,32.24,0.15,2448.37,Black Friday,Card,Cancelled,,3668.73,
ORD-0000589,C10246,2024-01-01 00:00:00,Thabo,Mthembu,Pretoria,Consumer,Online,Laptop,6.0,19604.16,0.03,89.47,0.0,11898.17,Black Friday,Card,Completed,,114185.65,
ORD-0001522,C10024,2025-12-11 00:00:00,Megan,Williams,Polokwane,Corporate,Marketplace,Printer,5.0,3367.19,0.03,148.44,0.14,2662.95,Payday Promo,Cash,Completed,,18765.61,
ORD-0003529,C12753,2025-07-28 00:00:00,Daniel,Molefe,Johannesburg,Consumer,Online,Keyboard,1.0,789.2,0.1,201.66,0.15,670.43,Clearance,Card,Returned,,1018.49,789.2
ORD-0000539,C11168,2024-04-17 00:00:00,Andile,Khumalo,Gqeberha,Consumer,Online,Keyboard,6.0,328.14,0.15,8.94,0.15,270.41,None,Card,Returned,,1933.46,
ORD-0005296,C12987,2025-04-27 00:00:00,Fatima,Mthembu,Bloemfontein,Small Business,Marketplace,Office Chair,2.0,5207.23,0.0,121.56,0.14,4432.72,Back to School,EFT,Completed,,11994.04,
ORD-0003459,UNKNOWN-19,2024-09-03 00:00:00,Daniel,Botha,Pretoria,Small Business,Online,Keyboard,2.0,1006.46,0.1,209.43,0.15,659.5,Payday Promo,EFT,Pending,,2292.81,
ORD-0001441,C10330,2024-04-23 00:00:00,Andile,Molefe,Johannesburg,Corporate,Online,Monitor,1.0,8266.7,0.08,133.64,0.15,5743.15,None,Card,Completed,,8879.81,
ORD-0000355,C12988,2025-12-04 00:00:00,Zanele,Botha,Johannesburg,Small Business,Marketplace,Laptop,3.0,16513.9,0.15,41.22,0.15,9662.86,New Customer,Card,Completed,,48468.22,
ORD-0002711,C10165,2025-11-21 00:00:00,Jason,Pillay,Polokwane,Consumer,Online,Laptop,3.0,21305.8,0.0,71.59,0.14,14636.06,None,,Completed,,72937.42,
ORD-0002169,C12372,2024-06-10 00:00:00,Megan,Patel,Gqeberha,Corporate,Online,SSD,3.0,3619.95,0.0,12.39,0.0,2407.88,Back to School,Cash,Returned,,10872.26,
ORD-0003536,C10652,2024-07-04 00:00:00,Chloe,Patel,JHB,Consumer,Phone,Headset,2.0,1954.76,0.1,218.93,0.15,1350.32,Summer Sale,Card,Returned,,4265.29,
ORD-0001294,C11926,2025-09-15 00:00:00,Chloe,Patel,Cape Town,Corporate,Marketplace,Headset,2.0,854.25,0.0,202.62,0.15,636.29,,Mobile Wallet,Completed,,2167.38,
ORD-0000016,C10574,2024-07-03 00:00:00,Thabo,Molefe,Benoni,Small Business,Online,Router,1.0,1615.13,0.1,37.16,0.15,1255.74,Payday Promo,Cash,Cancelled,,1708.82,
ORD-0001005,C10125,2024-07-06 00:00:00,Lerato,Dlamini,Bloemfontein,Corporate,Phone,Laptop,3.0,19904.66,0.2,93.17,0.15,14750.38,None,Card,Returned,,55030.03,
ORD-0002714,C11424,2024-09-27 00:00:00,Fatima,Smith,Nelspruit,Consumer,Marketplace,Monitor,7.0,5135.8,0.2,24.68,0.15,3748.19,Back to School,Card,Pending,,33099.2,
ORD-0004119,C10494,2025-08-31 00:00:00,Thabo,Pillay,Pretoria ,Consumer,Store,Router,5.0,2090.32,0.15,114.36,0.0,1217.14,None,EFT,Completed,Rep E,8998.22,
ORD-0005941,C11981,2025-09-01 00:00:00,Priya,Dlamini,Pretoria,Corporate,Online,Router,8.0,3210.91,0.25,75.49,0.15,2448.23,None,EFT,Completed,,22230.75,
ORD-0002756,C12138,2024-04-13 00:00:00,Priya,Williams,Pretoria,Corporate,Marketplace,Keyboard,4.0,1575.61,0.15,18.97,0.15,1197.34,None,Card,Returned,,6179.59,
ORD-0001072,C11527,2025-08-29 00:00:00,Mpho,Williams,Pretoria,Consumer,Marketplace,Router,2.0,3309.13,0.1,191.09,0.15,2315.22,None,Card,Completed,,7040.99,
ORD-0003669,C11136,2024-07-08 00:00:00,Andile,Botha,Cape Town,Small Business,Store,Tablet,3.0,3897.29,0.08,34.49,0.0,3054.58,None,Card,Completed,Rep E,10791.01,
ORD-0003281,C10076,2024-09-25 00:00:00,Kabelo,Pillay,Johannesburg,Consumer,Online,Mouse,10.0,800.57,0.1,148.07,0.15,530.28,None,EFT,Completed,,8433.95,
ORD-0005387,C11415,2025-10-10 00:00:00,Priya,Pillay,Johannesburg,Consumer,Online,Webcam,1.0,1750.88,0.1,166.58,0.0,1476.72,None,Card,Cancelled,,1742.37,
ORD-0002033,C11793,2025-06-16 00:00:00,Lerato,Khumalo,Cape Town,Corporate,Online,Headset,1.0,1977.46,0.08,196.46,0.15,1274.61,None,Card, completed ,,2288.61,
ORD-0003658,C12832,2024-11-07 00:00:00,Kabelo,Smith,Cape Town,Consumer,Phone,Webcam,8.0,1897.43,0.0,77.86,0.15,1298.38,None,EFT,Returned,,17377.25,
ORD-0002110,C12585,2025-11-25 00:00:00,Ryan,Pillay,Johannesburg,Corporate,Online,Office Chair,1.0,"R 3,174.34",0.05,195.15,0.15,1967.3,Black Friday,Bank Transfer,Completed,,3663.12,
ORD-0002510,C10412,2024-08-15 00:00:00,Priya,Botha,Johannesburg,Small Business,Online,Keyboard,2.0,1816.52,0.05,130.68,0.15,1521.32,Back to School,Card,Completed,,4099.77,
ORD-0001326,C11464,2024-08-13 00:00:00,Fatima,Williams,Johannesburg,Corporate,Online,Keyboard,1.0,1784.84,0.03,201.55,0.15,1431.91,Summer Sale,Card,Cancelled,,2192.54,
ORD-0002103,C11274,2024-07-03 00:00:00,Kabelo,Khumalo,Polokwane,Corporate,Online,Monitor,1.0,6033.14,0.0,92.98,0.0,5010.35,New Customer,Card,Completed,,6126.12,
ORD-0003571,C11391,2025-03-26 00:00:00,Naledi,Mokoena,Nelspruit,Corporate,Store,Office Chair,4.0,4242.86,0.0,133.99,0.15,2556.95,Clearance,Card,Completed,Rep D,19651.15,
ORD-0005693,C12292,2025-10-14 00:00:00,Daniel,Mthembu,Nelspruit,Small Business,Online,Router,1.0,1352.3,0.05,180.66,0.14,976.38,None,Card,Returned,,1645.2,
ORD-0001571,C12673,2024-08-07 00:00:00,Naledi,Mokoena,Johannesburg, corporate ,Online,Webcam,1.0,1150.67,0.0,123.6,,783.62,None,Card,Cancelled,,1274.27,
ORD-0004825,C11196,2025-12-06 00:00:00,Jason,Williams,Bloemfontein,Consumer,Phone,Laptop,1.0,9844.13,0.05,118.47,0.15,6484.24,New Customer,Mobile Wallet,Completed,,10873.19,
ORD-0001455,C12949,2025-07-20 00:00:00,Zanele,Molefe,Pretoria,Consumer,Online,Monitor,3.0,5575.57,0.1,127.84,0.15,3388.05,None,Card,Completed,,17439.98,
ORD-0001548,C10316,2025-06-26 00:00:00,Daniel,Mthembu,Bloemfontein,Corporate,Online,Keyboard,2.0,845.83,0.2,115.4,0.0,508.19,None,,Pending,,1468.72,
ORD-0002268,C10605,2025-03-14 00:00:00,Sipho,Molefe,Benoni,,Online,Monitor,1.0,5299.74,0.0,86.14,0.15,4411.4,None,Mobile Wallet,Completed,,6180.84,
ORD-0003029,C10309,2024-05-12 00:00:00,Nomsa,Naidoo,Gqeberha,Consumer,Store,Laptop,4.0,15276.63,0.15,83.36,0.0,8977.66,New Customer,Cash,Pending,Rep E,52023.89,
ORD-0005640,C12135,2025-09-30 00:00:00,Jason,Williams,Johannesburg,Consumer,Online,Headset,2.0,2663.11,0.05,160.64,0.15,1833.83,Summer Sale,Card,Completed,,5979.54,5326.22
ORD-0005756,C10188,2024-04-27 00:00:00,Chloe,Williams,Johannesburg,Consumer,Phone,Router,1.0,2728.23,0.0,215.46,0.15,1861.02,Payday Promo,Bank Transfer,Returned,,3352.93,
ORD-0003649,C10358,2025-12-03 00:00:00,Kabelo,Botha,Johannesburg,Corporate,Online,Webcam,2.0,1915.24,0.0,77.64,0.15,1624.24,Back to School,Mobile Wallet,Returned,,4482.69,
ORD-0004693,C10928,2025-02-12 00:00:00,Andile,Williams,Gqeberha,Corporate,Online,Keyboard,10.0,555.65,0.03,41.76,0.15,363.23,None,Card,Completed,,6240.0,
ORD-0003336,C10477,2024-04-18 00:00:00,Megan,Pillay,Benoni,Corporate,Online,Keyboard,1.0,1515.84,0.08,51.84,0.0,1161.3,None,Card,Pending,,1446.41,
ORD-0005795,C12602,2024-10-30 00:00:00,Siyanda,Khumalo,Pretoria,Corporate,Phone,Printer,2.0,6320.19,0.05,209.2,0.15,4311.31,Back to School,Cash,Completed,,14018.82,
ORD-0001613,C12562,2025-09-16 00:00:00,Mpho,Mokoena,Pretoria,Consumer,Phone,Mouse,1.0,299.25,0.05,43.6,0.15,253.34,None,Cash,Completed,,370.53,
ORD-0005786,C11355,2024-09-20 00:00:00,Nomsa,Dlamini,Bloemfontein,Consumer,Store,Monitor,5.0,5139.44,0.0,69.12,0.15,3711.68,None,Mobile Wallet,Returned,Rep D,29620.88,
ORD-0003722,C11889,2025-01-07 00:00:00,Ryan,Mthembu,Johannesburg,Small Business,Marketplace,Laptop,6.0,17297.74,0.08,27.03,0.15,12218.34,None,Card,Completed,,109833.1,
ORD-0002693,C11065,2025-09-18 00:00:00,Zanele,Mthembu,Benoni,Consumer,Online,Office Chair,3.0,3303.45,0.2,92.32,0.15,2392.18,None,Card,Pending,,9209.84,
ORD-0003073,C10809,2024-09-11 00:00:00,Siyanda,Botha,Gqeberha,Consumer,Phone,Webcam,6.0,1576.07,0.05,33.92,0.15,1218.77,Back to School,Card,Pending,,10365.06,
ORD-0002787,C12140,2025-12-16 00:00:00,Jason,Naidoo,Johannesburg,Consumer,Online,Mouse,5.0,448.62,0.0,52.16,0.15,269.77,None,EFT,Completed,,2631.72,
ORD-0002940,C11264,2024-09-21 00:00:00,Megan,,Johannesburg,Small Business,Online,Router,4.0,2679.95,0.0,95.8,0.15,2182.69,None,Mobile Wallet,Completed,,12423.59,
ORD-0003899,C10652,2025-04-03 00:00:00,Naledi,Pillay,Benoni,Consumer,Marketplace,Tablet,1.0,7898.9,0.03,149.71,0.15,4696.79,None,Card,Cancelled,,8960.93,
ORD-0002760,C11774,2024-02-01 00:00:00,Aisha,Nkosi,Cape Town,Consumer,Online,Laptop,3.0,11273.17,0.08,7.07,0.15,9370.68,Payday Promo,Bank Transfer,Cancelled,,35788.09,
ORD-0005390,C11012,2025-09-18 00:00:00,Siyanda,Nkosi,Johannesburg,Corporate,Online,Mouse,1.0,491.35,0.1,70.91,0.0,309.98,None,EFT,Returned,,513.13,
ORD-0003295,C10792,2025-11-15 00:00:00,Fatima,Williams,Johannesburg,Small Business,Store,Mouse,2.0,1028.36,0.0,209.1,0.15,764.16,Payday Promo,EFT,Completed,Rep B,2574.33,
ORD-0004389,C10526,2024-07-20 00:00:00,Siyanda,Smith,Cape Town,Consumer, marketplace ,Headset,1.0,2652.46,0.05,186.74,0.15,1960.61,Summer Sale,EFT,Completed,,3084.55,
ORD-0000993,C10754,2024-09-04 00:00:00,Siyanda,Nkosi,Cape Town,Consumer,Online,Router,4.0,813.2,0.25,99.72,0.15,537.65,None,Cash,Completed,,2905.28,
ORD-0005310,C10159,2025-03-11 00:00:00,Siyanda,Nkosi,Cape Town,Consumer,Online,Mouse,2.0,1174.93,0.03,44.85,0.15,949.85, none ,Card,Cancelled,,2666.12,2349.86
ORD-0003697,C12962,2025-01-17 00:00:00,Jason,Naidoo,Nelspruit,Corporate,Online,SSD,1.0,2611.63,0.05,198.54,0.15,1964.36,None,Card,Cancelled,,3051.75,
ORD-0001121,C11249,2024-04-13 00:00:00,Priya,Williams,Pretoria,Small Business,Phone,Headset,2.0,2780.89,0.08,148.01,0.15,2352.18,Payday Promo,Bank Transfer,Cancelled,,6032.37,
ORD-0005424,C10903,2025/12/02,Mpho,Williams,Durban,Corporate,Online,SSD,10.0,3817.81,0.0,66.87,0.14,2794.83,None,Cash,Completed,,43589.93,
ORD-0004035,C12762,2024-12-18 00:00:00,Jason,Pillay,Durban,Small Business,Phone,Tablet,1.0,8514.8,0.0,104.58,0.15,5842.47,None,Mobile Wallet,Returned,,9896.6,
ORD-0005724,C12598,2024-12-08 00:00:00,Daniel,Patel,Durban,Corporate,Marketplace,Laptop,2.0,9814.71,0.2,168.47,0.15,7574.19,None,Card,Completed,,18227.53,
ORD-0004652,C12578,2024-04-10 00:00:00,Aisha,Nkosi,Polokwane,Corporate,Store,Tablet,1.0,10540.64,0.0,,0.14,7178.86,None,Mobile Wallet,Cancelled,Rep A,12199.79,
ORD-0002244,UNKNOWN-46,2025-10-17 00:00:00,Siyanda,Pillay,Durban,Consumer,Online,Headset,1.0,712.2,0.25,194.88,0.15,428.52,Clearance,Card,Pending,,809.15,
ORD-0003243,C12054,2024-03-22 00:00:00,Nomsa,Williams,Durban,Corporate,Online,Laptop,2.0,11107.09,0.03,168.8,0.15,8670.79,None,EFT,Pending,,24948.71,
ORD-0002709,C11396,2024-11-21 00:00:00,Sipho,Mthembu,Johannesburg,Consumer,Phone,Docking Station,3.0,2452.28,0.03,77.69,0.15,1592.77,None,Card,Completed,,8284.24,
ORD-0001701,C11880,2024-10-10 00:00:00,Andile,Dlamini,Johannesburg,Consumer,Marketplace,Monitor,8.0,2816.65,0.15,110.4,0.15,2036.67,None,EFT,Completed,,22136.59,
ORD-0004087,C11708,2025-11-23 00:00:00,Chloe,Dlamini,Port Elizabeth,Corporate,Store,Laptop,2.0,13206.51,0.1,81.79,0.15,9550.04,None,EFT,Completed,Rep B,27419.27,
ORD-0003445,C12132,2024-08-27 00:00:00,Priya,Dlamini,Nelspruit,Corporate,Store,Keyboard,4.0,1893.97,0.1,124.44,0.15,1540.75,Black Friday,EFT,Completed,Rep C,7965.49,
ORD-0005543,C12276,2025-12-05 00:00:00,Nomsa,Patel,Pretoria,Corporate,Online,Router,2.0,1535.02,0.03,76.44,0.15,1241.63,None,Card,Cancelled,,3501.07,
ORD-0001156,C12098,2024-06-13 00:00:00,Naledi,Molefe,Cape Town,Consumer,Online,Laptop,3.0,9368.87,0.0,34.58,0.15,5976.31,Black Friday,Card,Cancelled,,32357.19,
ORD-0003965,C12038,2025-09-15 00:00:00,Fatima,Patel, polokwane ,Consumer,Online,Webcam,2.0,2184.02,0.05,148.04,0.15,1292.85,Back to School,Cash,Completed,,4920.13,
ORD-0003033,C11754,2025-07-08 00:00:00,Siyanda,Nkosi,Gqeberha,Consumer,Store,Headset,5.0,627.15,0.15,98.36,0.15,494.99,New Customer,Card,Returned,Rep E,3163.56,
ORD-0000953,C11392,2024-02-21 00:00:00,Naledi,Botha,Gqeberha,Small Business,Online,Tablet,1.0,10881.71,0.05,62.05,0.15,7987.18,Clearance,Card,Completed,,11950.32,
ORD-0003910,C11492,2024-03-10 00:00:00,Daniel,Patel,Durban,Consumer,Marketplace,Laptop,8.0,7535.99,0.08,77.54,0.15,5667.98,New Customer,Card,Completed,,63862.12,
ORD-0002962,C12864,2024-08-02 00:00:00,Jason,Khumalo,Pretoria,Corporate,Phone,Webcam,4.0,782.31,0.05,60.48,0.15,659.17,None,EFT,Completed,,3479.15,
ORD-0002242,C12635,2024-10-21 00:00:00,Fatima,Dlamini,Bloemfontein,Consumer,Online,Laptop,2.0,16455.9,0.0,154.92,0.15,12118.56,None,Mobile Wallet,Completed,,38003.48,
ORD-0004341,C11425,2025-11-13 00:00:00,Siyanda,Nkosi,Polokwane,Consumer,Store,Mouse,8.0,907.28,0.15,74.22,0.15,526.57,Summer Sale,EFT,Completed,Rep B,7169.11,
ORD-0001118,C10886,2025-06-15 00:00:00,Thabo,Naidoo,Johannesburg,Consumer,Online,Mouse,1.0,182.79,0.03,177.24,0.15,131.33,None,Card,Completed,,381.14,
ORD-0003803,C11727,2025-09-10 00:00:00,Kabelo,Naidoo,Polokwane,Consumer,Phone,Router,1.0,2580.58,0.2,137.74,0.0,1973.49,,EFT,Completed,,2202.2,
ORD-0000955,C11482,2025-03-26 00:00:00,Thabo,Pillay,Johannesburg,Consumer,Marketplace,Mouse,4.0,540.62,0.1,48.84,0.15,371.37,None,Mobile Wallet, completed ,,2287.01,
ORD-0005511,C11751,2025-09-11 00:00:00,Andile,Naidoo,Johannesburg,Corporate,Online,Printer,2.0,3103.18,0.03,84.82,0.15,2165.76,None,Card,Completed,,7008.01,
ORD-0000369,C12574,2024-07-04 00:00:00,Priya,Botha,Polokwane,Consumer,Store,SSD,1.0,1412.82,0.1,80.43,0.15,997.9,New Customer,Mobile Wallet,Returned,Rep D,1542.7,
ORD 0003764,C12925,2025-05-09 00:00:00,Siyanda,Smith,Cape Town,Consumer,Online,Laptop,1.0,13123.51,0.08,95.72,0.15,9988.75,None,EFT,Completed,,13980.39,
ORD-0001173,C12670,2025-12-07 00:00:00,Jason,Pillay,Johannesburg,Consumer,Online,Webcam,5.0,,0.08,79.61,0.15,635.89,New Customer,Card,Completed,,5739.75,
ORD-0002901,C12688,2025-04-17 00:00:00,Daniel,Mthembu,Cape Town,Consumer,Phone,Headset,3.0,1424.75,0.1,56.92,0.15,1104.08,None,Card,Completed,,4480.77,
ORD-0004785,C11168,2025-01-11 00:00:00,Fatima,Botha,Durban,Consumer,Online,Mouse,4.0,501.91,0.08,119.24,0.0,331.73,Payday Promo,Card,Completed,,1966.28,
ORD-0005862,C10464,2025-02-03 00:00:00,Ryan,Mthembu,Polokwane,Small Business,Online,Headset,1.0,2573.16,0.03,96.01,0.15,1789.27,None,Mobile Wallet,Cancelled,,2966.37,
ORD-0003252,C12333,2025-09-10 00:00:00,Zanele,Pillay,Cape Town,Consumer,Online,Monitor,5.0,4484.48,0.05,106.48,0.15,3585.79,Payday Promo,Mobile Wallet,Returned,,24602.94,
ORD-0004154,C10288,2024-02-19 00:00:00,Kabelo,Molefe,Nelspruit,,Online,SSD,2.0,1038.43,0.15,36.19,0.15,690.45,None,Card,Completed,,2066.33,
ORD-0000342,C11057,2024-08-02 00:00:00,Zanele,Mthembu,Nelspruit,Small Business,Marketplace,Router,5.0,1890.13,0.1,144.21,0.15,1353.39,None,Card,Completed,,9925.64,
ORD-0001377,C10424,2024-04-09 00:00:00,Nomsa,Pillay,Nelspruit,Consumer,Marketplace,Monitor,1.0,3989.78,0.03,167.66,14%,2841.61,None,Cash,Cancelled,,4579.56,
ORD-0005943,C11033,2024-10-21 00:00:00,Siyanda,Nkosi,Johannesburg,Corporate,Phone,Headset,1.0,1426.01,0.05,162.73,0.14,1093.05,New Customer,Cash,Completed,,1707.1,
ORD-0001183,C12624,2024-08-03 00:00:00,Kabelo,Khumalo,Gqeberha,Consumer,Store,Webcam,1.0,1299.3,0.15,152.25,0.15,838.85,Payday Promo,Card,Completed,Rep B,1422.32,
ORD-0000416,C12635,2024-09-19 00:00:00,Zanele,Williams,Cape Town,Corporate,Online,Webcam,1.0,1675.49,0.0,108.74,0.14,1166.25,New Customer,Mobile Wallet,Completed,,2018.8,
ORD-0004628,C11843,2024-11-04 00:00:00,Aisha,Patel,Pretoria,Consumer,Store,Office Chair,1.0,6397.95,0.2,136.19,15%,4533.03,Summer Sale,Card,Completed,Rep E,6022.3,
ORD-0000300,C10075,2024-03-27 00:00:00,Megan,Botha,Bloemfontein,Corporate,Marketplace,Tablet,2.0,7061.43,0.25,72.35,0.15,5525.38,Back to School,Card,Completed,,12253.31,
ORD-0003948,C11817,2024-08-21 00:00:00,Zanele,Patel,Cape Town,Corporate,Marketplace,Keyboard,1.0,2011.87,,147.48,0.15,1617.72,None,EFT,Returned,,2276.04,
ORD-0004984,C11869,2024-01-06 00:00:00,Siyanda,Molefe,Pretoria,Corporate,Phone,Headset,2.0,1354.35,0.03,48.91,0.15,1120.65,None,Mobile Wallet,Completed,,3070.46,
ORD-0004495,C12806,2024-08-05 00:00:00,Kabelo,Mthembu,Pretoria,Consumer,Marketplace,Monitor,1.0,4929.65,0.15,31.72,0.15,2913.31,Clearance,Bank Transfer,Completed,,4850.45,
ORD-0005276,C10136,2025-12-23 00:00:00,Lerato,Naidoo,Benoni,Consumer,Store,Laptop,4.0,8079.28,0.1,136.25,0.0,6840.11,Black Friday,Mobile Wallet,Pending,Rep D,29221.67,
ORD-0002846,C11466,2025-07-08 00:00:00,Aisha,Dlamini,Johannesburg,Consumer,Online,Laptop,2.0,7602.15,0.0,186.43,0.15,6063.77,None,Card,Cancelled,,17671.37,
ORD-0002523,C11617,2025-09-10 00:00:00,Andile,Smith,Bloemfontein,Consumer,Online, keyboard ,2.0,1423.76,0.0,178.93,0.0,845.69,New Customer,Card,Returned,,3026.45,
ORD-0004865,C10949,2024-04-28 00:00:00,Zanele,Mthembu,Gqeberha,Consumer,Online,Laptop,3.0,14660.89,0.0,85.69,0.15,11046.07,None,EFT,Completed,,50665.77,
ORD-0003905,C10096,2025-06-04 00:00:00,Fatima,Patel,Durban,Consumer,Online,Tablet,1.0,3698.32,0.0,145.7,0.0,2515.76,None,Cash,Completed,,3844.02,
ORD-0005739,C11344,12-02-2024,Priya,Nkosi,Nelspruit,Corporate,Store,Headset,10.0,2209.18,0.0,95.75,0.15,1401.08,Summer Sale,Cash,Cancelled,Rep E,25501.3,
ORD-0000945,C10331,2025-11-16 00:00:00,Priya,Smith,Cape Town,Consumer,Store,Laptop,1.0,11857.17,0.2,39.52,0.15,7810.35,Summer Sale,Cash,Returned,Rep E,10948.12,
ORD-0003821,C10376,2024-05-03 00:00:00,Mpho,Patel,Cape Town,Small Business,Marketplace,Docking Station,8.0,1655.06,0.03,85.67,0.15,1103.25,Black Friday,Mobile Wallet,Cancelled,,14855.43,
ORD-0003312,C10047,2024-10-31 00:00:00,Aisha,Molefe,Johannesburg,Consumer,Online,Printer,1.0,3428.34,0.1,213.7,0.15,2709.62,New Customer,Card,Completed,,3762.04,
ORD-0001981,C10183,2024-07-20 00:00:00,Naledi,Pillay,Cape Town,Corporate,Online,Router,2.0,2127.21,0.0,152.63,0.15,1425.97,None,Mobile Wallet,Completed,,5045.2,
ORD-0001740,C11429,2024-09-25 00:00:00,Nomsa,Williams,Johannesburg,Consumer,Marketplace,Router,1.0,987.7,0.0,119.82,0.15,771.81,New Customer,EFT,Returned,,1255.67,
ORD-0004722,C10316,2025-05-31 00:00:00,Lerato,Patel,Polokwane,Consumer,Online,Laptop,7.0,16603.87,0.03,50.21,0.0,9747.81,None,Bank Transfer,Returned,,112790.5,
ORD-0005420,C10927,2024-09-11 00:00:00,Andile,Naidoo,Johannesburg,Small Business,Online,Laptop,1.0,9671.55,0.0,124.25,0.15,7194.44,None,Cash,Cancelled,,11246.53,
ORD-0005669,C10132,2024-01-04 00:00:00,Nomsa,Mokoena,Nelspruit,Consumer,Online,Tablet,1.0,5161.39,0.2,199.47,0.14,3390.78,None,EFT,Completed,,4906.66,
ORD-0001958,C11585,2024-06-25 00:00:00,Priya,Williams,Benoni,Consumer,Phone,Mouse,2.0,620.45,0.1,194.77,0.15,394.74,None,Card,Cancelled,,1479.11,
ORD-0002786,C12548,2025-07-02 00:00:00,Aisha,Botha,Durban,Consumer,Marketplace,Monitor,3.0,7376.62,0.0,67.01,0.15,6326.98,None,Mobile Wallet,Pending,,25516.37,
ORD-0001894,C12228,2025-06-01 00:00:00,Lerato,Naidoo,Johannesburg,Corporate,Store,Monitor,4.0,3341.68,0.15,142.81,0.15,2491.86,New Customer,Card,Pending,Rep A,13208.79,
ORD-0000524,C11699,2024-10-06 00:00:00,Zanele,Patel,Johannesburg,Small Business,Online,Docking Station,1.0,2761.57,0.0,125.46,0.15,1620.55,Payday Promo,Card,Pending,,3301.26,2761.57
ORD-0004113,C10959,2025-04-18 00:00:00,Nomsa,Mthembu,Johannesburg,Small Business,Phone,Monitor,1.0,6627.72,0.05,164.35,0.15,4030.16,Black Friday,Card,Completed,,7405.13,
ORD-0000092,C12456,2024-01-17 00:00:00,Siyanda,Naidoo,Polokwane,Consumer,Store,Webcam,5.0,1937.05,0.08,91.74,0.15,1350.6,None,Card,Completed,Rep B,10338.73,
ORD-0005645,C12464,2024-07-03 00:00:00,Fatima,Khumalo,Johannesburg,Corporate,Online,Headset,1.0,,0.08,44.58,0.15,1864.64,None,Mobile Wallet,Completed,,2953.92,
ORD-0003931,C12991,2024-02-14 00:00:00,Chloe,Molefe,Durban,Corporate,Online,Tablet,10.0,7422.25,0.0,26.7,0.15,4838.01,None,EFT,Cancelled,,85382.54,
ORD-0001567,C11259,2025-07-25 00:00:00,Thabo,Khumalo,Benoni,Corporate,Online,Keyboard,4.0,1681.86,0.05,70.32,0.15,1214.32,Payday Promo,Mobile Wallet,Completed,,7420.05,
ORD-0000443,C10090,2025-10-31 00:00:00,Chloe,Nkosi,Gqeberha,Consumer,Online,Office Chair,1.0,2515.77,0.0,97.67,0.15,2117.45,Black Friday,Cash,Completed,,2990.81,
ORD-0001619,C10152,2025-01-01 00:00:00,Priya,Molefe,Gqeberha,Small Business,Store,Office Chair,2.0,8978.03,0.05,189.12,0.15,6918.14,None,Mobile Wallet,Completed,Rep B,19806.11,
ORD-0001550,C10390,2025-06-20 00:00:00,Mpho,Patel,Durban,Corporate,Online,Office Chair,1.0,6404.03,0.1,85.3,0.15,5305.1,Black Friday,Mobile Wallet,Cancelled,,6713.48,6404.03
ORD-0001821,C10190,2025-07-01 00:00:00,Chloe,Naidoo,Gqeberha,Corporate,Phone,Webcam,1.0,2345.2,0.25,80.71,0.0,1455.12,None,Cash,Completed,,1839.61,
ORD-0001462,C12446,2025-04-07 00:00:00,Thabo,Botha,Johannesburg,Consumer,Online,Monitor,4.0,3012.46,0.08,84.92,0.15,2304.39,None,Card,Returned,,12833.67,
ORD-0003584,C11937,2025-03-15 00:00:00,Lerato,Naidoo,,Consumer,Marketplace,Headset,3.0,1181.7,0.15,50.82,0.15,844.87,Back to School,Mobile Wallet,Completed,,3516.16,
ORD-0004561,C10824,2024-08-06 00:00:00,Zanele,Pillay,Benoni,Consumer,Online,Monitor,1.0,7780.65,0.15,209.38,0.15,6574.64,None,EFT,Returned,,7814.96,
ORD-0001687,C10237,2025-03-03 00:00:00,Ryan,Smith,Pretoria,Corporate,Phone,Headset,1.0,2421.73,0.05,190.3,0.15,1461.74,None, mobile wallet ,Returned,,2836.05,
ORD-0004238,C10486,2025-05-25 00:00:00,Priya,Williams,Benoni,Consumer,Store,Mouse,1.0,672.83,0.2,71.0,0.14,496.96,Summer Sale,Card,Pending,Rep B,684.62,
ORD-0000828,C10924,2025-10-27 00:00:00,Sipho,Molefe,Durban,Consumer,Online,Mouse,1.0,292.24,0.2,36.12,0.15,235.75,New Customer,Card,Completed,,304.97,
ORD-0000315,C11631,2025-03-19 00:00:00,Nomsa,Patel,,Consumer,Store,Printer,3.0,6456.68,0.2,134.85,0.15,5233.76,Back to School,,Completed,Rep A,17955.29,
ORD-0000614,C12958,2024-05-04 00:00:00,Lerato,Nkosi,Cape Town,Consumer,Online,Laptop,1.0,21283.8,0.0,34.57,0.0,14953.96,None,Card,Cancelled,,21318.37,
ORD-0000806,C10346,2024-01-14 00:00:00,Fatima,Dlamini,Benoni,Small Business,Online,Headset,5.0,409.83,0.2,113.53,0.15,300.24,Payday Promo,Card,Completed,,1998.76,
ORD-0005238,C11085,2024-01-18 00:00:00,Naledi,Smith,Polokwane,Consumer,Online,Laptop,7.0,15199.22,0.0,56.47,0.15,11708.63,None,Mobile Wallet,Completed,,122410.16,
ORD-0005608,C12847,2024-09-18 00:00:00,Daniel,Smith,Gqeberha,Consumer,Phone,Webcam,4.0,"R 1,072.84",0.05,72.84,0.15,705.3,Payday Promo,Card,Completed,,4761.13,
ORD-0001784,C11656,2024-09-24 00:00:00,Aisha,Dlamini,Johannesburg,Consumer,Store,SSD,2.0,4005.8,0.15,86.38,0.15,2510.23,None,Card,Returned,Rep E,7917.72,
ORD-0003430,C11464,2024-05-21 00:00:00,Ryan,Molefe,Benoni,Consumer,Marketplace,Keyboard,3.0,1992.66,0.1,69.52,0.15,1479.85,Payday Promo,Card,Completed,,6256.73,
ORD-0000437,C12576,2025-01-20 00:00:00,Megan,Dlamini,Johannesburg,Consumer,Online,Tablet,4.0,10626.32,0.0,144.33,0.15,6192.3,New Customer,Mobile Wallet,Completed,,49025.42,
ORD-0002009,C11896,2025-10-06 00:00:00,Aisha,Patel,Durban,Consumer,Online,Headset,10.0,1724.53,0.03,126.4,0.15,1374.69,Summer Sale,Card,Returned,,19363.51,
ORD-0002338,C10248,2024-01-02 00:00:00,Chloe,Khumalo,Pretoria,Consumer,Online,Keyboard,5.0,1938.04,0.05,31.07,0.15,1565.5,New Customer,EFT,Completed,,10617.6,
ORD-0004330,C10506,2025-03-24 00:00:00,Jason,Botha,Pretoria,Consumer,Online,Office Chair,3.0,4895.29,0.1,25.49,0.15,2850.8,None,Bank Transfer,Completed,,15225.37,
ORD-0002024,C10725,2025-07-16 00:00:00,Fatima,Williams,Johannesburg,Consumer,Online,Printer,3.0,4602.79,0.03,,0.14,3955.78,Payday Promo,Card,Returned,,15304.13,
ORD-0002717,C11546,2024-02-21 00:00:00,Priya,Williams,Pretoria,Corporate,Marketplace,Laptop,2.0,12675.16,0.1,168.74,0.15,9486.02,Clearance,Card,Completed,,26406.33,
ORD-0000162,C10201,2024-11-28 00:00:00,Mpho,Williams,Gqeberha,Consumer,Store,Tablet,4.0,8313.88,0.05,24.26,0.15,5261.05,None,Bank Transfer,Completed,Rep D,36355.91,
ORD-0004429,C10101,2024-08-15 00:00:00,Megan,Nkosi,Pretoria,Corporate,Online,Printer,4.0,2072.02,0.15,117.3,0.15,1755.71,None,EFT,Completed,,8218.9,
ORD-0002070,C10411,2025-07-29 00:00:00,Kabelo,Naidoo,Pretoria,Corporate,Phone,Docking Station,1.0,2663.87,0.2,111.35,0.15,1936.68,None,Card,Pending,,2562.11,
ORD-0003225,C12776,2024-10-06 00:00:00,Mpho,Pillay,Cape Town,Consumer,Online,Docking Station,5.0,3710.4,0.05,91.12,0.15,2547.25,Black Friday,Mobile Wallet,Returned,,20359.18,
ORD-0002637,C12072,2025-09-03 00:00:00,Mpho,Pillay,Bloemfontein,Consumer,Online,Laptop,3.0,11161.89,0.0,51.46,0.15,6716.08,None,EFT,Completed,,38559.99,
ORD-0003298,C10178,2025-03-15 00:00:00,Zanele,Williams, nelspruit ,Consumer,Online,Headset,5.0,426.7,0.0,127.85,0.14,328.52,Summer Sale,Cash,Cancelled,,2560.04,
ORD-0000314,C10958,2025-11-04 00:00:00,Kabelo,Mokoena,Nelspruit,Corporate,Online,,4.0,1111.11,0.1,6.36,0.15,655.19,None,Card,Completed,,4606.34,
ORD-0005289,C10791,2024-04-08 00:00:00,Thabo,Mthembu,Gqeberha,Consumer,Phone,Printer,3.0,6489.29,0.1,7.71,0.15,5547.68,Summer Sale,Card,Cancelled,,20156.97,
ORD-0004209,C10679,2025-09-04 00:00:00,Naledi,Mokoena,Johannesburg,Corporate,Store,Monitor,1.0,6734.6,0.0,89.07,0.15,5400.02,None,Mobile Wallet,Completed,Rep D,7833.86,
ORD-0004151,C10068,2025-03-30 00:00:00,Aisha,Nkosi,Durban,Small Business,Online,Headset,7.0,467.14,0.05,112.33,0.15,312.2,Summer Sale,Card,Returned,,3684.77,
ORD-0004367,C10437,2024-08-04 00:00:00,Nomsa,Khumalo,Cape Town,Small Business,Phone,Printer,1.0,5075.01,0.03,209.81,0.15,3497.65,Clearance,Card,Pending,,5870.98,
ORD-0002781,C12062,2024-02-23 00:00:00,Lerato,Nkosi,Gqeberha,Consumer,Store,Tablet,1.0,3836.21,0.0,141.16,0.15,3043.32,None,Card,Completed,Rep C,4552.8,
ORD-0000623,C10080,2024-04-22 00:00:00,Chloe,Nkosi,Cape Town,Corporate,Online,Laptop,4.0,9225.0,0.08,108.62,0.15,6502.67,Back to School,Bank Transfer,Cancelled,,39148.82,
ORD-0002454,C12099,2024-11-27 00:00:00,Jason,,Cape Town,Corporate,Store,Webcam,3.0,1403.26,0.0,118.0,0.15,1102.05,None,Card,Pending,Rep E,4959.26,
ORD-0002969,C12749,2024-12-01 00:00:00,Jason,Williams,Johannesburg,Corporate,Online,Router,6.0,2881.83,0.2,78.83,0.15,2427.19,None,Mobile Wallet,Completed,,15986.54,
ORD-0002467,C11070,2024-11-20 00:00:00,Zanele,Dlamini,Nelspruit,Corporate,Online,Monitor,7.0,7076.6,0.05,131.21,0.15,5204.52,None,Cash,Pending,,54249.51,
ORD-0003263,C10104,2024-09-13 00:00:00,Thabo,Nkosi,Pretoria,Consumer,Phone,Router,4.0,3337.69,0.05,122.14,0.15,2324.58,None,Mobile Wallet,Pending,,14707.84,
ORD-0001292,C12502,2025-05-17 00:00:00,Jason,Molefe,Bloemfontein,Corporate,Online,Docking Station,1.0,2078.85,0.05,139.1,0.15,1534.94,Clearance,Card,Cancelled,,2410.24,
ORD-0005221,C11713,2024-08-18 00:00:00,Priya,Naidoo,Bloemfontein,Corporate,Phone, headset ,1.0,1171.86,0.1,110.26,0.15,1005.95,None,Card,Cancelled,,1323.14,
ORD-0001219,C11528,2025-12-29 00:00:00,Andile,Botha,Pretoria,Consumer,Online,Webcam,1.0,1564.38,0.05,110.75,0.15,1172.84,None,EFT,Cancelled,,1819.83,
ORD-0005927,C12261,2024-07-13 00:00:00,Nomsa,Nkosi,Polokwane,Consumer,Marketplace,Webcam,3.0,1392.53,0.1,133.06,0.15,996.25,Black Friday,Card,Completed,,4456.87,
ORD-0003756,C10682,2024-07-14 00:00:00,Aisha,Botha,Cape Town,Small Business,Online,Headset,3.0,2625.7,0.03,33.97,0.15,1985.89,None,Bank Transfer,Completed,,8820.89,
ORD-0004410,C10646,2025-02-16 00:00:00,Priya,Nkosi,Cape town,Consumer,Online,Office Chair,4.0,2223.84,0.03,65.05,0.15,1436.66,New Customer,Bank Transfer,Returned,,9987.81,
ORD-0004894,C10006,2025-12-05 00:00:00,Lerato,Nkosi,Johannesburg,Corporate,Marketplace,Docking Station,3.0,4123.81,0.0,78.66,0.15,2640.76,Payday Promo,Card,Completed,,14305.82,
ORD-0004298,C12864,2025-06-07 00:00:00,Aisha,Pillay,Cape Town,Consumer,Store,Docking Station,1.0,1539.95,0.05,167.87,0.15,1188.75,None,Card,Pending,Rep A,1850.26,
ORD-0001060,C12862,2025-02-11 00:00:00,Mpho,Pillay,Polokwane,Consumer,Store,Router,2.0,1930.33,0.2,44.03,0.15,1356.21,Back to School,Cash,Completed,Rep A,3595.84,
ORD-0004379,C11944,2024-01-08 00:00:00,Fatima,Nkosi, benoni ,Small Business,Store,Docking Station,2.0,4954.01,0.0,107.2,0.0,3306.08,None,Bank Transfer,Pending,Rep C,10015.22,
ORD-0005442,C10967,2025-11-16 00:00:00,Chloe,Botha,Johannesburg,Corporate,Online,Keyboard,1.0,1030.26,0.1,108.72,0.15,830.51,None,Mobile Wallet,Returned,,1175.04,
ORD-0005886,C11675,2024-01-23 00:00:00,Fatima,Mthembu,Pretoria,Small Business,Online,Laptop,1.0,21040.08,0.25,208.13,0.15,15007.41, payday promo ,Card,Completed,,18355.2,
ORD-0000726,C12953,29/02/2024,Thabo,,Polokwane,Consumer,Phone,Laptop,6.0,13853.22,0.0,68.16,0.15,9982.17,Clearance,Bank Transfer,Completed,,95655.39,
ORD-0001899,C11172,2024-01-06 00:00:00,Ryan,Naidoo,Johannesburg,Small Business,Phone,Office Chair,1.0,7413.71,0.08,31.58,0.15,4520.28,None,Card,Returned,,7875.28,
ORD-0001019,C10069,2025-01-23 00:00:00,Zanele,Khumalo,Johannesburg,Consumer,Online,Monitor,3.0,2358.72,0.05,121.22,0.15,1650.74,None,Card,Completed,,7851.91,
ORD-0002795,C10552,2025-09-05 00:00:00,Thabo,Molefe,Johannesburg,Consumer,Store,Headset,3.0,1908.19,0.25,100.21,0.15,1374.82,None,EFT,Cancelled,Rep A,5037.64,
ORD-0004510,C12941,2024-07-19 00:00:00,Fatima,Smith,Bloemfontein,Consumer,Phone,Tablet,2.0,7228.64,0.2,78.02,0.15,6120.4,Back to School,Card,Returned,,13378.72,
ORD-0001260,C12064,2025-11-21 00:00:00,Naledi,Mthembu,Joburg,Corporate,Online,Headset,1.0,1809.29,0.0,39.93,0.15,1266.28,Payday Promo,Card,Cancelled,,2120.61,
ORD-0000658,C10375,2025-08-08 00:00:00,Chloe,Nkosi,,Small Business,Online,Monitor,1.0,3545.15,0.0,128.61,0.15,2363.54,,EFT,Returned,,4205.53,
ORD-0005111,C10718,2024-12-24 00:00:00,Jason,Botha,Cape Town,Consumer,Phone,Headset,7.0,,0.1,102.99,0.15,777.96,New Customer,Bank Transfer,Completed,,7106.99,
ORD-0003266,C10594,2024-09-23 00:00:00,Daniel,Botha,Johannesburg,Corporate,Store,Router,4.0,3546.09,0.05,9.06,0.15,2262.32,Clearance,EFT,Completed,Rep C,15505.48,
ORD-0001223,C12895,2025-10-22 00:00:00,Fatima,Mokoena,Johannesburg,Small Business,Marketplace,Printer,2.0,4450.69,0.0,126.66,0.0,3293.62,None,EFT,Returned,,8520.01,
ORD-0002821,C10326,2024-06-05 00:00:00,Thabo,Mthembu,Johannesburg,Corporate,Online,Webcam,1.0,464.75,0.1,148.25,0.15,298.71,None,Mobile Wallet,Completed,,629.27,
ORD-0001505,C11954,2024-03-24 00:00:00,Andile,Botha,Gqeberha,Consumer,Marketplace,Webcam,2.0,2303.84,0.0,106.11,0.15,1390.37,None,Card,Returned,,5404.95,
ORD-0000682,C12845,2024-12-09 00:00:00,Andile,Patel,Johannesburg,Small Business,Online, headset ,7.0,2109.19,0.15,126.91,0.15,1484.58,None,Card,Completed,,14559.05,
ORD-0001732,C11710,2025-11-14 00:00:00,Thabo,Dlamini,Benoni,Consumer,Online,Monitor,1.0,8262.46,0.08,149.43,0.15,4798.78,None,Mobile Wallet,Completed,,8891.12,
ORD-0004435,C12994,2025-04-10 00:00:00,Naledi,Smith,Johannesburg,Small Business,Store,Mouse,8.0,1281.63,0.2,75.95,0.15,799.25,None,Cash,Completed,Rep B,9508.73,
ORD-0000675,C11173,2025-11-15 00:00:00,Priya,Patel,Johannesburg,Consumer,Marketplace,,1.0,4064.09,0.0,199.63,0.15,3106.73,Back to School,Card,Completed,,4873.33,
ORD-0000897,C10234,2024-04-25 00:00:00,Ryan,Khumalo,Durban,Consumer,Online,Router,1.0,2613.17,0.1,55.42,0.15,2099.61,None,Card,Completed,,2760.05,
ORD-0005778,C12796,2024-04-15 00:00:00,Naledi,Patel,Cape Town,Consumer,Online,Keyboard,,2161.22,0.05,59.03,0.15,1752.3,Clearance,Bank Transfer,Completed ,,7142.43,
ORD-0003316,C12298,2024-03-19 00:00:00,Ryan,Mthembu,Gqeberha,Small Business,Online,Keyboard,4.0,834.21,0.1,14.68,0.14,716.31,None,Bank Transfer,Cancelled,,3438.27,
ORD-0005083,C11284,2025-05-14 00:00:00,Naledi,Dlamini,Johannesburg,Consumer,Online,Tablet,1.0,4365.07,0.0,100.18,0.15,3574.33,None,Bank Transfer,Cancelled,,5120.02,
ORD-0005712,C12264,2025-08-30 00:00:00,Kabelo,Nkosi,Nelspruit,Consumer,Online,Router,1.0,866.81,0.08,46.53,0.0,553.88,None,Card,Cancelled,,843.99,
ORD-0003651,C11960,2025-01-30 00:00:00,Priya,Patel,Polokwane,Consumer,Online,Keyboard,1.0,1216.0,0.05,39.11,0.0,925.93,None,Card,Completed,,1194.31,
ORD-0002633,C12995,2025-01-13 00:00:00,Jason,Botha,Cape Town,Small Business,Store,Office Chair,1.0,7350.53,0.05,82.45,0.15,4498.57,New Customer,Mobile Wallet,Completed,Rep A,8112.9,
ORD-0005077,C10476,2024-09-23 00:00:00,Ryan,Pillay,Durban,Consumer,Store,Monitor,1.0,3071.72,0.2,197.73,0.15,2613.89,Payday Promo,EFT,Cancelled,Rep B,3023.72,
ORD-0000179,C10681,2024-08-29 00:00:00,Lerato,Mokoena,Nelspruit,Consumer,Online,Headset,3.0,2716.7,0.0,100.62,0.15,1867.77,None, card ,Completed,,9473.24,
ORD-0002745,C12133,2025-06-10 00:00:00,Andile,Molefe,Benoni,Small Business,Online,Router,3.0,3033.1,0.2,68.85,0.15,2443.73,None,Card,Completed,,8440.22,
ORD-0004022,C10898,2025-03-05 00:00:00,Lerato,Williams,Johannesberg,Consumer,Online,Keyboard,1.0,279.38,0.0,37.96,0.15,207.46,None,Cash,Completed,,359.25,
ORD-0005104,C11424,2024-07-29 00:00:00,Fatima,Dlamini,Cape Town,Consumer,Online,Monitor,10.0,2087.15,0.0,56.64,0.15,1507.69,None,Card,Cancelled,,24058.9,
ORD-0004638,C11782,2024-04-11 00:00:00,Jason,Molefe,Johannesburg,Consumer,Online,Tablet,1.0,6903.36,0.08,53.25,0.15,4440.68,None, card ,Returned,,7357.0,
ORD-0001722,C11210,2025-05-25 00:00:00,Lerato,Naidoo,Cape Town,Consumer,Store,Webcam,6.0,730.87,0.08,85.82,0.15,475.68,None,EFT,Cancelled,Rep B,4725.37,
ORD-0005636,C10212,2024-02-13 00:00:00,Daniel,Smith,Cape Town,Small Business,Online,Office Chair,2.0,2271.13,0.0,195.78,15%,1899.77,None,Card,Completed,,5419.38,
ORD-0005771,C12506,2025-08-25 00:00:00,Siyanda,Pillay,Johannesburg,Consumer,Marketplace,Headset,2.0,1841.82,0.03,144.03,0.15,1129.55,Payday Promo,EFT,Pending,,4253.12,
ORD-0002995,C10121,2024-10-20 00:00:00,Aisha,Dlamini,Johannesburg,Small Business,Online,Webcam,1.0,1701.52,0.08,53.15,0.0,1013.18,None, mobile wallet ,Completed,,1618.55,
ORD-0002298,C12989,2024-01-08 00:00:00,Thabo,Khumalo,Benoni,Consumer,Online,Headset,1.0,1403.44,0.25,153.83,0.15,1042.23,Back to School,Card,Completed,,1364.3,
ORD-0002228,C10985,2025-06-22 00:00:00,Sipho,Nkosi,Johannesburg,Small Business,Online,Laptop,2.0,14832.65,0.1,98.42,0.15,10778.74,Back to School,Mobile Wallet,Returned,,30802.0,
ORD-0002447,C11418,2024-08-21 00:00:00,Fatima,Khumalo,Polokwane,Consumer,Phone,Keyboard,3.0,1327.38,0.0,30.57,0.15,1097.71,None,EFT,Completed,,4610.03,
ORD-0000599,C11124,2025-12-17 00:00:00,Zanele,Khumalo,Polokwane,Consumer,Online,SSD,1.0,"R 2,620.84",0.0,179.18,0.15,2239.43, none ,Card,Completed,,3193.14,
ORD-0004047,C12857,24 Feb 2024,Priya,Pillay,Johannesburg,Consumer,Online,Mouse,1.0,609.78,0.05,125.11,0.15,438.59,Black Friday,Cash,Completed,,791.3,
ORD-0003687,C12207,2025-10-31 00:00:00,Lerato,Williams,Nelspruit,Corporate,Online,Monitor,2.0,6223.9,0.05,162.51,0.15,4455.82,None,Mobile Wallet,Completed,,13761.73,
ORD-0001913,C11733,2025-03-06 00:00:00,Chloe,Pillay,Benoni,Corporate,Online,Laptop,1.0,19018.21,0.0,214.74,0.15,11461.93,Back to School,Card,Pending,,22085.68,
ORD-0001824,C11904,2025-05-28 00:00:00,Thabo,Khumalo,Bloemfontein,Consumer,Store,Tablet,6.0,5989.13,0.0,12.08,0.15,5146.49,Summer Sale,Card,Completed,Rep A,41337.07,
ORD-0004872,C10508,2024-11-19 00:00:00,Kabelo,Nkosi,Pretoria,Consumer,Online,Head set,3.0,5269.58,0.0,0.34,0.0,3189.89,None,Card,Returned,,15809.08,
ORD-0000206,C12846,2025-09-16 00:00:00,Zanele,Botha,Johannesburg,Consumer,Phone,Printer,3.0,1879.47,0.15,95.34,0.15,1567.51,New Customer, eft ,Pending,,5606.88,
ORD-0002238,C11277,2024-01-20 00:00:00,Zanele,Khumalo,Pretoria,Consumer,Store,Monitor,3.0,5525.96,0.05,114.08,0.15,3658.14,Summer Sale,Mobile Wallet,Completed,Rep B,18225.43,
ORD-0001848,C12754,2024-08-20 00:00:00,Fatima,Patel,Johannesburg,Corporate,Online,Monitor,1.0,7062.41,0.15,40.36,0.15,5742.29,,EFT,Completed,,6943.86,
ORD-0002478,C12725,2024-11-21 00:00:00,Zanele,Dlamini,Polokwane,Consumer,Phone,Keyboard,3.0,911.18,0.0,107.11,0.15,624.11,Summer Sale,Card,Completed,,3250.7,
ORD-0005539,C11089,2024-07-01 00:00:00,Megan,Pillay,Johannesburg,Consumer,Online,Office Chair,2.0,6558.45,0.0,178.16,0.15,3871.13,Black Friday,Card,Completed,,15262.6,
ORD-0005168,C11886,2025-06-13 00:00:00,Naledi,Nkosi,Pretoria,Small Business,Store,Mouse,8.0,742.89,0.15,33.65,0.15,541.44,None,EFT,Completed,Rep E,5843.06,
ORD-0003376,C11253,2025-09-10 00:00:00,Megan,Khumalo,Johannesburg,Consumer,Online,Router,2.0,2502.62,0.05,117.57,0.15,1672.42,None,EFT,Pending,,5585.8,
ORD-0001009,C11779,03 Oct 2024,Zanele,Khumalo,Gqeberha,Corporate,Store,Mouse,1.0,1161.69,0.15,104.44,0.14,734.33,Payday Promo,Mobile Wallet,Completed,Rep C,1230.12,
ORD-0000940,C10765,2025-04-19 00:00:00,Zanele,Pillay,Pretoria,Consumer,Online,Tablet,2.0,9553.99,0.0,33.18,0.15,6873.15,Back to School,Bank Transfer,Completed,,22007.36,
ORD-0000875,C11224,2024-02-07 00:00:00,Ryan,Mthembu,Pretoria,Small Business,Online,Keyboard,3.0,1221.93,0.0,18.75,0.15,858.7,None,Card,Completed,,4234.41,
ORD-0001794,C12009,2025-04-03 00:00:00,Nomsa,Khumalo,Durban,Consumer,Phone,Docking Station,2.0,3889.75,0.15,54.88,0.15,3216.97,Black Friday,Card,Pending,,7659.34,
ORD-0005237,C10055,2025-05-31 00:00:00,Zanele,Dlamini,Johannesburg,Consumer,Marketplace,Mouse,1.0,1111.46,0.08,147.19,15%,791.43,None,Card,Completed,,1323.1,
ORD-0002489,C10882,2025-01-04 00:00:00,Lerato,Naidoo,Pretoria,Corporate,Marketplace,SSD,1.0,2050.9,0.0,166.34,0.15,1240.63,Payday Promo,Bank Transfer,Cancelled,,2524.88,
ORD-0001407,C11658,2024-01-15 00:00:00,Sipho,Mokoena,Cape Town,Consumer,Phone,Mouse,4.0,1277.16,0.05,57.04,0.15,852.64,None,Card,Completed,,5638.24,
ORD-0000861,C11242,2025-08-22 00:00:00,Siyanda,Dlamini,Benoni,Corporate,Online,Webcam,1.0,2279.04,0.1,108.53,0.15,1639.25,None,EFT,Completed,,2467.33,
ORD-0005129,C12991,2025-02-21 00:00:00,Andile,Mthembu,Johannesburg,Corporate,Phone,Monitor,2.0,6822.43,0.08,153.12,0.15,5863.74,Summer Sale,Card,Completed,,14589.38,
ORD-0002243,C11398,2025-08-03 00:00:00,Daniel,Patel,Johannesburg,Consumer,Online,Tablet,3.0,3536.8,0.05,0.21,0.15,2803.52,None,Card,Pending,,11592.06,
ORD-0004182,C12168,2024-08-25 00:00:00,Jason,Khumalo,Pretoria,Consumer,Online,Monitor,2.0,2843.77,0.2,102.95,0.15,2170.86,Summer Sale,Card,Completed,,5335.49,
ORD-0004465,C12164,2025-07-22 00:00:00,Zanele,Molefe,,Consumer,Marketplace,Printer,2.0,4570.85,0.0,182.66,0.15,3108.03,None,Card,Pending,,10695.6,
ORD-0002250,C10597,2024-10-04 00:00:00,Thabo,Naidoo,Polokwane,Consumer,Store,Headset,1.0,2595.69,0.15,85.88,0.15,2108.57,None,Card,Completed,Rep A,2623.17,
ORD-0002160,C11830,2024-05-27 00:00:00,Ryan,Botha,Johannesburg,Consumer,Online,Mouse,1.0,912.66,0.05,196.67,0.15,668.82,None,EFT,Completed,,1193.76,
ORD-0004859,C10809,2024-01-31 00:00:00,Sipho,Botha,Johannesburg,Consumer,Phone,Docking Station,5.0,3425.62,0.0,74.39,0.15,2553.04,None,Card,Completed,,19771.69,
ORD-0001300,C11246,2025-09-15 00:00:00,Kabelo,Naidoo,Durban,Consumer,Online,Laptop,2.0,18403.94,0.0,140.59,0.15,10882.49,Payday Promo,EFT,Completed,,36090.66,
ORD-0000854,C10861,2024-11-24 00:00:00,Ryan,Smith,Johannesburg,Consumer,Online,Docking Station,6.0,4764.07,0.15,106.46,0.15,4031.18,None,Bank Transfer,Pending,,28047.75,
ORD-0005044,C12364,2025-04-02 00:00:00,Jason,Patel,Johannesburg,Consumer,Online,Mouse,4.0,307.87,0.0,29.58,0.15,219.5,None,Bank Transfer,Cancelled,,1445.8,
ORD-0004842,C10725,2024-08-19 00:00:00,Naledi,Botha,Pretoria,Corporate,Online,Keyboard,1.0,1045.82,0.1,215.94,0.15,799.06,None,EFT,Completed,,1298.36,
ORD-0002000,C11532,2024-04-02 00:00:00,Fatima,Mthembu,Johannesburg,Small Business,Marketplace,Tablet,1.0,3155.03,0.08,201.45,0.0,1838.58,None,EFT,Completed,,3104.07,
ORD-0000375,C10197,2025-02-26 00:00:00,Siyanda,Mthembu,Johannesburg,Consumer,Marketplace,Mouse,4.0,868.0,0.1,32.1,0.15,717.2,Black Friday,EFT,Completed,,3625.64,
ORD-0005356,C12995,2024-11-18 00:00:00,Lerato,Pillay,Pretoria,Consumer,Marketplace,Monitor,3.0,2897.79,0.08,44.86,0.15,2204.97,None,Cash,Completed,,9242.43,
ORD-0003763,C11757,2025-01-07 00:00:00,Andile,Williams,Nelspruit,Consumer,Store,Mouse,10.0,1375.63,0.25,60.75,0.15,825.02,Black Friday,Card,Cancelled,Rep E,11925.54,
ORD-0001520,C10363,2025-03-16 00:00:00,Zanele,Pillay,Johannesburg,Consumer,Store,Printer,1.0,3943.17,0.2,94.45,0.0,2658.05,None,Mobile Wallet,Completed,Rep E,3248.99,
ORD-0001535,C12735,2025-09-03 00:00:00,Priya,Dlamini,Johannesburg,Consumer,Online,Monitor,6.0,2120.93,0.1,43.46,0.15,1584.53,Summer Sale,Card,Completed,,13214.4,
ORD-0001811,C10115,2025-05-17 00:00:00,Kabelo,Dlamini,Johannesburg,Consumer,Marketplace,Keyboard,6.0,1010.02,0.15,70.7,0.15,761.43,None,Bank Transfer,Cancelled,,5994.45,
ORD-0001387,C11553,2024-02-23 00:00:00,Kabelo,Nkosi,Nelspruit,Consumer,Phone,Headset,2.0,2557.67,0.03,87.94,0.15,1746.59,None,Card,Completed,,5794.11,
ORD-0004369,C10238,2024-01-14 00:00:00,Zanele,Pillay,Durban,Consumer,Online,Webcam,2.0,476.77,0.08,112.21,0.15,324.43,None,Card,Completed,,1121.05,
ORD-0002137,C11220,2024-12-22 00:00:00,Nomsa,Smith,Johannesburg,Consumer,Marketplace,Monitor,3.0,3543.71,0.08,5.76,0.15,2704.78,None,Card,Completed,,11253.51,
ORD-0002579,C12313,2024-01-05 00:00:00,Megan,Smith,Pretoria,Corporate,Phone,Laptop,1.0,11097.13,0.0,138.39,0.15,6838.22,New Customer,Card,Completed,,12900.09,
ORD-0005939,C10985,2025-01-21 00:00:00,Fatima,Smith,Bloemfontein,Consumer,Marketplace,Laptop,2.0,7677.99,0.05,49.2,0.15,6264.58,Back to School,Card,Completed,,16825.61,
ORD-0005256,C10977,2024-03-21 00:00:00,Daniel,Nkosi,Pretoria,Consumer,Marketplace,Laptop,4.0,17608.58,0.15,116.24,0.15,12052.89,None,Card,Cancelled,,68965.79,
ORD-0002204,C11494,2025-04-07 00:00:00,Megan,Mthembu,Durban,Consumer,Online,Tablet,2.0,5743.72,0.25,96.17,0.0,4224.02,None,Card,Completed,,8711.74,
ORD-0002765,C11881,2024-08-14 00:00:00,Thabo,Patel,Cape Town,Consumer,Store,Mouse,1.0,846.24,0.0,122.28,0.15,618.78,None,Bank Transfer,Pending,Rep D,1095.45,
ORD-0001179,C10739,2024-04-09 00:00:00,Zanele,Mthembu,Cape Town,Consumer,Online,Printer,6.0,6226.77,0.03,43.48,0.15,5052.02,None,Card,Completed,,41719.23,
ORD-0002406,C10826,2024-09-29 00:00:00,Naledi,Khumalo,Bloemfontein,Consumer,Online,Printer,7.0,5862.67,0.2,24.66,0.15,4108.87,Back to School,EFT,Completed,,37780.25,
ORD-0000794,C10252,2025-03-31 00:00:00,Megan,Khumalo,Pretoria,Consumer,Online,Printer,6.0,5267.77,0.15,36.88,0.15,3643.25,New Customer,Card,Completed,,30932.33,
ORD-0003826,C12947,02 Dec 2025,Aisha,Khumalo,Johannesburg,Corporate,Online,Headset,2.0,1259.46,0.0,190.6,0.15,782.22,None,Card,Returned,,3087.37,
ORD-0001493,C11339,2025-09-28 00:00:00,Jason,Molefe,Bloemfontein,Consumer,Store,Keyboard,4.0,606.42,0.15,85.6,0.15,389.29,Summer Sale,Card,Completed,Rep B,2456.69,
ORD-0005196,C10700,2024-08-02 00:00:00,Daniel,Khumalo,Benoni,Consumer,Online,Keyboard,8.0,252.48,0.0,129.6,0.14,175.64,None,Card,Returned,,2272.94,
ORD-0004676,C10844,2024-09-24 00:00:00,Kabelo,Dlamini,Pretoria,Corporate,Phone,Printer,2.0,4500.18,0.03,141.46,0.15,2942.39,Back to School,EFT,Completed,,10181.35,
ORD-0005151,C11649,2024-11-15 00:00:00,Megan,Khumalo,Polokwane,Corporate,Online,Keyboard,3.0,283.69,0.05,84.92,0.15,212.44,None,Bank Transfer,Cancelled,,1014.7,
ORD-0004441,C11516,2025-07-10 00:00:00,Naledi,Dlamini,Gqeberha,Small Business,Online,Monitor,2.0,5066.83,0.2,132.98,0.15,4247.37,Black Friday,Card,Completed,,9455.95,
ORD-0001232,C11222,2025-05-08 00:00:00,Naledi,Patel,Gqeberha,Corporate,Store,Docking Station,10.0,3571.03,0%,40.02,0.15,2186.68,None,EFT,Completed,Rep C,41106.9,
ORD-0001499,C12701,2025-07-12 00:00:00,Kabelo,Molefe,Johannesburg,Consumer,Online,Webcam,5.0,1905.23,0.0,16.46,0.0,1218.9,None,Card,Cancelled,,9542.59,9526.15
ORD-0003875,C11978,2024-01-09 00:00:00,Fatima,Patel,Polokwane,Small Business,Online,Webcam,1.0,2289.15,0.1,124.04,0.15,1656.04,None,Card,Cancelled,,2493.31,
ORD-0004939,C10288,2024-05-23 00:00:00,Priya,Nkosi,Cape Town,Consumer,Online,Webcam,1.0,1352.51,0.25,106.62,0.15,1116.25,,Card,Completed,,1273.16,
ORD-0002040,C12434,2024-06-15 00:00:00,Daniel,Mokoena,Cape Town,Consumer,Marketplace,Webcam,6.0,481.96,0.05,2.19,0.15,406.71,None,Mobile Wallet,Completed,,3161.47,
ORD-0003094,C11819,2024-04-07 00:00:00,Ryan,Dlamini,Benoni,Corporate,Online,Printer,1.0,3098.74,0.1,106.11,0.15,1831.31,New Customer,EFT,Cancelled,,3313.3,
ORD-0005340,C10909,2025-03-21 00:00:00,Kabelo,Dlamini,Port Elizabeth,Corporate,Marketplace,Tablet,3.0,2966.41,0.15,48.49,0.15,1833.32,None,Mobile Wallet,Completed,,8747.47,
ORD-0001925,C12848,2024-09-16 00:00:00,Lerato,Mthembu,Durban,Consumer,Online,Router,1.0,3264.76,0.0,109.14,0.15,2444.27,None,Card,Returned,,3863.61,
ORD-0002309,C11296,2024-07-15 00:00:00,Nomsa,Patel,Durban,Corporate,Phone,Docking Station,1.0,2037.88,0.1,32.03,0.15,1532.17,None,EFT,Cancelled,,2141.24,
ORD-0001105,C10592,2024-01-02 00:00:00,Kabelo,Nkosi,Polokwane,Consumer,Online,Laptop,7.0,9303.97,0.05,71.74,0.15,6256.67,Clearance,Bank Transfer,Completed,,71223.85,
ORD-0005624,C11507,2024-09-05 00:00:00,Ryan,Smith,Johannesburg,Corporate, store ,SSD,1.0,2426.55,0.15,101.25,0.15,1774.82, black friday ,Card,Returned,Rep B,2473.2,
ORD-0002890,C10997,2024-03-23 00:00:00,Zanele,Mokoena,Johannesburg,Consumer,Store,SSD,7.0,1625.69,0.0,87.27,0.15,1065.21,None,Card,Pending,Rep B,13174.08,
ORD-0001325,C11294,2025-07-07 00:00:00,Chloe,Botha,Johannesburg,Corporate,Phone,Keyboard,3.0,1284.98,0.2,111.92,0.15,1060.63,Payday Promo,Card,Completed,,3658.48,
ORD-0001800,C10606,2024-10-25 00:00:00,Lerato,Botha,Pretoria,Consumer,Marketplace,Keyboard,2.0,585.04,0.08,36.37,0.15,460.29,New Customer,Bank Transfer,Pending,,1274.32,
ORD-0005958,C11958,2025-01-17 00:00:00,Andile,Williams,Benoni,Corporate,Online,Mouse,1.0,1112.56,0.0,191.61,0.15,712.92,None,Mobile Wallet,Returned,,1471.06,
ORD-0001831,C12315,2024-10-24 00:00:00,Thabo,Nkosi,Johannesburg,Corporate,Online,Headset,1.0,2390.88,0.25,87.77,0.15,1842.31,Summer Sale,Card,Pending,,2149.9,
ORD-0001030,C12022,2025-04-11 00:00:00,Thabo,Patel,Gqeberha,Consumer,Online,Keyboard,2.0,966.18,,109.7,0.15,765.27,None,Card,Completed,,2331.91,
ORD-0004585,C11593,2024-11-01 00:00:00,Megan,Naidoo,Cape Town,Consumer,Online,Mouse,1.0,1165.2,0.0,156.72,0.0,972.95,None,Card,Cancelled,,1321.92,
ORD-0001690,C12160,2024-10-30 00:00:00,Aisha,Mthembu,Benoni,Small Business,Online,Headset,1.0,2565.31,0.08,95.73,0.15,1488.5,None,Card,Completed,,2809.83,
ORD-0002461,C10146,2025-05-18 00:00:00,Daniel,Botha,Cape Town,Consumer,Phone,Headset,3.0,2060.25,0.0,75.8,0.0,1454.37,None,Card,Cancelled,,6256.54,
ORD-0002118,C11711,2025-06-28 00:00:00,Priya,Botha,Pretoria,Consumer,Store,Webcam,1.0,487.64,0.05,82.66,0.15,301.85,New Customer,Card,Completed,Rep B,615.42,
ORD-0000581,C11230,2024-05-08 00:00:00,Mpho,Dlamini,Port Elizabeth,Consumer,Online,Docking Station,4.0,4599.99,0.15,5.45,0.15,3806.31, back to school ,Mobile Wallet,Returned,,17991.42,
ORD-0004166,C12923,2024-05-24 00:00:00,Lerato,Nkosi,Cape Town,Consumer,Online,Office Chair,1.0,7323.81,0.05,83.45,0.15,5442.32,Payday Promo,Card,Completed,,8084.72,
ORD-0004804,C11301,2024-07-30 00:00:00,Aisha,Botha,Gqeberha,Small Business,Phone,Laptop,1.0,11344.35,0.1,92.67,0.15,7627.77,None,Card,Completed,,11834.07,
ORD-0005381,C11942,2025-03-18 00:00:00,Daniel,Pillay,Benoni,Corporate,Online,Mouse,8.0,545.05,0.0,128.2,0.15,417.17,Payday Promo,Card,Completed,,5142.67,
ORD-0000120,C11483,2025-04-18 00:00:00,Andile,Dlamini,Cape Town,Corporate,Phone,Mouse,2.0,805.47,0.0,211.78,0.15,602.22,Summer Sale,Mobile Wallet,Cancelled,,2064.36,
ORD-0004376,C10696,2025-08-20 00:00:00,Chloe,Patel,Pretoria,Corporate,Online,Mouse,2.0,1352.63,0.05,138.58,0.15,946.19,None,Mobile Wallet,Completed,,3094.09,
ORD-0001409,C10992,2025-09-24 00:00:00,Zanele,Mokoena,Polokwane,Corporate,Marketplace,Tablet,2.0,3242.8,0.2,150.26,0.15,1907.34,None,Card,Pending,,6117.02,
ORD-0005554,C12814,2024-01-02 00:00:00,Zanele,Khumalo,Pretoria,Consumer,Online,Keyboard,1.0,1183.43,0.0,196.24,0.15,966.19,None,Cash,Completed,,1557.19,
ORD-0003725,C11279,2024-03-05 00:00:00,Chloe,,Bloemfontein,Consumer,Phone,Webcam,1.0,2132.36,0.15,43.98,0.15,1653.59,None,Card,Completed,,2128.36,
ORD-0004135,C11038,2025-12-22 00:00:00,Thabo,Mokoena,Johannesburg,Small Business,Online,Laptop,4.0,20028.82,0.2,94.68,0.15,12717.14,None,Mobile Wallet,Completed,,73800.75,
ORD-0003429,C11083,2024-12-12 00:00:00,Chloe,Mthembu,Cape Town,Corporate,Marketplace,Laptop,1.0,15435.32,0.15,135.69,0.15,10666.51,Back to School,Card,Completed,,15223.71,
ORD-0004448,C10915,2025-01-22 00:00:00,Sipho,Pillay,Nelspruit,Small Business,Online,Headset,1.0,R 980.94,0.15,55.19,0.15,769.08,Payday Promo,Mobile Wallet,Cancelled,,1014.06,
ORD-0002055,C12219,2025-03-21 00:00:00,Kabelo,Mthembu,Nelspruit,Small Business,Online,Router,2.0,3017.35,0.05,39.54,0.15,2356.29,None,EFT,Completed,,6632.45,
ORD-0002861,C11833,2025-11-16 00:00:00,Siyanda,Pillay,Cape Town,Consumer,Online,Mouse,3.0,407.36,0.05,104.59,0.15,344.35,None,Card,Cancelled,,1439.72,
ORD-0003737,C12659,2024-12-27 00:00:00,Fatima,Nkosi,Pretoria,Corporate,Online,Monitor,3.0,4209.25,0.05,127.68,0.15,3352.96,New Customer,Mobile Wallet,Completed,,13923.49,
ORD-0000808,C11039,2025-01-02 00:00:00,Nomsa,Williams,Gqeberha,Consumer,Store,Office Chair,1.0,8624.6,0.08,195.54,0.15,6647.37,None,Card,Cancelled,Rep A,9475.71,
ORD-0003258,C11745,2025-03-29 00:00:00,Naledi,Patel,Nelspruit,Small Business,Phone,Laptop,1.0,12200.13,0.1,179.6,0.15,9845.03,Summer Sale,EFT,Pending,,12806.73,
ORD-0004062,C11492,2024-07-24 00:00:00,Sipho,Naidoo,,Consumer,Online,Mouse,2.0,738.43,0.25,99.73,0.15,450.1,None,Card,Completed,,1373.52,
ORD-0004786,C11157,2025-08-24 00:00:00,Thabo,Williams,Pretoria,Small Business,Store,Headset,1.0,1336.3,0.0,110.36,0.15,876.22,None,Card,Completed,Rep B,1647.1,
ORD-0001383,C11160,2024-03-16 00:00:00,Chloe,Khumalo,Johannesburg,Consumer,Online,Mouse,7.0,917.09,0.05,104.59,0.15,590.46,Payday Promo,Card,Completed,,7118.07,6419.63
ORD-0000068,C10704,2024-05-13 00:00:00,Andile,Khumalo,Johannesburg,Consumer,Online,Laptop,2.0,19044.76,0.05,97.86,0.15,15912.87,None,Card,Completed,,41710.67,
ORD-0002354,C11501,2024-04-12 00:00:00,Sipho,Pillay, bloemfontein ,Corporate,Marketplace,Office Chair,4.0,7936.81,0.15,1.6,0.15,5412.33,Summer Sale,Card,Completed,,31034.52,
ORD-0000860,C12017,2025-08-14 00:00:00,Zanele,Smith,Bloemfontein,Small Business,Online,Tablet,8.0,10614.75,0.1,82.31,0.15,7716.44,New Customer,Card,Pending,,87972.42,
ORD-0000044,C10461,2025-02-07 00:00:00,Daniel,Botha,Johannesburg,Corporate,Phone,Monitor,10.0,6110.94,0.2,35.19,0.0,3627.78,Summer Sale,Card,Returned,,48922.72,61109.4
ORD-0003153,C12374,2024-03-08 00:00:00,Siyanda,Naidoo,Benoni,Corporate,Store,Mouse,2.0,317.31,0.05,38.34,0.15,249.21,None,Bank Transfer,Cancelled,Rep C,731.65,
ORD-0004940,C10983,2024-05-28 00:00:00,Daniel,Smith,Pretoria,Corporate,Online,Monitor,5.0,4655.08,0.0,71.06,0.14,3803.15,Black Friday,Card,Completed,,26604.99,
ORD-0000113,C11599,2024-09-12 00:00:00,Sipho,Naidoo,Benoni,Small Business,Online, mouse ,1.0,290.01,0.2,212.31,0.15,177.83,,Card,Returned,,479.12,
ORD-0005953,C11473,2025-03-06 00:00:00,Mpho,Naidoo,Johannesburg,Small Business,Store,Laptop,1.0,17396.3,0.08,62.11,0.15,11711.41,None,Card,Completed,Rep E,18467.39,
ORD-0003901,C10914,2025-08-08 00:00:00,Zanele,Patel,Nelspruit,Consumer,Online,Webcam,2.0,749.01,0.03,53.72,0.15,621.85,Black Friday,Card,Returned,,1724.76,
ORD-0002154,C11493,2025-06-30 00:00:00,Jason,Patel,Polokwane,Corporate,Online,Mouse,2.0,1130.57,0.05,94.92,0.15,848.27,Clearance,Card,Completed,,2565.21,
ORD-0005192,C12989,2024-08-09 00:00:00,Jason,Patel,Johannesburg,Small Business,Marketplace,Tablet,2.0,9748.07,0.08,94.49,0.15,7356.56,Payday Promo,Card,Completed,,20721.4,
ORD-0003613,C10010,2024-08-11 00:00:00,Lerato,Smith,Gqeberha,Small Business,Phone,Headset,5.0,1112.62,0.25,4.6,0.15,716.2,None,Card,Returned,,4802.77,
ORD-0003036,C12269,2024-10-15 00:00:00,Jason,Dlamini,Nelspruit,Consumer,Store,Keyboard,1.0,1941.58,0.03,51.82,0.15,1227.04,None,EFT,Completed,Rep C,2217.65,
ORD-0001503,C10792,2025-05-23 00:00:00,Jason,Dlamini,Gqeberha,Consumer,Online,Router,4.0,734.22,0.0,57.24,0.15,493.25,New Customer,Mobile Wallet,Completed,,3434.64,
ORD-0005036,C11843,2024-07-28 00:00:00,Siyanda,Botha,Cape Town,Consumer,Online,Tablet,1.0,4168.91,0.05,215.7,0.15,3007.4,Clearance,Mobile Wallet,Completed,,4770.24,
ORD-0005257,C12360,2025/01/12,Megan,Khumalo,Durban,Small Business,Online,Headset,8.0,2359.54,0.05,26.42,0.15,1926.81,None,Card,Pending,,20648.84,
ORD-0001582,C12249,2024-04-06 00:00:00,Priya,Mokoena,Cape Town,Consumer,Online,Mouse,1.0,964.94,0.0,199.9,0.15,775.42,None,Card,Pending,,1309.58,
ORD-0001144,C11061,2025-03-15 00:00:00,Sipho,Khumalo,Johannesburg,Consumer,Online,Docking Station,5.0,1434.13,0.1,14.92,0.0,1089.6,Payday Promo,Mobile Wallet,Cancelled,,6468.5,
ORD-0003098,C12745,2024-10-30 00:00:00,Lerato,Mokoena,Cape Town,Consumer,Online,Monitor,3.0,2115.19,0.05,105.22,0.15,1676.15,Black Friday,Cash,Completed,,7037.76,
ORD-0002684,C10653,2025-01-13 00:00:00,Siyanda,Pillay,Pretoria,Corporate,Online,Laptop,2.0,19249.62,0.2,176.93,0.15,14760.76,Clearance,Card,Completed,,35596.24,
ORD-0005280,C10643,2024-02-19 00:00:00,Chloe,Williams,Johannesburg,Corporate,Store,Headset,4.0,1021.36,0.25,27.04,0.15,619.97,None,Card,Completed,Rep B,3550.74,
ORD-0003314,C10767,2024-11-26 00:00:00,Aisha,Pillay,Bloemfontein,Consumer,Online,Laptop,10.0,18546.78,0.15,121.29,0.14,14653.93,Black Friday,EFT,Completed,,179839.58,
ORD-0005294,C10926,2025-12-09 00:00:00,Kabelo,Nkosi,Benoni,Corporate,Store,Tablet,2.0,8232.76,0.0,41.3,0.0,5071.82,New Customer,Mobile Wallet,Completed,Rep C,16506.82,
ORD-0003883,C11560,2025-06-15 00:00:00,Jason,Pillay,Pretoria,Consumer,Online,Laptop,1.0,14387.81,0.05,39.81,0.15,11295.14,None,Mobile Wallet,Completed,,15758.49,
ORD-0005480,C10190,2024-08-30 00:00:00,Ryan,Patel,Durban,Corporate,Online,Laptop,1.0,"R 9,279.34",0.0,34.4,0.15,7015.7,Black Friday,Mobile Wallet,Returned,,10705.64,
ORD-0005855,C11528,2024-08-10 00:00:00,Naledi,Nkosi,Gqeberha,Consumer,Phone,Printer,1.0,3072.96,0.1,116.0,0.15,2588.18,Payday Promo,Mobile Wallet,Completed,,3296.51,
ORD-0000328,C10563,2025-01-11 00:00:00,Siyanda,Molefe,Pretoria,Consumer,Online,Monitor,5.0,5451.25,0.0,65.03,0.15,4166.37,None,EFT,Pending,,31409.72,
ORD-0004019,C12966,2024-03-14 00:00:00,Lerato,Pillay,Johannesburg,Corporate,Marketplace,Router,3.0,2086.9,0.0,0.17,0.15,1780.96,,Card,Pending,,7199.96,
ORD-0002052,C11834,2025-06-09 00:00:00,Kabelo,Khumalo,Nelspruit,Corporate,Phone,SSD,2.0,2360.56,0.2,119.52,0.15,1578.77,None,Card,Returned,,4462.95,
ORD-0002648,C11348,2024-02-23 00:00:00,Siyanda,Patel,Pretoria,Consumer,Online,Keyboard,2.0,1654.94,0.0,178.6,0.15,1187.99,,EFT,Completed,,3984.96,
ORD-0004086,C10507,2024-09-03 00:00:00,Megan,Molefe,Benoni,Corporate,Online,Office Chair,1.0,2642.96,0.15,204.84,0.15,1856.44,None,Card,Completed,,2788.34,
ORD-0000180,C12914,2024-10-06 00:00:00,Thabo,Dlamini,Polokwane,Consumer,Online,Laptop,4.0,21449.87,0.1,138.7,0.15,14964.46,Payday Promo,Card,Completed,,88941.17,
ORD-0002092,C12232,2024-03-08 00:00:00,Fatima,Molefe,Durban,Corporate,Online,Webcam,1.0,994.39,0.05,129.55,0.15,750.72,None,Bank Transfer,Completed,,1215.93,
ORD-0002994,C12956,2024-08-14 00:00:00,Naledi,Nkosi,Johannesburg,Consumer,Online,Docking Station,4.0,4083.25,0.03,85.72,0.15,3281.86,None,EFT,Cancelled,,18305.19,
ORD-0002582,C11144,2024-07-19 00:00:00,Megan,Mthembu,Pretoria,Corporate,Online,Laptop,1.0,19769.24,0.1,51.48,0.15,15549.49,None,Card,Cancelled,,20512.65,
ORD-0004018,C11774,2024-11-06 00:00:00,Ryan,Khumalo,Pretoria,Consumer,Online,Laptop,2.0,7542.44,0.1,154.21,0.15,5015.69,None,Bank Transfer,Completed,,20357.89,
ORD-0003958,C10353,2024-01-28 00:00:00,Zanele,Mthembu,Durban,Consumer,Online,Tablet,1.0,6906.74,0.03,125.22,0.15,4583.02,New Customer,Card,Completed,,7829.69,
ORD-0004702,C12062,2025-09-28 00:00:00,Thabo,Smith,Benoni,Consumer,Online,Tablet,1.0,3706.76,0.1,,0.15,3154.74,Back to School,Card,Completed,,3887.73,
ORD-0002744,C10612,2024-09-13 00:00:00,Siyanda,Mthembu,Gqeberha,Corporate,Online,Headset,1.0,742.27,0.0,44.51,0.15,484.25,Clearance,Card,Cancelled,,898.12,
ORD-0000520,C10222,2024-11-05 00:00:00,Naledi,Dlamini,Durban,Consumer,Online,Laptop,4.0,14639.72,0.05,45.5,0.15,10588.27,New Customer,Card,Completed,,64021.09,
ORD-0003307,C11466,2025-03-11 00:00:00,Fatima,Khumalo,Benoni,Consumer,Online,Headset,4.0,2367.78,0.08,89.65,0.15,1549.78,New Customer,Card,Completed,,10110.11,
ORD-0003216,C11665,2024-05-25 00:00:00,Nomsa,Nkosi,Durban,Consumer,Online,SSD,10.0,1341.91,0.0,129.58,0.15,1059.17,None,Cash,Completed,,15561.58,
ORD-0000289,C11936,2024-11-02 00:00:00,Mpho,Nkosi,Durban,Small Business,Online,Monitor,2.0,2803.03,0.03,111.99,0.15,1928.51,Summer Sale,Card,Pending,,5824.93,
ORD-0003219,C12550,2025-08-02 00:00:00,Lerato,Botha,Johannesburg,Corporate,Online,Router,7.0,2306.81,0.0,138.22,0.15,1572.07,Summer Sale,EFT,Pending,,18708.01,
ORD-0005595,C11702,2025-07-28 00:00:00,Daniel,Mokoena,Benoni,Consumer,Phone,Tablet,5.0,9843.03,0.03,70.85,0.15,7882.76,None,Card,Completed,,54970.34,
ORD-0005234,C10102,2024-06-02 00:00:00,Sipho,Nkosi,Johannesburg,Consumer,Phone,Router,1.0,2018.61,0.05,99.86,0.15,1185.95,Payday Promo,Bank transfer,Cancelled,,2305.19,
ORD-0004648,C12438,2024-10-31 00:00:00,Megan,Nkosi,Johannesburg,Consumer,Online,Router,2.0,1552.66,0.2,185.06,0.15,1004.33,None,Bank Transfer,Returned,,3041.94,
ORD-0005132,C11710,2024-06-07 00:00:00,Aisha,Williams,Polokwane,Consumer,Marketplace,Laptop,1.0,10665.3,0.0,83.96,0.15,6555.8,Summer Sale,Mobile Wallet,Cancelled,,12349.05,
ORD-0002414,C12110,2025-05-13 00:00:00,Sipho,Smith,Johannesburg,Corporate,Online,Laptop,4.0,19222.62,0.2,124.45,0.15,11295.68, none ,EFT,Completed ,,70863.7,
ORD-0003182,C10819,2025-02-18 00:00:00,Andile,Naidoo,Cape Town,Consumer,Marketplace,Keyboard,2.0,354.2,0.05,44.23,0.15,295.2,Summer Sale,Card,Completed,,818.16,
ORD-0000782,C12108,2024-09-05 00:00:00,Naledi,Smith,Johannesburg,Consumer,Online,Tablet,4.0,7155.44,0.2,148.48,0.15,6084.79,None,Bank Transfer,Completed,,26480.49,
ORD-0002347,C10641,2024-03-25 00:00:00,Lerato,Naidoo,Durban,Consumer,Marketplace,Printer,3.0,5185.76,0.1,3.68,0.15,4247.11,None,Mobile Wallet,Completed,,16105.45,
ORD-0001123,C10569,2025-05-23 00:00:00,Andile,Dlamini,Benoni,Small Business,Marketplace,Office Chair,3.0,5627.72,0.05,88.07,0.0,3472.36,None,Card,Cancelled,,16127.08,
ORD-0000203,C11321,2025-06-16 00:00:00,Zanele,Khumalo,Bloemfontein,Corporate,Phone,Monitor,5.0,2513.33,0.0,24.12,0.0,1810.83,Black Friday,EFT,Completed,,12590.79,
ORD-0001802,C12001,2025-05-05 00:00:00,Andile,Mokoena,Gqeberha,Small Business,Online,Laptop,2.0,7646.95,0.2,183.65,0.15,6146.28,Summer Sale,Card,Pending,,14254.04,
ORD-0001597,C11356,2025-05-26 00:00:00,Chloe,Khumalo,Pretoria,Corporate, marketplace ,Headset,3.0,2079.62,0.0,116.49,0.15,1599.39,None,Card,Cancelled,,7291.19,
ORD-0000075,C11570,2025-10-30 00:00:00,Megan,Botha,Nelspruit,Corporate,Online,SSD,4.0,"R 1,636.54",0.25,38.0,0.0,1090.82,None,Card,Completed,,4947.6,
ORD-0004454,C11191,2024-10-05 00:00:00,Mpho,Smith,Cape Town,Consumer,Online,Webcam,1.0,2208.43,0.0,30.05,0.15,1801.43,None,Card,Completed,,2569.74,2208.43
ORD-0000041,C10169,2025-09-17 00:00:00,Megan,Williams,Nelspruit,Consumer,Store,Laptop,2.0,17609.98,0.05,103.59,0.15,13727.49,Payday Promo,EFT,Completed,Rep B,38581.39,
ORD-0000731,C11383,2025-11-20 00:00:00,Priya,Nkosi,Johannesburg,Corporate,Online,Laptop,1.0,10121.75,0.03,210.23,0.15,8145.41,None,Card,Cancelled,,11501.04,10121.75
ORD-0002647,C12777,2024-04-03 00:00:00,Mpho,Khumalo,Benoni,Small Business,Store,Headset,1.0,2357.46,0.05,85.88,0.15,1894.45,None,Card,Completed,Rep D,2661.4,
ORD-0000110,C11324,2025-11-10 00:00:00,Zanele,Mokoena,Gqeberha,Corporate,Online,Mouse,8.0,1110.82,0.05,121.36,0.15,772.51,None,Bank Transfer,Completed,,9829.97,
ORD-0005378,C12857,2025-03-16 00:00:00,Andile,Mokoena,Nelspruit,Consumer,Online,Mouse,4.0,972.29,0.05,119.87,0.15,565.12,None,EFT,Completed,,4368.78,
ORD-0005051,C12317,2024-02-29 00:00:00,Ryan,Mokoena,Benoni,Corporate,Online,Monitor,4.0,5108.75,0.0,14.02,0.15,3280.15,Black Friday,Card,Cancelled,,23514.27,
ORD-0000193,C12091,2025-04-13 00:00:00,Sipho,Patel,Cape Town,Corporate,Online,Headset,1.0,1742.91,0.03,59.22,0.0,1313.4,None,Card,Completed,,1749.84,
ORD-0005637,C11253,2024-09-01 00:00:00,Chloe,Pillay,Polokwane, consumer ,Store,Headset,1.0,823.47,0.15,196.58,0.15,609.38,Black Friday,Mobile Wallet,Completed,Rep E,1001.52,
ORD-0003006,C11633,2025-08-10 00:00:00,Kabelo,Mokoena,Cape Town,Consumer,Store,Router,1.0,2569.82,0.15,121.69,0.15,2039.83,Payday Promo,Card,Completed,Rep C,2633.69,
ORD-0003622,C12372,2024-03-20 00:00:00,Kabelo,Nkosi,Johannesburg,Consumer,Online,Webcam,3.0,459.99,0.0,20.64,0.15,390.03,None,Card,Completed,,1607.6,
ORD-0005352,C11698,2025-04-07 00:00:00,Chloe,Mthembu,Nelspruit,Consumer,Online,Keyboard,1.0,1782.03,0.0,59.67,0.15,1366.01,Back to School,Card,Completed,,2109.01,
ORD-0001369,C12159,2025-05-24 00:00:00,Priya,Mokoena,Pretoria,Consumer,Online,Laptop,3.0,21990.89,0.03,40.42,0.14,16254.61,None,Card,Completed,,72992.99,
ORD-0004393,C11372,2024-02-17 00:00:00,Zanele,Smith,Johannesburg,Small Business,Online,Headset,10.0,1511.1,0.15,40.49,0.15,1204.87,Summer Sale,EFT,Completed,,14811.51,
ORD-0001710,C12237,2024-06-23 00:00:00,Ryan,Williams,Pretoria,Consumer,Phone,Laptop,4.0,9260.47,0.1,98.66,0.15,7674.84,None,Card,Pending,,38437.01,
ORD-0005489,C12574,2025-08-09 00:00:00,Aisha,Smith,Cape Town,Small Business,Store, mouse ,1.0,1251.56,0.08,54.28,0.15,936.52,None,Bank Transfer,Completed,Rep C,1378.43,
ORD-0000043,C12065,2025-05-01 00:00:00,Fatima,Smith,Johannesburg,Consumer,Store,Router,3.0,1726.02,0.08,29.21,0.15,1197.29,None,EFT,Completed,Rep E,5507.6,
ORD-0005925,C11723,2024-10-21 00:00:00,Chloe,Mthembu,Gqeberha,Corporate,Marketplace,Keyboard,1.0,2016.11,0.05,140.19,0.0,1423.66,None,EFT,Completed,,2055.5,2016.11
ORD-0004187,C12270,2025-12-24 00:00:00,Zanele,Mokoena,Benoni,Small Business,Store,Monitor,4.0,3588.94,0.05,96.05,0.0,2947.97,None,EFT,Completed,Rep A,13734.01,
ORD-0004089,C10635,2024-11-15 00:00:00,Kabelo,Nkosi,Nelspruit,Small Business,Marketplace,Monitor,2.0,7278.4,0.0,102.95,0.15,4555.2,None,Card,Completed,,16843.28,
ORD-0001674,C10031,2024-02-22 00:00:00,Chloe,Dlamini,Johannesburg,Corporate,Marketplace,Tablet,2.0,2927.77,0.03,186.65,0.15,2237.67, none ,Mobile Wallet,Returned,,6718.51,
ORD-0001015,C11635,2024-04-18 00:00:00,Priya,Williams,Polokwane,Corporate,Online,Headset,1.0,633.74,0.1,56.81,0.15,399.42,None,Mobile Wallet,Completed,,712.73,
ORD-0002818,C12365,15 May 2024,Aisha,Botha,Benoni,Corporate,Store,Mouse,1.0,786.81,0.0,210.77,0.0,669.0,None,EFT,Completed,Rep D,997.58,
ORD-0000917,C11102,2024-10-23 00:00:00,Mpho,Smith,Polokwane,Consumer,Store,Mouse,1.0,1272.19,0.0,137.52,0.15,766.86,None,Card,Completed,Rep B,1600.54,
ORD-0005721,C11104,2024-10-04 00:00:00,Thabo,Pillay,Pretoria,Corporate,Online,SSD,3.0,2173.59,0.2,130.34,0.15,1422.47,None,EFT,Pending,,6129.45,6520.77
ORD-0003279,C12839,2025-05-04 00:00:00,Ryan,Dlamini,Benoni,Consumer,Online,Headset,2.0,787.32,0.0,116.81,15%,613.65,Payday Promo,Bank Transfer,Returned,,1927.64,
ORD-0001893,C10107,2024-05-09 00:00:00,Zanele,Naidoo,Nelspruit,Corporate,Marketplace,Office Chair,2.0,3958.63,0.08,85.67,0.14,3114.94,None,Mobile Wallet,Completed,,8389.29,
ORD-0001982,C11180,2024-05-31 00:00:00,Daniel,Naidoo,,Consumer,Online,Headset,1.0,382.58,0.0,30.46,0.15,292.07,None,Bank Transfer,Completed,,470.42,
ORD-0002215,C10317,2024-11-12 00:00:00,Kabelo,Dlamini,Pretoria,Corporate,Online,Keyboard,1.0,931.98,0.0,206.62,0.15,705.49,New Customer,Mobile Wallet,Completed,,1278.41,
ORD-0004499,C12893,2024-06-09 00:00:00,Mpho,Williams,,Small Business,Online,Mouse,5.0,633.83,0.15,40.63,0.15,485.14,Black Friday,Card,Completed,,3138.46,
ORD-0001323,C11508,2024-03-07 00:00:00,Aisha,Smith,Polokwane,Consumer,Online,Headset,1.0,1524.2,0.08,115.08,0.15,1021.06,Summer Sale,Mobile Wallet,Pending,,1727.68,
ORD-0005701,C11204,2025-04-17 00:00:00,Priya,Khumalo,Johannesburg,Consumer,Phone,Router,10.0,2447.49,0.03,22.46,0.15,1785.5,Back to School,Cash,Returned,,27324.19,
ORD-0003328,C10542,2025-09-12 00:00:00,Sipho,Khumalo,Cape Town,Consumer,Phone,Keyboard,1.0,1098.18,0.05,166.08,0.15,799.93,None,EFT,Completed,,1365.85,
ORD-0003784,C12435,2024-08-18 00:00:00,Lerato,Naidoo,Durban,Consumer,Store,Tablet,7.0,3112.4,0.08,100.18,0.0,2433.17,Clearance,Mobile Wallet,Cancelled,Rep C,20144.06,
ORD-0002728,C12277,2024-04-09 00:00:00,Priya,Botha,Johannesburg,Corporate,Phone,Office Chair,2.0,6975.7,0.2,105.61,0.15,5405.61,Black Friday,Cash,Cancelled,,12940.9,
ORD-0004315,C12575,2024-09-06 00:00:00,Daniel,Mthembu,Benoni,Consumer,Online,Keyboard,6.0,813.97,25%,85.44,0.15,600.61,None,Card,Cancelled,,4297.73,
ORD-0000870,C11300,2025-08-08 00:00:00,Sipho,Smith,Benoni,Consumer,Store,Mouse,2.0,774.94,0.2,117.62,0.15,458.88,Payday Promo,Cash,Completed,Rep A,1543.51,
ORD-0001607,C12127,2025-12-01 00:00:00,Lerato,Smith,Pretoria,Consumer,Marketplace,Laptop,1.0,20798.04,0.1,74.21,0.15,15829.98,None,EFT,Pending,,21600.19,
ORD-0002303,C12361,2025-07-23 00:00:00,Jason,Dlamini,Benoni,Consumer,Online,Monitor,10.0,3578.57,0.0,14.0,0.15,2304.89,Black Friday,EFT,Cancelled,,41167.57,
ORD-0004224,C11708,2025-10-03 00:00:00,Aisha,Dlamini,Johannesburg,Small Business,Marketplace,Monitor,1.0,6558.8,0.03,116.93,0.15,4179.65, back to school ,EFT,Completed,,7433.28,
ORD-0000366,C11468,11-12-2024,Priya,Williams, cape town ,Consumer,Online,Headset,1.0,1729.88,0.0,57.19,0.15,1280.59,New Customer,Bank Transfer,Returned,,2046.56,
ORD-0004134,C10547,2024-04-02 00:00:00,Nomsa,Molefe,Benoni,Consumer, marketplace ,Office Chair,2.0,7937.85,0.05,191.6,0.15,4840.97,None,Card,Completed,,17535.8,
ORD-0005673,C12821,2025-06-06 00:00:00,Nomsa,Dlamini,Bloemfontein,Consumer,Online,Laptop,5.0,12231.87,0.25,5.36,0.15,10235.75,None,Mobile Wallet,Completed,,76470.22,
ORD-0000046,C12014,2025-05-03 00:00:00,Aisha,Mthembu,Pretoria,Consumer,Online,Headset,5.0,1583.66,0.1,80.03,0.0,943.06,Clearance,Card,Completed,,7206.48,
ORD-0004608,C10199,2024-03-20 00:00:00,Mpho,Nkosi,Pretoria,Consumer,Phone,Office Chair,10.0,3003.54,0.05,12.58,0.15,2564.26,Back to School,Cash,Completed,,32826.24,
ORD-0000334,C12854,2025-07-18 00:00:00,Chloe,Botha,Pretoria,Consumer,Store,Office Chair,10.0,4339.47,0.08,55.49,0.15,3660.61,Summer Sale,Card,Completed,Rep D,45967.09,
ORD-0003040,C11186,2024-08-24 00:00:00,Lerato,Khumalo,Johannesburg,Corporate,Online,Printer,2.0,4796.69,0.0,199.08,0.15,3398.56,None,Card,Returned,,11231.47,
ORD-0005631,C11145,2024-06-19 00:00:00,Lerato,Mthembu,JHB,Consumer,Online,SSD,2.0,3677.79,0.0,49.07,0.15,2461.8,New Customer,Card,Completed,,8507.98,
ORD-0001754,C12186,2024-06-05 00:00:00,Naledi,Smith,Cape Town,Consumer,Store,Mouse,6.0,302.96,0.0,143.4,0.15,224.98,Payday Promo,EFT Transfer,Returned,Rep C,2233.81,
ORD-0001225,C12515,2025-12-17 00:00:00,Fatima,Dlamini,Johannesburg,Consumer,Online,Laptop,1.0,16635.93,0.15,143.3,0.15,11501.14,None,Card,Completed,,16404.92,
ORD-0000728,C12598,2025-04-30 00:00:00,Zanele,Molefe,Polokwane,Corporate,Online,SSD,1.0,2803.81,0.15,204.94,0.15,2402.29,Back to School,EFT,Completed,,2945.67,
ORD 0005850,C12794,2024-12-03 00:00:00,Mpho,Williams,Pretoria,Consumer,Store,Keyboard,3.0,1787.98,0.05,12.41,0.15,1218.4,Black Friday,Card,Pending,Rep E,5872.51,
ORD-0003374,C11783,2024-06-15 00:00:00,Zanele,Pillay,Cape Town,Small Business,Marketplace,SSD,10.0,982.0,0.0,82.08,0.15,776.27,None,Mobile Wallet,Completed,,11375.13,
ORD-0002608,C10136,2024-01-26 00:00:00,Kabelo,Pillay,Johannesburg,Small Business,Store,Office Chair,1.0,5651.36,0.15,,0.15,3460.56,Black Friday,Card,Completed,Rep D,5668.67,
ORD-0002191,C10168,2025-01-18 00:00:00,Andile,Dlamini,Nelspruit,Consumer,Phone,Keyboard,4.0,913.16,0.1,100.56,0.15,732.84,Summer Sale,Card,Completed,,3881.06,
ORD-0002072,C12452,2025-12-14 00:00:00,Naledi,Williams,Pretoria,Corporate,Phone,Webcam,4.0,2082.65,0.0,7.74,0.15,1266.04,None,EFT,Completed,,9587.93,
ORD-0004212,C12954,2025-03-10 00:00:00,Zanele,Patel,CapeTown,Corporate,Online,Webcam,1.0,2396.05,0.1,112.35,0.15,1798.83,Summer Sale,Card,Completed,,2592.27,
ORD-0005576,C11352,2024-09-20 00:00:00,Nomsa,Botha,Pretoria,Consumer,Online,Laptop,3.0,14504.62,0.15,77.28,0.15,9436.28,None,Card,Completed,,42612.09,
ORD-0000181,C10623,2025-02-23 00:00:00,Daniel,Smith,Nelspruit,Corporate,Phone,SSD,1.0,1171.22,0.05,98.56,0.15,925.07,None,Cash,Completed,,1378.12,
ORD-0003370,C11397,2025-05-17 00:00:00,Lerato,Molefe,Benoni,Corporate,Online,Keyboard,4.0,1014.11,0.0,78.69,0.15,656.12,None,EFT,Completed,,4743.59,
ORD-0000964,C12321,2025-03-17 00:00:00,Lerato,Naidoo,Bloemfontein,Consumer,Online,Keyboard,6.0,1309.1,0.2,70.09,0.15,1013.5,Black Friday,Cash,Pending,,7296.34,
ORD-0003471,C11645,2024-01-15 00:00:00,Chloe,Dlamini,Benoni,Consumer,Phone,SSD,5.0,3850.27,0.0,6.6,0.15,2508.32,None,Mobile Wallet,Completed,,22145.67,
ORD-0003474,C10225,2024-04-30 00:00:00,Thabo,Mokoena,Johannesburg,Consumer,Online,Monitor,3.0,6953.23,0.0,51.49,0.15,5224.35,None,EFT,Pending,,24040.13,
ORD-0002389,C10161,2025-10-25 00:00:00,Priya,Khumalo,Cape Town, consumer ,Online,Mouse,3.0,317.14,0.1,42.13,0.15,223.78,None,Card,Completed,,1026.86,
ORD-0003372,C10712,2025-12-18 00:00:00,Chloe,Patel,Johannesburg,Consumer,Store,Mouse,1.0,766.01,0.0,193.06,0.15,560.02,Back to School,EFT,Completed,Rep C,1073.97,
ORD-0000233,C11742,2024-02-13 00:00:00,Kabelo,Molefe,Nelspruit,SMB,Online,Mouse,5.0,1272.96,0.0,112.85,0.0,803.46,None,Bank Transfer,Completed,,6477.67,
ORD-0005841,C11638,2025-04-21 00:00:00,Sipho,Pillay,Cape Town,Consumer,Phone,Laptop,2.0,10276.89,0.2,179.53,0.15,7368.33,None,Card,Completed,,19089.01,
ORD-0001302,C10138,2024-04-01 00:00:00,Ryan,Naidoo,Benoni,Small Business,Online,Webcam,1.0,1820.34,0.0,53.72,0.15,1087.08,Back to School,Bank Transfer,Completed,,2147.12,
ORD-0001090,C12558,2024-08-05 00:00:00,Priya,Pillay,Durban,Consumer,Phone,Laptop,2.0,9911.5,0.1,177.12,0.15,8415.37,None,Bank Transfer,Completed,,20693.93,
ORD-0003984,C10737,2025-04-15 00:00:00,Lerato,Williams,Bloemfontein,Consumer,Online,Webcam,1.0,2160.2,0.0,168.73,0.14,1765.64,Summer Sale,Card,Cancelled,,2631.36,
ORD-0004512,C12245,2024-05-23 00:00:00,Ryan,Botha,Johannesburg,Consumer,Online,Laptop,3.0,13966.25,0.1,140.33,0.15,10344.64,Black Friday,Mobile Wallet,Completed,,43505.52,
ORD-0001551,C10952,2025-09-30 00:00:00,Mpho,Dlamini,Johannesburg,Consumer,Online,Headset,1.0,1421.01,0.03,31.5,0.15,833.0,Payday Promo,EFT,Completed,,1616.64,
ORD-0000077,C10955,2025-04-18 00:00:00,Mpho,Molefe,Polokwane,Consumer,Online,Monitor,2.0,4891.46,0.03,191.29,0.15,3864.58,None,Bank Transfer,Cancelled,,11104.14,
ORD-0005463,C10581,2025-06-19 00:00:00,Zanele,Smith,Pretoria,Consumer,Online,Tablet,5.0,5987.82,0.05,128.81,0.15,3489.79,None,Card,Completed,,32837.27,
ORD-0000234,C12794,2024-10-27 00:00:00,Chloe,Patel,Pretoria,Small Business,Online,Webcam,4.0,1953.46,0.05,68.85,0.15,1420.73,Clearance,Card,Cancelled,,8605.48,
ORD-0001429,C10671,2024-03-04 00:00:00,Daniel,Mthembu,Cape Town,Corporate,Online,SSD,2.0,1386.75,0.0,179.18,0.15,927.16,None,Card,Returned,,3368.7,2773.5
ORD-0005131,C10225,2024-02-18 00:00:00,Kabelo,Dlamini,Pretoria,Consumer,Marketplace,Keyboard,1.0,857.29,,168.73,0.15,611.35,None,Card,Returned,,957.43,
ORD-0000257,C11740,2025-02-02 00:00:00,Lerato,Pillay,Durban,Small Business,Online,Headset,1.0,1398.52,0.0,145.62,0.15,1094.22,None,Card,Pending,,1753.92,
ORD-0003782,C10394,2024-12-04 00:00:00,Thabo,Pillay,Gqeberha,Consumer,Marketplace,Keyboard,4.0,1343.79,0.0,76.76,0.15,984.07,None,Card,Pending,,6258.21,
ORD-0002227,C12932,2024-07-24 00:00:00,Nomsa,Khumalo,Durban,Consumer,Store,SSD,3.0,3906.43,0.0,96.32,0.15,3005.31,Payday Promo,EFT,Returned,Rep E,13573.51,
ORD-0002882,C12366,2024-03-12 00:00:00,Mpho,Khumalo,Pretoria,Consumer,Marketplace,Laptop,1.0,21407.48,,158.08,0.15,17498.36,None,Card,Completed,,22314.83,
ORD-0000319,C11485,2024-09-07 00:00:00,Naledi,Nkosi,Gqeberha,Corporate,Store,Monitor,2.0,5539.01,0.0,112.1,0.15,4014.87,Summer Sale,Cash,Cancelled,Rep B,12851.81,
ORD-0001257,C10442,2024-10-03 00:00:00,Fatima,Williams,Polokwane,Corporate,Online,Headset,1.0,1754.27,0.03,158.41,0.15,1452.14,New Customer,Card,Completed,,2358.55,
ORD-0003127,C12580,2024-05-12 00:00:00,Daniel,Naidoo,Nelspruit,Consumer,Online,SSD,1.0,3313.34,0.1,36.06,0.15,2338.16,Summer Sale,Card,Completed,,3465.36,
ORD-0000155,C11263,2025-01-29 00:00:00,Aisha,Smith,Pretoria,Corporate, store ,Docking Station,2.0,4961.3,0.05,202.95,0.14,3615.95,None,Cash,Returned,Rep E,10949.12,
ORD-0003286,C12683,2024-10-26 00:00:00,Naledi,Williams,Gqeberha,Small Business,Online,Mouse,2.0,871.55,0.05,36.39,0.15,556.43,None,Mobile Wallet,Pending,,1940.72,
ORD-0004149,C11343,2024-02-05 00:00:00,Kabelo,Pillay,Durban,Consumer,Marketplace,Monitor,3.0,6598.39,0.15,73.49,0.15,5139.74,None,Cash,Returned,,19423.28,
ORD-0005350,C12076,2025-09-20 00:00:00,Nomsa,Khumalo,Gqeberha,Consumer,Store,Tablet,2.0,10948.09,0.03,92.84,0.14,8831.78,Clearance,Card,Pending,Rep E,24305.63,
ORD-0002613,C11939,2024-11-16 00:00:00,Ryan,Khumalo,Pretoria,Small Business,Online,Monitor,3.0,2852.14,0.1,40.78,0.14,1955.64,None,Card, completed ,,8819.66,
ORD-0004613,C10663,2024-06-12 00:00:00,Aisha,Patel,Benoni,Consumer,Store,Router,1.0,3665.5,0.0,63.08,0.15,3110.42,None,EFT,Cancelled,Rep E,4278.41,
ORD-0003982,C11911,2024-06-24 00:00:00,Lerato,Nkosi,Durban, small business ,Phone,Webcam,1.0,2313.99,0.08,134.66,0.15,1939.99,None,Card,Completed,,2582.86,
ORD-0001097,C12126,2024-12-07 00:00:00,Fatima,Mthembu,Polokwane,Corporate,Phone,Laptop,3.0,8494.72,0.1,64.63,0.15,5682.47,Clearance,EFT,Completed,,26440.73,
ORD-0002202,C11402,2025-05-29 00:00:00,Aisha,Dlamini,Gqeberha,Consumer,Online,Keyboard,3.0,1426.32,0.08,147.6,0.15,846.9,,Card,Completed,,4674.74,
ORD-0003475,C10719,2024-04-08 00:00:00,Sipho,Molefe,Pretoria,Small Business,Online,HEADSET,4.0,11783.22,0.05,129.94,0.15,8082.6,None,Card,Completed,,51622.59,
ORD-0004269,C10515,2024-04-30 00:00:00,Chloe,Nkosi,Johannesburg,Consumer,Store,Router,4.0,2106.14,0.05,56.28,0.14,1270.87,Clearance,Cash,Completed,,9180.1,
ORD-0003481,C11303,2024-04-26 00:00:00,Ryan,Dlamini,Cape Town,Consumer,Online,Laptop,3.0,9098.2,10%,59.72,0.15,6512.84,Back to School,Card,Pending,,28309.64,
ORD-0001395,C12883,2025-06-22 00:00:00,Megan,Nkosi,Johannesburg,Small Business,Store,Monitor,2.0,4454.37,0.1,76.01,0.15,3241.46,None,Card,Completed,Rep E,9296.56,
ORD-0001368,C11291,2025-09-24 00:00:00,Daniel,Nkosi,Nelspruit,Small Business,Marketplace,Office Chair,4.0,5378.28,0.05,149.07,0.15,3533.81,Summer Sale,EFT,Returned,,23652.14,
ORD-0003441,C10570,2024-06-05 00:00:00,,Naidoo,Johannesburg,Small Business,Online,Laptop,2.0,18208.28,0.05,173.44,,11662.24,None,Mobile Wallet,Completed,,39958.53,
ORD-0001995,C12523,10-26-2025,Zanele,Naidoo,Cape Town,Small Business,Online,Mouse,2.0,985.77,0.0,176.7,0.15,585.09,Back to School,Cash,Completed,,2443.97,
ORD-0002562,C10507,2025-06-08 00:00:00,Naledi,Naidoo,Polokwane,Small Business,Online,Keyboard,5.0,1430.38,0.0,27.19,0.0,1088.73,New Customer,Card,Completed,,7179.08,
ORD-0000809,C10008,2025-05-22 00:00:00,Zanele,Naidoo,Pretoria,Consumer,Online,Headset,8.0,2331.42,0.15,79.49,0.0,1880.13,None,EFT,Pending,,15933.16,
ORD-0005812,C10164,2025-09-11 00:00:00,Mpho,Williams,Bloemfontein,Corporate,Marketplace,Webcam,1.0,826.8,0.0,151.63,0.15,660.85,Payday Promo,Mobile Wallet,Completed,,1102.44,
ORD-0000387,C12503,2024-10-19 00:00:00,Fatima,Mthembu,Johannesburg,Corporate,Online,SSD,1.0,2020.19,0.0,60.33,0.15,1499.02,Payday Promo,Mobile Wallet,Pending,,2383.55,
ORD-0000912,C11516,2025-09-27 00:00:00,Siyanda,Botha,Cape Town,Corporate,Online,Laptop,6.0,16061.68,0.0,131.12,0.15,11747.31,None,Card,Returned,,139525.95,
ORD-0002718,C12945,2024-11-28 00:00:00,Naledi,Mthembu,Cape Town,Small Business,Online,Tablet,2.0,10035.89,0.05,117.4,0.0,8311.71,Summer Sale,Card,Pending,,19185.59,
ORD-0003959,C12976,2024-04-22 00:00:00,Aisha,Mokoena,Polokwane,Small Business,Phone,Docking Station,2.0,4703.72,0.1,54.77,0.15,3324.37,Payday Promo,Card,Completed,,9791.47,
ORD-0001375,C10189,2025-04-12 00:00:00,Chloe,Patel,Polokwane,Consumer,Store,Monitor,5.0,7370.58,0.08,38.42,0.0,4283.03,None,Mobile Wallet,Pending,Rep B,33943.1,
ORD-0001406,C11389,2025-03-01 00:00:00,Nomsa,Dlamini,Johannesburg,Consumer,Store,Router,3.0,2895.21,0.05,58.48,0.15,1822.39,None,Card,Pending,Rep C,9547.54,
ORD-0005585,C11264,2024-04-04 00:00:00,Megan,Mthembu,Cape Town, consumer ,Online,Laptop,3.0,19175.19,0.0,89.99,0.0,11826.42,None,Mobile Wallet,Completed,,57615.58,
ORD-0001469,C12687,2025-04-29 00:00:00,Andile,Patel,Cape Town,Consumer,Online,Mouse,1.0,1083.92,0.2,39.43,0.15,665.25,None,Card,Completed,,1036.64,
ORD-0000780,C11152,2025-05-14 00:00:00,Sipho,Naidoo,Gqeberha,Consumer,Phone,Mouse,1.0,1033.55,0.1,176.56,0.15,858.47,None, eft ,Cancelled,,1246.28,
ORD-0001489,C10657,2025-04-11 00:00:00,Sipho,Dlamini,Gqeberha,Corporate,Online,Tablet,1.0,5333.92,0.0,91.86,0.15,4365.93,None,EFT,Cancelled,,6225.86,
ORD-0003675,C11067,2024-05-28 00:00:00,Daniel,Botha,Cape Town,Small Business,Online,Webcam,3.0,2124.83,0.15,51.6,0.15,1386.69,Payday Promo,Card,Cancelled,,6282.66,
ORD-0004866,C11132,01 Mar 2024,Megan,Nkosi,Pretoria,Consumer,Online,Keyboard,3.0,1132.38,,83.02,0.0,717.27,Summer Sale,Bank Transfer,Completed,,2970.6,
ORD-0001154,C11716,2025-02-05 00:00:00,Zanele,Patel,Pretoria, consumer ,Online,Mouse,3.0,158.5,0.1,51.37,0.15,116.75,Back to School,Card,Completed,,543.52,
ORD-0000977,C12576,2024-04-04 00:00:00,Priya,Khumalo,Johannesburg,Small Business,Store,Mouse,6.0,1396.32,0.1,35.99,0.15,857.19,New Customer,EFT,Returned,Rep D,8707.16,
ORD-0002483,C11805,2025-11-21 00:00:00,Ryan,Nkosi,Pretoria,Small Business,Online,Tablet,2.0,3510.91,0.15,122.06,0.15,2348.99,None,Card,Completed,,6985.89,
ORD-0003781,C12250,2025-10-29 00:00:00,Kabelo,Dlamini,Johannesburg,Consumer,Store,Headset,1.0,1158.96,0.0,211.49,0.15,705.04,Payday Promo,Card,Completed,Rep B,1544.29,
ORD-0004360,C11965,2025-07-12 00:00:00,Daniel,Patel,Johannesburg,Consumer,Store,Printer,2.0,6088.41,0.03,175.25,0.15,4362.8,Black Friday,Mobile Wallet,Pending,Rep B,13758.48,
ORD-0002223,C10927,2024-03-10 00:00:00,Sipho,Pillay,Pretoria,Corporate,Marketplace,Monitor,1.0,2908.4,0.0,30.54,0.15,2195.45,None,Card, returned ,,3375.2,
ORD-0000002,C10902,2024-03-23 00:00:00,Siyanda,Patel, johannesburg ,Consumer,Online,Router,1.0,3087.53,0.2,172.86,0.0,2519.62,None,EFT,Completed,,2642.88,
ORD-0001566,C12408,2024-01-28 00:00:00,Lerato,Mthembu,Polokwane,Consumer,Online,Mouse,2.0,1083.12,0.0,129.94,0.15,827.89,None,Mobile Wallet,Completed,,2621.13,
ORD-0001480,C10104,2024-02-03 00:00:00,Andile,Khumalo,Pretoria,Consumer,Store,Headset,4.0,1345.48,0.1,136.7,0.15,1010.33,None,Mobile Wallet,Completed,Rep B,5706.97,
ORD-0002011,C11512,2024-01-29 00:00:00,Ryan,Smith,Johannesburg,Corporate,Online,Head set,1.0,2399.09,0.15,79.02,0.15,1618.07,None,Card,Completed,,2424.14,
ORD-0004891,C12402,2024-02-10 00:00:00,Ryan,Pillay,Johannesburg,Small Business,Store,Laptop,6.0,16555.8,0.2,20.71,0.15,12925.02,Back to School,Card, completed ,Rep C,91408.75,
ORD-0005559,C10494,2025-02-23 00:00:00,Chloe,Dlamini,Johannesburg,Consumer,Online,Mouse,2.0,808.49,0.08,56.36,0.15,534.21,None,Card,Cancelled,,1767.14,
ORD-0002697,C10628,2024-11-03 00:00:00,Daniel,Botha,Johannesburg,Consumer,Online,Webcam,3.0,986.22,0.05,7.17,0.15,739.58,Black Friday,Mobile Wallet,returned,,3239.5,
ORD-0004816,C12524,2025-02-02 00:00:00,Aisha,Khumalo,Johannesburg,Consumer,Online,Keyboard,3.0,1322.18,0.0,100.59,0.15,829.51,None,Mobile Wallet,Completed,,4662.1,
ORD-0001709,C10172,2025-05-07 00:00:00,Nomsa,Mokoena,Pretoria,Small Business,Store,Tablet,3.0,5534.26,0.0,111.67,0.15,4582.27,None,Card,Cancelled,Rep C,19204.86,
ORD-0003963,C11378,2024-07-14 00:00:00,Mpho,Williams,Pretoria,Corporate,Phone,Tablet,4.0,8606.31,0.0,16.54,0.15,6695.63,Back to School,Bank Transfer,Completed,,39605.56,
ORD-0005867,C10864,2024-09-12 00:00:00,Ryan,,Johannesburg,Small Business,Store,Docking Station,1.0,3419.75,0.08,188.17,0.15,2540.31,None,Card,Cancelled,Rep D,3806.27,
ORD-0003132,C11418,2025-01-14 00:00:00,Jason,Dlamini,Durban,Corporate,Online,Docking Station,5.0,3482.79,0.0,46.64,0.15,2820.5,None,Card,Completed,,20072.69,
ORD-0002188,C11228,2024-12-23 00:00:00,Ryan,Nkosi,Benoni,Consumer,Online,Laptop,2.0,21273.2,0.25,116.52,0.15,16472.33,None,Card,Completed,,36812.79,
ORD-0000996,C10596,2025-10-28 00:00:00,Nomsa,Mthembu,Gqeberha,Corporate,Online,Headset,4.0,765.24,0.0,46.71,0.15,537.5,Back to School,Card,Pending,,3566.8,
ORD-0005928,C11181,2025-10-25 00:00:00,Priya,Botha,Benoni,Consumer,Online,Mouse,1.0,757.28,0.1,162.13,0.15,545.79,None,EFT,Completed,,945.91,
ORD-0003170,C11566,2024-08-08 00:00:00,Andile,Nkosi,Polokwane,Corporate,Marketplace,Laptop,1.0,16295.91,0.03,112.64,0.15,10808.79,None,Mobile Wallet,Returned,,18290.73,
ORD-0001782,C10260,2025-02-17 00:00:00,Megan,Nkosi,Durban,Consumer,Marketplace,DockingStation,1.0,3453.35,0.15,123.12,0.15,2471.42,None,Mobile Wallet,Completed,,3498.77,
ORD-0004308,C10887,2024-04-12 00:00:00,Jason,Smith,Nelspruit,Small Business,Online,Keyboard,3.0,1911.34,0.05,114.32,0.15,1458.92,Payday Promo,Bank Transfer,Pending,,6378.72,
ORD-0000410,C10226,2024-08-31 00:00:00,Zanele,Nkosi,Benoni,Corporate,Marketplace,Mouse,3.0,757.01,0.05,12.38,0.15,517.78,Summer Sale,Card,Completed,,2493.48,
ORD-0000804,C12461,2024-10-19 00:00:00,Kabelo,Khumalo,Johannesburg,Consumer,Store,Office Chair,3.0,6493.85,0.0,56.82,0.15,4703.27,Clearance,Mobile Wallet,Completed,Rep B,22460.61,
ORD-0001062,C10595,2025-01-29 00:00:00,Chloe,Molefe,Cape Town,Small Business,Online,Headset,1.0,2490.37,0.1,146.29,0.15,1862.17,None, mobile wallet ,Completed,,2723.83,
ORD-0005456,C12295,2025-08-21 00:00:00,Mpho,Williams,Cape Town,Consumer,Online,Webcam,1.0,1111.45,,55.7,0.0,808.67,Payday Promo,Mobile Wallet,Completed,,1056.0,
ORD-0002746,C12529,2024-11-27 00:00:00,Mpho,Dlamini,Durban,Corporate,Marketplace,Tablet,3.0,3059.15,0.2,135.26,0.15,1961.16,None,Card,Completed,,8578.53,
ORD-0000856,C11451,2025-04-04 00:00:00,Nomsa,Williams,Benoni,Consumer,Online,Mouse,6.0,902.76,0.1,51.42,0.15,666.95,Black Friday,Card,Completed,,5657.56,
ORD-0005155,C11079,2025-04-25 00:00:00,Daniel,Dlamini,Johannesburg,Consumer,Store,Monitor,2.0,7860.55,0.15,202.27,0.15,4736.86,None,EFT,Completed,Rep D,15569.65,
ORD-0000282,C11432,2025-09-25 00:00:00,Nomsa,Mokoena,Gqeberha,Consumer,Store,Keyboard,1.0,2181.71,0.08,76.27,0.15,1646.19,Back to School,Card,Completed,Rep D,2384.52,
ORD-0003814,C11332,2025-03-27 00:00:00,Thabo,Pillay,Pretoria,Consumer,Online,Headset,1.0,1181.3,0.1,148.18,0.15,863.46,None,Card,Completed,,1370.83,
ORD-0002464,C11590,2024-08-16 00:00:00,Megan,Pillay,Nelspruit,Corporate,Store,Laptop,1.0,21031.09,0.0,67.5,0.0,13375.66,None,Card,Returned,Rep E,21098.59,
ORD-0004136,C10632,2025-02-09 00:00:00,Mpho,Mokoena,Johannesburg,Corporate,Phone,Mouse,1.0,764.92,0.05,94.53,0.15,490.59,Black Friday,Card,Completed,,930.2,
ORD-0000212,C11686,2024-04-22 00:00:00,Siyanda,Mokoena,Pretoria,Consumer,Phone,Monitor,1.0,2365.23,0.25,134.71,0.15,2025.12,None,Cash,Completed,,2174.72,
ORD-0004263,C12387,2025-07-10 00:00:00,Thabo,Nkosi,Benoni,Small Business,Marketplace,SSD,4.0,4030.15,0.0,94.64,0.15,2664.3,None,Card,Completed,,18633.34,
ORD-0000584,C12236,2025-01-27 00:00:00,Thabo,Botha,Cape Town,Small Business,Online,Office Chair,2.0,5696.47,0.1,84.2,0.15,4372.1,Back to School,Card,Completed,,11875.89,
ORD-0002041,C12978,2024-09-24 00:00:00,Chloe,Nkosi,Gqeberha,Consumer,Online, ssd ,1.0,2867.25,0.0,132.57,0.15,2211.4,None,Mobile Wallet,Pending,,3429.91,
ORD-0001970,C10727,2025-02-24 00:00:00,Mpho,Nkosi,Durban,Corporate,Online,Mouse,1.0,1237.07,0.08,78.79,0.0,964.27,None,Card,Completed,,1216.89,
ORD-0000533,C12103,2025-09-22 00:00:00,Siyanda,Smith,Johannesburg,Consumer,Store,Printer,2.0,4076.65,0.03,151.77,0.15,2523.92,Summer Sale,EFT,Cancelled,Rep C,9246.77,
ORD-0005533,C11119,2024-09-24 00:00:00,Daniel,Smith,Benoni,Consumer,Marketplace,SSD,3.0,1145.02,0.2,53.14,0.15,870.25,None,Card,Pending,,3213.41,
ORD-0000256,C11165,2024-07-07 00:00:00,Mpho,Dlamini,Pretoria,Small Business,Online,Router,65.0,2188.32,0.0,75.25,0.15,1369.85,Clearance,EFT,Completed,,5108.39,
ORD-0002261,C11211,2025-07-03 00:00:00,Lerato,Nkosi,Cape Town,Consumer,Online,Office Chair,1.0,6044.06,0.0,88.41,0.15,3510.11,None,Card,Returned,,7039.08,
ORD-0000516,C11240,2025-01-27 00:00:00,Lerato,Molefe,Cape Town,Consumer,Phone,Monitor,1.0,4158.0,0.0,73.92,0.0,2459.78,None,EFT,Cancelled,,4231.92,
ORD-0003586,C12263,2024-08-13 00:00:00,Priya,Molefe,Pretoria,Corporate,Online,Webcam,1.0,2369.19,0.08,180.42,0.15,1615.69,None,Card,Completed,,2687.02,
ORD-0002752,C11653,2025-01-11 00:00:00,Kabelo,Molefe,Pretoria,Consumer,Store,Mouse,1.0,760.11,0.05,144.45,0.15,458.84,Summer Sale,Card,Pending,Rep D,974.87,
ORD-0004165,C12255,2025-10-11 00:00:00,Kabelo,Smith,Pretoria,Corporate,Store,Keyboard,2.0,1238.66,0.15,64.24,0.14,741.55,Back to School,EFT,Completed,Rep B,2464.76,
ORD-0005702,C11466,2025-10-21 00:00:00,Thabo,Khumalo,Cape Town,Consumer,Online,Laptop,3.0,7653.5,0.1,128.9,0.15,5745.31,New Customer,Mobile Wallet,Cancelled,,23893.0,
ORD-0002580,C11100,2025-08-07 00:00:00,Lerato,Pillay,Cape Town,Consumer,Marketplace,Laptop,4.0,8827.31,0.05,15.3,0.15,6268.81,None,Bank Transfer,Completed,,38590.63,
ORD-0005229,C12182,2024-08-26 00:00:00,Zanele,Molefe,Johannesburg,,Online,Mouse,10.0,218.75,0.0,93.22,0.0,162.59,None,EFT,Completed,,2280.73,
ORD-0000532,C11385,2025-09-15 00:00:00,Nomsa,Naidoo,Pretoria,,Online,Tablet,3.0,6647.66,0.05,59.03,0.15,4091.1,None,EFT,Completed,,21846.74,
ORD-0001461,C10593,2025-06-10 00:00:00,Chloe,Williams,Pretoria,Corporate,Marketplace,Mouse,1.0,394.8,0.0,78.8,0.15,318.79,New Customer,Cash,Returned,,532.82,
ORD-0000327,C10494,2024-07-08 00:00:00,Thabo,Khumalo,Nelspruit,Corporate,Phone,Office Chair,3.0,4001.75,0.0,118.47,0.15,3148.65,Back to School,EFT,Pending,,13924.5,
ORD-0000247,C10006,01-25-2025,Zanele,Molefe,Bloemfontein,Small Business,Phone,Keyboard,4.0,1583.7,0.0,61.98,0.0,1333.08,None,Card, completed ,,6396.76,
ORD-0003836,C12535,2025-02-09 00:00:00,Naledi,Khumalo,Pretoria,Consumer,Marketplace,Laptop,2.0,15602.88,0.05,170.46,0.15,11066.75,None,Mobile Wallet,Completed,,34262.75,
ORD-0001623,C11953,2024-02-16 00:00:00,Nomsa,Dlamini,Gqeberha,Consumer,Online,,2.0,4634.98,0.1,45.28,0.15,3181.02,None,EFT,Completed,,9639.69,
ORD-0000931,C10778,2025-03-05 00:00:00,Lerato,Molefe,Pretoria,Consumer,Online,Webcam,1.0,1110.41,0.1,65.4,0.15,741.12,None,Bank Transfer,Completed,,1214.67,
ORD-0003110,C10054,2025-04-05 00:00:00,Thabo,Nkosi,Benoni,Corporate,Online,Laptop,3.0,18790.23,0.0,135.9,0.15,15112.2,None,Card,Returned,,64962.18,
ORD-0002151,C11714,2024-05-08 00:00:00,Daniel,Molefe,Johannesburg,Consumer,Online,Keyboard,2.0,452.86,0.0,115.82,0.15,286.07,None,EFT,Completed,,1157.39,
ORD-0001714,C12382,2025-11-06 00:00:00,,Molefe,Cape Town,Consumer,Online,Monitor,1.0,1886.41,0.05,208.02,0.15,1567.88,None,Mobile Wallet,Completed,,2268.93,
ORD-0000070,C11801,2024-06-17 00:00:00,Nomsa,Dlamini,Johannesburg,Consumer,Online,Monitor,5.0,2783.66,0.0,53.51,0.15,1843.99,Payday Promo,,Completed,,16059.57,
ORD-0000389,C11652,2025-07-31 00:00:00,,Mokoena,Johannesburg,Consumer,Marketplace,Headset,3.0,2524.71,25%,9.97,0.15,1580.13,Summer Sale,EFT,Completed,,6542.67,
ORD-0003487,C10744,2024-03-24 00:00:00,Nomsa,Pillay,Nelspruit,Consumer,Phone,Monitor,2.0,6132.08,0.15,108.8,0.15,4861.03,None,Bank Transfer,Completed,,12097.03,
ORD-0001344,C12363,2024-04-05 00:00:00,Megan,Smith,Cape Town,Corporate,Marketplace,Keyboard,3.0,1502.99,0.03,119.97,0.15,1125.51,New Customer,Card,Cancelled,,5149.74,
ORD-0001972,C11784,2025-07-03 00:00:00,Jason,Botha,Johannesburg,Consumer,Marketplace,Laptop,2.0,15037.07,0.15,71.21,0.15,10871.81,Back to School,Card,Completed,,29468.69,
ORD-0005124,C12993,2024-12-25 00:00:00,Aisha,Patel,Cape Town,Consumer,Store,Mouse,10.0,1000.36,0.0,144.31,0.15,695.68,None,Card,Completed,Rep C,11648.48,
ORD-0000699,C12307,2024-09-22 00:00:00,Lerato,Pillay,Johannesburg,Consumer,Store,SSD,8.0,"R 2,002.83",0.1,95.66,0.15,1226.27,,Cash,Completed,Rep A,16679.11,
ORD-0003038,C12970,2025-08-07 00:00:00,Jason,Mokoena,Gqeberha,Small Business,Online,Router,4.0,1357.06,0.05,148.24,0.15,854.6,Payday Promo,,Completed,,6078.61,
ORD-0000748,C12738,2024-07-29 00:00:00,Naledi,Mthembu,Johannesburg,Consumer,Phone,Headset,1.0,2560.13,0.15,30.19,0.15,1728.67,None,EFT,Cancelled,,2532.72,
ORD-0005868,C12733,2024-03-13 00:00:00,Andile,Mokoena,Johannesburg,Corporate,Phone,Mouse,3.0,1273.0,0.15,10.9,0.0,1026.9,None,Card,Completed,,3257.05,
ORD-0002096,C11506,2025-01-29 00:00:00,Fatima,Patel,Benoni,Consumer,Marketplace,Monitor,4.0,2550.86,0.05,129.87,15%,2132.71,New Customer,Mobile Wallet,Returned,,11277.15,
ORD-0005078,C12652,2025-04-19 00:00:00,Ryan,Dlamini,Johannesburg,Consumer,Store,Docking Station,3.0,4268.91,0.0,62.35,0.15,2838.14,None,Card,Completed,Rep B,14790.1,
ORD-0005170,C12105,2024-09-21 00:00:00,,Naidoo,Johannesburg,Consumer,Store,Tablet,2.0,9356.5,0.1,35.56,0.15,5809.61,Payday Promo,Card,Returned,Rep A,19403.51,
ORD-0002237,C10969,2025-03-24 00:00:00,Daniel,Smith,Polokwane,Consumer,Online,Webcam,1.0,1002.86,0.05,112.54,0.15,693.22,New Customer, card ,Completed,,1208.17,
ORD-0003617,C12188,2025-12-22 00:00:00,Aisha,Molefe,Benoni,Consumer,Online,Docking Station,5.0,4264.51,0.15,107.82,0.15,2744.91,Payday Promo,Card,Returned,,20950.63,
ORD-0004210,C11709,2024-09-24 00:00:00,Kabelo,Patel,Nelspruit,Consumer,Online,SSD,1.0,2987.51,0.05,42.47,0.0,1801.09,None,EFT,Completed,,2880.6,
ORD-0003996,C11176,2025-04-17 00:00:00,Jason,Khumalo,Johannesburg,Consumer,Marketplace,Office Chair,2.0,8039.59,0.05,87.76,0.15,5768.07,None,Bank Transfer, completed ,,17654.27,
ORD-0000228,C12285,2024-03-22 00:00:00,Andile,Naidoo,Nelspruit,Consumer,Online,SSD,2.0,1216.05,0.05,137.93,0.0,751.8,None,Card,Completed,,2448.42,
ORD-0001036,C12449,2024-11-09 00:00:00,Jason,Dlamini,Cape Town,Corporate,Marketplace,Office Chair,2.0,8971.73,0.1,71.9,0.15,7089.46,None,Bank Transfer,Returned,,18643.38,
ORD-0003550,C12410,2025-01-21 00:00:00,Kabelo,Dlamini,Nelspruit,Consumer,Online,Laptop,1.0,13088.33,0.1,144.77,0.15,8187.99,Black Friday,Bank Transfer,Completed,,13691.19,
ORD-0001860,C12278,2025-02-21 00:00:00,Ryan,Botha,Pretoria,Small Business,Store,Monitor,4.0,6716.56,0.25,50.85,0.0,4225.0,New Customer,Card,Pending,Rep A,20200.53,
ORD-0003242,C12232,2024-04-03 00:00:00,Kabelo,Molefe,Cape Town,Corporate,Marketplace,Monitor,1.0,2215.97,0.08,124.61,0.15,1558.81,Payday Promo,Bank Transfer,Completed,,2469.11,
ORD-0004403,C12303,2025-05-10 00:00:00,Thabo,Mokoena,JHB, small business ,Online,Headset,1.0,"R 1,498.77",0.0,91.41,0.0,1103.63,None,Card,Completed,,1590.18,
ORD-0001096,C12262,2024-07-28 00:00:00,Jason,Patel,Nelspruit,Small Business,Phone,Laptop,1.0,14453.85,0.03,171.87,0.15,11193.15,None,Card,Completed,,16295.15,
ORD-0003865,C12230,2024-12-24 00:00:00,Jason,Mthembu,Bloemfontein,Corporate,Online,Keyboard,3.0,2102.49,0.03,131.68,0.14,1596.9,Summer Sale,Card,Cancelled,,7106.48,
ORD-0003413,C12874,2025-12-30 00:00:00,Naledi,Khumalo,Johannesburg,Corporate,Online,Keyboard,2.0,1773.14,0.05,204.95,0.15,1209.96,None,Card,Completed,,4079.25,
ORD-0004243,C11126,2025-10-20 00:00:00,Jason,Khumalo,Pretoria,,Store,Mouse,1.0,1358.11,0.1,53.86,0.15,1149.45,None,Card,Completed,Rep D,1459.5,
ORD-0004664,C12566,2024-08-08 00:00:00,Mpho,Patel,Johannesburg,Consumer,Store,Headset,2.0,1477.43,0.2,103.07,0.15,1232.57,None,Mobile Wallet,Completed,Rep E,2821.55,
ORD-0005233,C10411,2024-05-18 00:00:00,Nomsa,Mokoena, benoni ,Corporate,Online,Mouse,1.0,367.82,0.15,122.27,0.15,283.01,Back to School,Card,Completed,,481.82,
ORD-0001999,C10595,13 Nov 2024,Nomsa,Nkosi,Port Elizabeth,Small Business,Online,Laptop,2.0,12736.06,3%,71.29,0.15,9413.77,None,Card,Pending,,28485.45,
ORD-0002774,C10251,2025-05-14 00:00:00,Zanele,Pillay,Cape Town,Small Business,Online,Mouse,5.0,1099.95,0.0,83.49,0.15,774.62,Summer Sale,Cash,Returned,,6408.2,
ORD-0003743,C12191,2025-05-14 00:00:00,Jason,Molefe,Pretoria,Consumer,Store,Router,1.0,1264.68,0.0,139.53,0.15,922.19,None,Card,Completed,Rep E,1593.91,
ORD-0000963,C10939,2025-11-10 00:00:00,Mpho,Pillay,PE,Corporate,Marketplace,Keyboard,1.0,1128.48,0.05,138.24,0.15,705.92,Summer Sale,Bank Transfer,Returned,,1371.1,
ORD 0000892,C10972,2024-10-28 00:00:00,Megan,Mokoena,Johannesburg,Corporate,Online,Mouse,1.0,984.21,0.0,67.63,0.15,651.17,None,Card,Cancelled,,1199.47,
ORD-0000190,C11564,2025-01-15 00:00:00,Aisha,Smith,Johannesburg,Small Business,Online,,2.0,2302.74,0.2,213.49,0.15,1963.03,Summer Sale,Card,Cancelled,,4450.53,
ORD-0000947,C11968,2024-10-27 00:00:00,Ryan,Dlamini,Durban,Consumer,Marketplace,Keyboard,1.0,1152.16,0.25,61.21,0.15,834.54,Black Friday,EFT,Completed,,1054.95,
ORD-0001055,C11245,2025-08-07 00:00:00,Megan,Molefe,Polokwane,Corporate,Online,Docking Station,6.0,1367.72,0.0,26.63,0.15,1131.68,Summer Sale,EFT,Completed,,9463.87,
ORD-0003294,C11562,2025-06-06 00:00:00,Aisha,Molefe,Cape Town,Consumer,Marketplace,Mouse,2.0,288.28,0.1,129.86,0.15,210.19,Clearance,EFT,Completed,,726.61,
ORD-0005171,C10368,2025-09-06 00:00:00,Zanele,Khumalo,Cape Town,Consumer,Online,Monitor,2.0,6203.69,0.05,173.67,0.15,4002.37,Summer Sale,Card,CANCELLED,,13728.73,
ORD-0000173,C11579,2024-12-05 00:00:00,Nomsa,Mthembu,Pretoria,Consumer,Marketplace,Laptop,4.0,12365.92,0.15,68.13,0.15,9917.71,Summer Sale,Card,Returned,,48418.89,
ORD-0005909,C10191,2025-07-01 00:00:00,Chloe,Dlamini,Pretoria,Small Business,Online,Printer,1.0,4715.03,0.1,96.1,0.15,3861.93,None,Card,Completed,,4976.15,
ORD-0001589,C12204,2025-07-07 00:00:00,Andile,Molefe,Gqeberha,Consumer,Marketplace,Monitor,2.0,1939.56,0.1,119.31,0.15,1331.31,None,Card,Completed,,4134.2,
ORD-0004630,C10781,2025-06-28 00:00:00,Siyanda,Dlamini,Gqeberha,Consumer,Marketplace,Headset,4.0,1292.06,0.08,34.09,0.15,969.03,None,Bank Transfer,Returned,,5502.11,
ORD-0002834,C11599,2025-01-19 00:00:00,Chloe,Molefe,Durban,Small Business,Online,Tablet,1.0,5243.38,0.0,80.81,0.15,3474.07,None, bank transfer ,Completed,,6110.69,
ORD-0002256,C11166,2024-08-31 00:00:00,Priya,Molefe, johannesburg ,Consumer, phone ,Webcam,2.0,582.65,0.08,132.73,0.15,425.73,None,EFT,Cancelled,,1365.62,
ORD-0000272,UNKNOWN-20,2025-05-11 00:00:00,Siyanda,Botha,Durban,Corporate,Phone,Office Chair,2.0,1816.88,0.1,59.2,0.15,1492.68,Summer Sale,Card,Cancelled,,3820.13,
ORD-0001875,C10978,2025-12-17 00:00:00,Kabelo,Patel,Johannesburg,Corporate,Online,Tablet,1.0,6001.55,0.15,59.44,0.15,3778.48,,Card,Completed,,5925.95,
ORD-0004321,C11005,2025-02-20 00:00:00,Jason,Pillay,Gqeberha,Small Business,Online,Monitor,1.0,6737.91,0.15,187.04,0.15,5156.2,Back to School,EFT Transfer,Completed,,6773.34,
ORD-0004569,C11071,2024-09-15 00:00:00,Naledi,Williams,Pretoria,Corporate,Store,Monitor,3.0,6627.97,0.15,0.16,0.15,4215.01,Back to School,Card,Cancelled,Rep E,19436.68,
ORD-0004428,C12739,2024-01-19 00:00:00,Kabelo,Naidoo,Benoni,Corporate,Store,Printer,1.0,5590.3,0%,92.95,0.15,3870.16,Clearance,Cash,Cancelled,Rep E,6521.79,
ORD-0003800,C11889,2025-05-29 00:00:00,Priya,Pillay,Johannesburg,Consumer,Online,Keyboard,6.0,1886.81,0.08,2.55,0.15,1523.17,None,Card,Completed,,11980.01,
ORD-0000715,C11577,2024-03-09 00:00:00,Nomsa,Williams,Johannesburg,Consumer,Store,SSD,3.0,1731.77,0.05,132.67,0.15,1473.26,New Customer,Bank Transfer,Completed,Rep B,5808.53,
ORD-0002409,C11237,2025-01-21 00:00:00,Lerato,Nkosi,Pretoria,Consumer, phone ,Mouse,1.0,1118.13,0.0,199.04,0.0,798.07,None,Card,Returned,,1317.17,
ORD-0004592,C12424,2024-02-21 00:00:00,Ryan,Dlamini,Gqeberha,Consumer,Online,Docking Station,10.0,2411.68,0.2,104.3,0.15,2016.29,None,Mobile Wallet,Completed,,22291.77,
ORD-0000178,C10828,2024-06-30 00:00:00,Nomsa,Smith,Johannesburg,Consumer,Online,Docking Station,2.0,3111.79,0.0,179.05,0.15,2015.34,None,EFT,Completed,,7336.18,
ORD-0001700,C12644,2024-12-06 00:00:00,Kabelo,Williams,Cape Town,Corporate,Online,Monitor,1.0,2595.7,0.08,194.25,0.15,2121.16,None,Card,Completed,,2940.5,
ORD-0001361,C11679,2025-05-09 00:00:00,Lerato,Botha,Johannesburg,Small Business,Store,Office Chair,4.0,3306.42,0.1,139.43,0.15,2264.05,Back to School,Bank Transfer,Returned,Rep C,13827.99,
ORD-0004762,C10362,2025-01-28 00:00:00,Aisha,Williams,Johannesburg,Consumer,Online,Webcam,1.0,1844.37,0.25,76.1,0.15,1077.5,None,Bank Transfer,Completed,,1666.87,
ORD-0000873,C11752,2025-11-08 00:00:00,Daniel,Botha,Johannesburg,Consumer,Phone,Keyboard,1.0,669.77,0.0,151.23,0.15,556.12,None,Card,Completed,,921.46,
ORD-0002018,C11706,2024-10-07 00:00:00,Naledi,Pillay,Cape Town,Small Business,Online,Monitor,2.0,3624.49,0.0,102.52,0.15,2389.12,New Customer,Card,Cancelled,,8438.85,
ORD-0004907,C10169,2024-07-31 00:00:00,Daniel,Pillay,Johannesburg,Consumer,Online,Webcam,6.0,898.02,0.05,49.42,0.15,605.49,None,Card,Completed,,5935.93,
ORD-0000929,UNKNOWN-40,2025-02-28 00:00:00,Mpho,Pillay,Johannesburg,Corporate,Phone,Monitor,1.0,5494.74,0.25,77.31,0.15,3955.11,None,Mobile Wallet,Cancelled,,4816.52,
ORD-0002258,C12355,2025-03-22 00:00:00,Aisha,Naidoo, johannesburg ,Consumer,Marketplace,Mouse,1.0,1001.79,0.05,196.09,0.15,722.78,Black Friday,Card,Returned,,1290.55,
ORD-0005490,C12022,09-21-2025,Naledi,Naidoo,Durban,Consumer,Online,Monitor,1.0,7126.68,0.08,38.36,0.15,4915.6,None,Card,Completed,,7578.38,
ORD-0002850,C12111,2024-10-05 00:00:00,Jason,Smith,Johannesburg,Corporate,Online,Laptop,1.0,11490.23,0.0,40.23,0.15,8660.03,Black Friday,EFT,Cancelled,,13254.0,11490.23
ORD-0005220,C10226,10 Mar 2025,Siyanda,Mokoena,Bloemfontein,Consumer,Marketplace,Tablet,3.0,9396.73,0.03,136.4,0.15,5960.65, none ,Card,Completed,,31582.57,
ORD-0000778,C11703,2024-09-13 00:00:00,Nomsa,Botha,Durban,Corporate,Online,Headset,5.0,361.46,0.1,13.05,0.15,293.38,None,Card,Completed,,1883.62,
ORD-0002053,C11942,2025-09-20 00:00:00,Megan,Botha,Johannesburg,Corporate,Online,Webcam,3.0,1628.82,0.2,78.3,0.15,1375.48,None,Card,Completed,,4573.84,
ORD-0002911,C10527,2025-07-31 00:00:00,Chloe,Nkosi,Gqeberha,Small Business,Online,Headset,2.0,2041.04,0.0,173.37,0.15,1224.05,None,Cash,Completed,,4867.75,
ORD-0000981,C12499,2024-02-29 00:00:00,Fatima,Mthembu,Johannesburg,Consumer,Phone,Keyboard,5.0,2003.93,0.1,131.54,0.15,1229.24,None,Card,Completed,,10501.85,
ORD-0004430,C10047,2024-03-15 00:00:00,Jason,Naidoo,Pretoria,Consumer,Online,Monitor,8.0,2800.35,0.0,130.26,0.0,1983.42,Back to School,Mobile Wallet,Cancelled,,22533.03,
ORD-0002643,C10077,2025-10-20 00:00:00,Zanele,Dlamini,Gqeberha,Consumer,Online,Keyboard,5.0,816.04,0.0,107.19,0.15,570.02,Payday Promo,Card,Cancelled,,4799.44,
ORD-0000477,C10276,2024-08-04 00:00:00,Mpho,Patel,Pretoria,Consumer,Store,Laptop,1.0,19762.13,0.1,201.33,0.15,13949.83,None,Card,Completed,Rep B,20655.13,
ORD-0001070,C12058,2024-10-22 00:00:00,Zanele,Patel,Johannesburg,Consumer,Online,Mouse,3.0,1127.68,0.08,110.84,0.15,939.07,Clearance,EFT,Pending,,3690.08,
ORD-0003197,C10839,2024-12-07 00:00:00,Lerato,Williams,Bloemfontein,Consumer,Online,Mouse,6.0,264.1,0.0,55.29,0.15,186.08,Black Friday,Card,Cancelled,,1877.56,
ORD-0004255,C11338,2025-04-08 00:00:00,Mpho,Dlamini,Johannesburg,Corporate,Marketplace,Router,1.0,820.53,0.1,128.11,0.15,496.68,None,Bank Transfer,Returned,,977.35,
ORD-0000787,C11175,2025-07-26 00:00:00,Daniel,Williams,Benoni,Corporate,Online,Headset,7.0,2043.61,0.15,30.89,0.15,1593.76,None,Card,Completed,,14014.33,
ORD-0003539,C12804,2025-10-15 00:00:00,Priya,Smith,Polokwane,Consumer,Online,Laptop,3.0,21124.85,0.08,149.66,0.15,13355.12,Payday Promo,EFT,Cancelled,,67199.94,
ORD-0001491,C10511,2024-05-25 00:00:00,Chloe,Botha,Johannesburg,Consumer,Online,Headset,6.0,454.98,0.08,5.51,0.15,294.53,Summer Sale,Cash,Completed,,2893.7,
ORD-0001328,C10282,2024-01-22 00:00:00,Sipho,Naidoo,Pretoria,Consumer,Online,Tablet,1.0,5187.29,0.1,89.98,0.0,3215.57,None,Mobile Wallet,Cancelled,,4758.55,
ORD-0003944,C12816,2024-07-03 00:00:00,Zanele,Molefe,Durban,Corporate,Online,Printer,5.0,3625.15,0.05,83.49,0.14,2729.81,None,EFT, completed ,,19713.7,
ORD-0003364,C10438,2024-04-07 00:00:00,Zanele,Mthembu,Polokwane,Small Business,Phone,Printer,2.0,5902.53,0.0,35.77,0.15,3448.1,None,Mobile Wallet,Completed,,13611.59,
ORD-0001327,C11085,15/01/2025,Mpho,Pillay,Benoni,Corporate,Marketplace,Docking Station,3.0,1316.26,0.1,114.6,0.0,968.99,None,Card,Completed,,3668.49,
ORD-0000565,C12480,2024-09-03 00:00:00,Andile,Mthembu,Johannesburg,Consumer,Online,Docking Station,5.0,5132.67,0.03,67.94,0.15,3506.62,Payday Promo,Mobile Wallet,Completed,,28695.42,
ORD-0003282,C10419,2024-01-28 00:00:00,Chloe,Pillay,Pretoria,Corporate,Store, mouse ,1.0,1059.6,0.0,141.97,0.15,834.99,Clearance,EFT,Returned,Rep D,1360.5,
ORD-0002270,C12158,2025-02-15 00:00:00,Zanele,Khumalo,Johannesburg,Consumer,Online,Webcam,1.0,980.83,0.15,100.97,0.15,831.15,None,MobileWallet,Cancelled,,1059.74,
ORD-0003402,C10434,2025-01-26 00:00:00,Naledi,Pillay,Benoni,Small Business,Store,Tablet,2.0,4343.72,0.0,168.32,0.15,3495.16,None,Card,Completed,Rep A,10158.88,
ORD-0005057,C11757,04-19-2025,Nomsa,Williams,Bloemfontein,Consumer,Marketplace,Webcam,2.0,2170.03,0.1,182.92,0.0,1430.21,None,Cash,Returned,,4088.98,
ORD-0004056,C10315,2024-03-09 00:00:00,Megan,Khumalo,Johannesburg,Small Business,Online,Router,1.0,1480.58,0.05,147.41,0.15,1165.01,None,Card,Completed,,1764.94,
ORD-0003001,C12535,2025-07-05 00:00:00,Zanele,Williams,Bloemfontein,Small Business,Online,SSD,4.0,2264.23,0.08,48.95,0.15,1525.65,None,Card,Completed,,9631.16,
ORD-0005172,C11953,2024-03-18 00:00:00,Sipho,Patel,Polokwane,Small Business,Online,Monitor,4.0,4511.29,0.0,31.92,0.15,2635.9,None,EFT,Completed,,20783.83,
ORD-0003799,C11662,2025-09-25 00:00:00,Ryan,Botha,Pretoria,Consumer,Online,Webcam,6.0,"R 1,368.41",0.0,99.01,0.15,1016.2,None,Card,Cancelled,,9541.01,
ORD-0004701,C12579,2025-07-06 00:00:00,Mpho,Nkosi,Polokwane,Corporate,Phone,Headset,1.0,1221.91,0.1,72.94,0.15,744.83,None,Mobile Wallet, completed ,,1337.61,
ORD-0004540,C12902,2024-04-30 00:00:00,Nomsa,Dlamini,Pretoria,Small Business,Online,Printer,3.0,3949.38,0.03,1.08,0.0,2571.0,Summer Sale,Card,Completed,,11493.77,
ORD-0003533,C12400,2025-11-05 00:00:00,Kabelo,Khumalo,Durban,Consumer,Online,Office Chair,1.0,6423.49,0.0,215.16,0.0,4316.27, none ,Bank Transfer,Pending,,6638.65,
ORD-0000670,C11061,2024-11-12 00:00:00,Ryan,Botha,Pretoria,Consumer,Phone,Laptop,8.0,11976.23,0.1,48.41,0.15,9308.86,Black Friday,Card,Completed,,99211.61,
ORD-0004303,C12454,2025-12-29 00:00:00,Daniel,Dlamini,Johannesburg,Corporate,Online,Mouse,3.0,350.58,0.05,130.19,0.0,261.28,Summer Sale,Card,Completed,,1129.34,
ORD-0003212,C11631,2025-09-17 00:00:00,Megan,Pillay,Bloemfontein,Corporate,Marketplace,Webcam,2.0,1478.08,0.03,134.5,0.15,1107.56,Back to School,Mobile Wallet,Returned,,3432.1,
ORD-0001835,C11721,2024-07-31 00:00:00,Thabo,Naidoo,Pretoria,Consumer,Phone,Monitor,6.0,4013.32,0.0,42.89,0.15,2549.87,None,Bank Transfer,Pending,,27734.78,
ORD-0000805,C12791,2025-05-12 00:00:00,Lerato,Williams,Johannesburg,Consumer,Online,Monitor,1.0,5066.17,0.25,146.63,0.0,3595.35,Payday Promo,Card,Completed,,3946.25,
ORD-0004959,C12672,2025-06-29 00:00:00,Thabo,Pillay,Pretoria,Consumer,Online,Docking Station,,4784.47,0.2,185.98,0.15,3785.19,None, mobile wallet ,Completed,,8989.4,
ORD-0005732,C12937,2024-05-10 00:00:00,Thabo,Mokoena,Pretoria,Corporate,Online,Headset,3.0,1865.86,,77.09,0.15,1175.63,None,Bank Transfer,Completed,,6192.44,
ORD-0005295,C10892,2025-09-23 00:00:00,Andile,Smith,Durban,Consumer,Online,Docking Station,2.0,4044.13,0.03,81.65,0.15,2780.13,None,Mobile Wallet,Returned,,9104.1,
ORD-0004868,C10914,2025/12/07,Chloe,Naidoo,Pretoria,Corporate,Online,Router,2.0,2511.97,0.25,88.87,0.0,2120.81,None,Cash,Completed,,3345.77,
ORD-0001267,C12643,2024-02-13 00:00:00,Megan,Pillay,Pretoria,Corporate,Online,Headset,5.0,1690.15,0.15,11.29,0.15,1272.92,None,Card,Pending,,8271.92,
ORD-0004813,C10796,2024-05-18 00:00:00,Fatima,Mthembu,Durban,Consumer,Store,SSD,2.0,3207.83,15%,200.99,0.15,2391.37,None,Card,Pending,Rep B,6472.3,
ORD-0005952,C12692,2024-05-13 00:00:00,Thabo,Molefe,Benoni,Small Business,Marketplace,Headset,4.0,2237.01,0.15,146.77,0.15,1907.38,New Customer,Cash,Completed,,8893.47,
ORD-0000457,C10303,2025-10-29 00:00:00,Mpho,Mokoena,Johannesburg, small business ,Online,Headset,1.0,2029.34,0.05,133.26,0.15,1333.11,None,Card,Completed,,2350.31,
ORD-0002671,C11101,2024-02-14 00:00:00,Kabelo,Mokoena,Johannesburg,Small Business,Phone,Monitor,3.0,6753.04,8%,109.08,0.15,5525.38,None,EFT,Completed,,21543.23,
ORD-0000417,C10540,2024-03-27 00:00:00,Sipho,Naidoo,Durban,Consumer,Phone,Headset,8.0,2468.99,0.0,12.75,0.14,1464.72,Black Friday,EFT,Completed,,22529.92,
ORD-0005179,C10257,2024-06-29 00:00:00,Aisha,Smith,Johannesburg,Consumer,Online,Mouse,1.0,679.41,0.0,92.88,0.15,579.19,None,EFT,Pending,,874.21,
ORD-0002173,C12804,2024-09-14 00:00:00,Megan,Williams,Polokwane,Corporate,Marketplace,Keyboard,1.0,299.15,0.1,123.1,0.15,255.83,Payday Promo,Card,Returned,,432.71,
ORD-0002625,C12211,2025-06-14 00:00:00,Zanele,Patel,Durban,Consumer,Online, webcam ,1.0,2232.11,0.15,146.58,0.15,1692.75,New Customer,Card,Completed,,2328.47,
ORD-0002019,C10020,2024-10-29 00:00:00,Fatima,Patel,Pretoria,Corporate,Online,Webcam,2.0,2119.35,0.15,203.47,0.15,1634.79,None,Bank Transfer,Completed,,4346.79,
ORD 0004078,C12317,2025-01-24 00:00:00,Daniel,Patel, johannesburg ,Consumer,Online,Headset,2.0,1439.83,0.0,115.59,0.15,1214.64,None,Bank Transfer,Completed,,3427.19,
ORD-0005620,C11728,2025-05-16 00:00:00,Ryan,Botha,Gqeberha,Consumer,Online,Mouse,3.0,756.01,,32.27,0.15,615.58,None,Card,Completed,,2431.87,
ORD-0003713,C11391,2025-01-17 00:00:00,Kabelo,Dlamini,Bloemfontein,Consumer,Online,Office Chair,1.0,2350.99,0.0,89.83,0.15,1414.43,Black Friday,Card,Completed,,2793.47,
ORD-0001967,C12501,2025-03-23 00:00:00,Siyanda,Dlamini,Cape Town,Consumer,Online,Headset,1.0,2349.39,0.08,130.17,0.15,1976.49,None,Card,Completed,,2615.83,
ORD-0002544,C12834,2024-09-12 00:00:00,Daniel,Pillay,PTA,Corporate,Store,Mouse,4.0,261.46,0.1,8.36,0.15,216.67,Back to School,Mobile Wallet,Completed,Rep A,1090.81,
ORD-0002902,C10001,2025-12-25 00:00:00,Megan,Pillay,Nelspruit,Small Business,Store,Headset,4.0,1206.62,0.0,95.87,0.15,985.67,Clearance,Card,Cancelled,Rep D,5646.31,
ORD-0005540,C12811,2025-12-29 00:00:00,Fatima,Mokoena,Durban,Consumer,Online,Laptop,1.0,17016.06,0.03,149.02,0.0,11449.33,,Mobile Wallet,Cancelled,,16654.6,
ORD-0000615,C11321,2025-12-17 00:00:00,Ryan,Molefe,Durban,Consumer,Online,Printer,1.0,3096.72,0.15,136.51,0.0,2097.96,None,Card,Cancelled,,2768.72,
ORD-0005250,C11957,2025-06-26 00:00:00,Kabelo,Pillay,Cape Town,Consumer,Online,Webcam,4.0,1947.13,0.15,127.53,0.15,1347.32,None,Card,Completed,,7740.79,
ORD-0000956,C11209,2025-06-24 00:00:00,Chloe,Pillay,Durban,Corporate,Online,Office Chair,1.0,5537.74,0.05,145.1,0.15,3822.92,None,Card,Completed,,6195.09,
ORD-0000084,C10056,2025-05-21 00:00:00,Thabo,Mthembu,Cape Town,Small Business,Online,Laptop,5.0,13512.89,0.0,53.33,0.15,10407.27,None,Bank Transfer,Cancelled,,77752.42,
ORD-0001068,C11911,2025-09-05 00:00:00,Sipho,Molefe,Polokwane,Consumer,Marketplace,Laptop,1.0,7889.54,0.15,63.8,0.0,5949.69,Payday Promo,Card,Pending,,6769.91,
ORD-0003692,C10672,2024-04-30 00:00:00,Andile,Dlamini,Nelspruit,Corporate,Marketplace,Headset,1.0,1495.02,0.15,31.49,0.15,1103.58,None, card ,Completed,,1492.86,
ORD-0000958,C10785,2024-04-23 00:00:00,Sipho,,Benoni,Small Business,Online,Mouse,4.0,264.65,0.2,74.0,0.14,194.36,None,Card,Cancelled,,1039.44,
ORD-0002536,C10235,2024-12-12 00:00:00,Sipho,Mokoena,Pretoria,Corporate,Phone,Monitor,4.0,3429.59,0.2,94.91,0.15,2455.86,Payday Promo,Card,Cancelled,,12715.79,13718.36
ORD-0002729,C11219,2024-03-01 00:00:00,Sipho,Dlamini,Johannesburg,Consumer,Phone,Webcam,1.0,1214.13,0.05,170.13,0.15,827.6,Back to School,Bank Transfer,Completed,,1496.57,
ORD-0004953,C11993,2025-01-08 00:00:00,Priya,Smith,Pretoria,Consumer,Online,Tablet,1.0,9752.43,0.15,92.44,0.15,6079.86,None,Card,Completed,,9625.44,
ORD-0001826,C11772,2025-05-13 00:00:00,Naledi,Pillay,Nelspruit,Consumer,Online,Tablet,1.0,4911.52,0.05,211.78,0.15,3095.54,None,EFT,Pending,,5577.62,
ORD-0002862,C10608,2024-07-14 00:00:00,Lerato,Mokoena,Johannesburg,Small Business,Phone,Webcam,1.0,1763.38,0.0,64.48,0.15,1396.03,None,Bank Transfer,Completed,,2092.37,
ORD-0004174,C10341,2024-08-24 00:00:00,Fatima,Dlamini,Benoni,Consumer,Store,Laptop,6.0,12938.89,3.0,111.61,0.14,10751.77,None,Card,Cancelled,Rep A,84188.52,
ORD-0001268,C12447,2025-11-10 00:00:00,Thabo,Nkosi,Benoni,Consumer,Online,Monitor,1.0,7539.06,0.0,168.33,0.15,5559.07,New Customer,Mobile Wallet,Completed,,8838.26,
ORD-0001658,C12816,2025-10-04 00:00:00,Chloe,Pillay,Benoni,Consumer,Online,Monitor,3.0,2591.8,0.1,62.58,0.15,2171.1,None,EFT,Completed,,8110.13,
ORD-0004260,C10787,2024-12-29 00:00:00,Priya,Molefe,Polokwane,Corporate,Online,Webcam,4.0,1982.69,0.03,81.16,0.0,1305.75,None,EFT,returned,,7773.99,
ORD-0004863,C11716,2025-03-10 00:00:00,Megan,Botha,Polokwane,Consumer,Store,Printer,3.0,4099.05,0.0,125.31,0.15,3124.24,None,Card,Pending,Rep C,14267.02,
ORD-0003633,C12642,2025-08-07 00:00:00,Kabelo,Pillay,Cape Town,Consumer,Online,Office Chair,1.0,3722.39,0.0,49.29,0.15,3108.04,Black Friday,Card,Completed,,4330.04,
ORD-0004520,C12546,2024-07-25 00:00:00,Jason,Nkosi,Johannesburg,Consumer,Online,SSD,2.0,901.63,0.0,59.24,0.15,708.5,Back to School,Card,Completed,,2132.98,
ORD-0004780,C10893,2025-11-19 00:00:00,Aisha,Patel,Johannesburg,Consumer,Marketplace,Router,4.0,2621.21,0.0,54.93,0.15,1766.93,None,Cash,Completed,,12112.48,
ORD-0001890,C10025,2025-12-31 00:00:00,Chloe,Williams,Nelspruit,Consumer,Marketplace,Printer,10.0,3566.07,0.1,68.36,0.15,2651.62,New Customer,Card,Cancelled,,36977.22,
ORD-0003226,C11172,2025-08-19 00:00:00,Aisha,Mthembu,Pretoria,Consumer,Online,Mouse,1.0,592.71,0.0,112.5,0.15,369.57,None,Bank Transfer,Completed,,794.11,
ORD-0004178,C10380,2024-07-03 00:00:00,Fatima,Mokoena,Gqeberha,Consumer,Marketplace,Headset,2.0,2678.77,0.1,95.98,0.15,1752.07,Clearance,Card,Completed,,5641.02,
ORD-0005556,C12366,2025-04-11 00:00:00,Thabo,Mokoena,Polokwane,Consumer,Marketplace,Laptop,8.0,8786.43,0.05,30.07,0.15,7263.21,New Customer,Card,Completed,,76823.44,
ORD-0005453,C10487,2024-10-24 00:00:00,Siyanda,Pillay,Durban,Corporate,Store,Tablet,4.0,7251.84,0.1,48.34,0.15,4504.49,New Customer,EFT,Cancelled,Rep E,30070.94,
ORD-0002810,C11803,2025-11-09 00:00:00,Mpho,,Pretoria,Corporate,Marketplace,Docking Station,4.0,2193.36,0.05,101.96,0.14,1566.79,None,Card,Completed,,9603.58,
ORD-0004493,C12310,2025-05-25 00:00:00,Thabo,Williams,Johannesburg,Small Business,Marketplace,Laptop,3.0,13760.15,0.05,13.57,0.15,9814.88,None,Card,Returned,,45112.45,
ORD-0000836,C11431,2025-08-23 00:00:00,Naledi,Dlamini,Johannesburg,Consumer,Store,Tablet,999.0,5556.92,0.0,24.83,0.15,3478.36,Payday Promo,Card,Completed,Rep C,19196.22,
ORD-0005016,C11923,2024-01-03 00:00:00,Ryan,Williams,Pretoria,Corporate,Online,Keyboard,1.0,2172.8,0.2,207.96,0.15,1424.67,None,Card,Cancelled,,2206.94,
ORD-0000045,C12274,2024-08-29 00:00:00,Thabo,Mthembu,Pretoria,Consumer,Marketplace,Office Chair,2.0,8022.01,0.1,185.37,0.15,6066.2,None,Bank Transfer,Completed,,13553.23,
ORD-0001511,C12506,2025-03-17 00:00:00,Siyanda,Pillay,Johannesburg,Consumer,Online,Office Chair,3.0,2056.67,0.0,85.79,0.15,1309.15,None,Mobile Wallet,Completed,,7181.32,
ORD-0000504,C12545,2025-10-07 00:00:00,Priya,Khumalo,Johannesburg,Consumer,Store,Keyboard,3.0,1153.13,0.05,123.87,0.15,737.19,Clearance,Card,Cancelled,Rep D,3903.27,
ORD-0005099,C10015,2024-11-19 00:00:00,,Naidoo,Johannesburg,Corporate,Online,Laptop,6.0,14286.32,0.2,99.73,0.15,10515.43,Clearance,EFT,Cancelled,,92349.74,
ORD-0005985,C11693,2024-09-22 00:00:00,Sipho,Khumalo,Johannesberg,Consumer,Phone,Headset,5.0,2074.0,0.03,21.14,0.15,1547.77,Payday Promo,EFT,Cancelled,,11588.85,
ORD-0005263,C10754,2024-05-26 00:00:00,Kabelo,Botha,Johannesburg,Consumer,Online,Keyboard,2.0,496.4,0.08,76.95,0.15,399.06,Back to School,Card,Completed,,1127.34,
ORD-0005288,C11432,2024-06-11 00:00:00,Daniel,Williams,Pretoria,Corporate,Online,Router,2.0,2938.93,0.05,97.53,0.15,2380.76,Back to School,Card,Returned,,3913.48,
ORD-0003998,C12013,2025-02-14 00:00:00,Mpho,Mthembu,Johannesburg,Consumer,Marketplace,Monitor,1.0,3189.51,0.1,112.76,0.15,2189.95,None,Card,Cancelled,,3413.9,
ORD-0001301,C10616,2024-09-16 00:00:00,Priya,Patel,Benoni,Consumer,Online,Office Chair,3.0,6297.97,0.05,94.02,0.15,5130.37,Summer Sale,,Completed,,20735.61,
ORD-0000506,C10453,2024-06-03 00:00:00,Kabelo,Khumalo,Cape Town,Consumer,Online,Mouse,3.0,1110.45,0.05,13.75,0.15,944.98,Payday Promo,Card,Completed,,3653.24,
ORD-0000442,C10452,2024-08-03 00:00:00,Mpho,Botha,Johannesburg,Small Business,Online,Keyboard,2.0,1382.45,0.2,39.48,0.15,840.93,Summer Sale,Card,Cancelled,,2583.19,
ORD-0001655,C12901,2024-10-19 00:00:00,Fatima,Dlamini,Johannesburg,Consumer,Online,Webcam,3.0,769.43,0.08,88.65,0.15,504.16,Clearance,EFT,Cancelled,,2530.84,2308.29
ORD-0001600,C10222,2024-04-28 00:00:00,Mpho,Naidoo,Cape Town,Small Business,Store,Headset,1.0,633.96,0.0,127.77,0.15,423.27,Payday Promo,EFT,Completed,Rep B,856.82,
ORD-0003051,C10676,2025-06-28 00:00:00,Jason,Dlamini,Pretoria,Consumer,Store,Mouse,3.0,1157.89,0.0,98.58,0.15,936.31,None,EFT,Cancelled,Rep A,4093.31,
ORD-0000840,C11837,2024-06-07 00:00:00,Daniel,Dlamini,Pretoria,Corporate,Online,Printer,1.0,2415.15,,152.11,0.15,2023.87,None,Card,Pending,,2790.66,
ORD-0003947,C12844,2025-09-02 00:00:00,Daniel,Mthembu,Johannesburg,Consumer,Phone,Headset,2.0,2745.15,0.15,94.2,0.15,1883.69,Clearance,Card,Pending,,5460.97,
ORD-0004126,C12551,2024-10-27 00:00:00,Thabo,Khumalo,Bloemfontein,Consumer,Online,Monitor,2.0,8100.57,0.25,153.01,0.15,6821.73,New Customer,Mobile Wallet,Pending,,14126.5,
ORD-0003986,C10661,2024-12-03 00:00:00,Daniel,Botha,Pretoria,Corporate,Store,SSD,2.0,1796.94,0.03,70.54,0.15,1244.45,None,EFT,Cancelled,Rep B,4079.52,
ORD-0003970,C11045,2024-06-16 00:00:00,Daniel,Naidoo,Durban,Consumer,Online,Monitor,5.0,5733.85,0.03,82.88,0.15,4408.49,Summer Sale,Cash,Completed,,32063.44,
ORD-0001818,C12330,2024-11-17 00:00:00,Jason,Naidoo,Johannesburg,Small Business,Online,Tablet,1.0,7483.07,0.05,132.6,0.0,6122.69,None,Card,Pending,,7241.52,
ORD-0000916,C12034,2024-07-30 00:00:00,Ryan,Molefe,Gqeberha,Consumer,Online,Laptop,1.0,11775.83,0.0,84.21,0.15,9376.11,Black Friday,Mobile Wallet,Completed,,13626.41,
ORD-0000736,C12815,2024-11-21 00:00:00,Sipho,Nkosi,Pretoria,Corporate,Marketplace,Router,1.0,3795.08,0.15,214.15,0.0,3247.67,None,EFT,Completed,,3439.97,
ORD-0000108,C10131,2025-02-04 00:00:00,Ryan,Mthembu, gqeberha ,Corporate,Marketplace,Monitor,2.0,7539.93,0.1,109.76,0.15,5567.58,Summer Sale,EFT,Pending,,15717.4,
ORD-0005808,C11618,2024-08-20 00:00:00,Nomsa,Khumalo,Cape Town,Corporate,Marketplace,Headset,1.0,740.11,0.05,38.08,0.15,533.34,None,Mobile Wallet,Returned,,846.66,
ORD-0002881,C10994,2025-06-24 00:00:00,Fatima,Nkosi,Johannesburg,Corporate,Online,Mouse,7.0,682.84,0.0,93.4,0.14,423.62,Payday Promo,Card,Pending,,5542.47,
ORD-0000689,C12211,2025-12-28 00:00:00,Naledi,Patel,Cape Town,Corporate,Store,Webcam,1.0,"R 2,177.54",0.0,213.54,0.15,1814.6, none ,Mobile Wallet,Completed,Rep E,2717.71,
ORD-0004378,C12123,2025-01-09 00:00:00,Megan,Patel,Johannesburg,Consumer,Online,Keyboard,1.0,337.35,0.05,83.53,0.15,261.11,None,Bank Transfer,Returned,,452.09,
ORD-0001678,C12801,2025-09-07 00:00:00,Aisha,Smith,Pretoria,Consumer,Phone,SSD,3.0,1578.54,5%,125.47,0.15,935.66,None,Mobile Wallet,Completed,,5299.12,
ORD-0004542,C10945,2025-08-23 00:00:00,Aisha,Patel,Bloemfontein,Consumer,Online,Mouse,6.0,859.71,0.1,147.89,0.15,538.55,Back to School,Card,Cancelled,,5486.67,
ORD-0001163,C10096,2025-07-31 00:00:00,Sipho,Botha,Bloemfontein,Consumer,Online,Laptop,1.0,9812.38,0.1,183.4,0.15,7921.33,New Customer,Card,Returned,,10339.21,
ORD-0005748,C10148,2024-01-22 00:00:00,Fatima,Pillay,Cape Town,Small Business,Store,Mouse,2.0,1024.78,0.05,167.96,0.15,814.75,Clearance,Card,Completed,Rep B,2407.1,
ORD-0000065,C11557,2025-03-12 00:00:00,Andile,Molefe,Pretoria,Consumer,Store,Headset,1.0,2508.66,0.15,137.96,0.15,1685.83,New Customer,Card,Completed,Rep A,2590.18,
ORD-0005503,C10546,2024-06-13 00:00:00,Daniel,Molefe,Pretoria,Consumer,Online,Headset,2.0,1326.69,0.1,211.9,0.15,890.6,None,Mobile Wallet,Completed,,2958.15,
ORD-0002674,C10553,2024-03-23 00:00:00,Kabelo,Williams,Bloemfontein,Consumer,Marketplace,Mouse,1.0,1178.93,0.08,149.15,0.15,852.18,None,Card,Completed,,1396.46,
ORD-0002604,C11869,2024-03-29 00:00:00,Ryan,Mokoena,Nelspruit,Consumer,Online,Mouse,6.0,1271.11,0.2,145.66,0.15,794.54,Back to School,Card,Completed,,7162.2,
ORD-0000762,C12207,2025-12-22 00:00:00,Sipho,Smith,Durban, small business ,Marketplace,Mouse,2.0,1386.17,0.25,156.29,0.15,1191.3,Back to School,Bank Transfer,Completed,,2547.43,
ORD-0003938,C10566,2024-10-31 00:00:00,Megan,Molefe,Pretoria,Consumer,Store,Mouse,1.0,410.05,0.05,82.98,0.15,333.63,None,Mobile Wallet,Completed,Rep D,530.96,
ORD-0000910,C11570,2025-07-18 00:00:00,Kabelo,Naidoo,Durban,Corporate,Marketplace,Printer,2.0,2097.77,0.0,46.55,0.15,1465.58,Payday Promo,Mobile Wallet,Completed,,4871.41,
ORD-0002870,C10886,2025-04-12 00:00:00,Siyanda,Smith,Durban,Consumer,Online,Mouse,2.0,1138.74,0.1,214.98,0.15,887.93,None,EFT,Pending,,2572.17,
ORD-0005991,C11975,2025-11-01 00:00:00,Megan,Nkosi,Benoni,Small Business,Phone,Tablet,1.0,7048.77,0.03,169.53,0.15,4612.52,Back to School,Bank Transfer,Completed,,8032.44,
ORD-0000832,C10068,2025-01-23 00:00:00,Fatima,Williams,Johannesburg,Small Business,Store,Laptop,3.0,18849.46,0.08,76.2,0.15,14867.53,Back to School,Bank Transfer,Completed,Rep B,59904.39,
ORD-0005004,C11484,2024-03-22 00:00:00,Zanele,Khumalo,Johannesburg,Consumer, marketplace ,Laptop,4.0,10119.69,0.2,136.85,0.15,7642.97,Black Friday,Card,Returned,,37377.31,
ORD-0002574,C11978,2025-06-25 00:00:00,Daniel,Williams,Johannesburg,Corporate,Online,Mouse,1.0,1338.36,0.15,203.64,0.15,996.71,Payday Promo,Bank Transfer,Completed,,1511.88,
ORD-0005481,C12248,2025-03-08 00:00:00,,Mokoena,Bloemfontein,Small Business,Online,Router,8.0,1234.02,0.05,147.78,0.15,796.54,None,EFT,Pending,,10933.08,
ORD-0003164,C11091,2024-09-22 00:00:00,Megan,Molefe,Bloemfontein,Small Business,Online,SSD,4.0,3899.98,0.0,26.71,0.15,2859.23,None,Card,Pending,,17966.61,
ORD-0004699,C12205,2025-03-29 00:00:00,Thabo,Molefe,Durban,Small Business,Store,Router,2.0,1388.55,0.05,39.15,0.15,973.79,None,Mobile Wallet,Completed,Rep B,3073.12,
ORD-0000872,C11702,2025-02-23 00:00:00,Ryan,Pillay,Benoni,Corporate,Online,Mouse,1.0,758.6,0.05,77.85,0.15,444.02,None,Card,Completed,,906.62,
ORD-0003120,C10148,2025-11-29 00:00:00,Thabo,Pillay,Nelspruit,Consumer,Online,Office Chair,1.0,2204.53,0.03,101.53,0.15,1727.98,None,EFT,Completed,,2560.68,2204.53
ORD-0004518,C12896,2024-01-05 00:00:00,Megan,Dlamini,Gqeberha,Small Business,Store,Monitor,5.0,6101.81,0.1,10.96,0.15,5073.63,None,Card,Completed,Rep C,31587.83,
ORD-0005542,C12344,2024-10-20 00:00:00,Mpho,Williams,Nelspruit,Consumer,Online,Mouse,3.0,1296.07,0.0,89.44,0.15,811.85,None,Card,Completed,,4560.88,
ORD-0000999,C12621,2025-09-02 00:00:00,Mpho,Khumalo,Pretoria,Small Business,Phone,Keyboard,4.0,636.29,0.0,84.51,0.15,528.24,None,Mobile Wallet,Returned,,3011.43,
ORD 0001099,C11456,2024-09-30 00:00:00,Fatima,Smith,Johannesburg,Small Business,Marketplace,Monitor,1.0,8451.17,0.15,206.47,0.0,6094.49,None,Card,Completed,,7389.97,
ORD-0000296,C12932,2024-06-05 00:00:00,Fatima,Patel,Johannesburg,Consumer,Store,Tablet,2.0,10350.24,0.1,30.19,0.15,8518.17,None,EFT,Returned,Rep C,21455.18,
ORD-0004129,C11574,2024-02-24 00:00:00,Mpho,Patel,Cape Town,Small Business,Phone,Router,4.0,2990.96,15%,140.13,0.15,2439.87,None,Card,Pending,,11834.76,
ORD-0004829,C10626,2024-06-04 00:00:00,Nomsa,Nkosi,Bloemfontein,Consumer,Store,Monitor,5.0,6477.92,0.0,103.04,0.15,4327.07,None,Card,Cancelled,Rep E,37351.06,
ORD-0005811,C12930,2024-08-23 00:00:00,Kabelo,Nkosi,Nelspruit,Small Business,Online,Headset,5.0,2414.83,0.1,49.26,0.15,1968.15,None,Cash,Completed,,12546.03,
ORD-0002087,C10888,2024-12-22 00:00:00,Megan,Molefe,Durban,Corporate,Marketplace,Headset,1.0,1244.09,0.0,70.71,0.15,831.06,None,EFT,Pending,,1501.41,
ORD-0005184,C12034,2024-06-12 00:00:00,Mpho,Naidoo,Cape Town,Consumer,Phone,Laptop,10.0,8923.19,0.05,90.53,0.15,6549.46,New Customer,Card,Returned,,97576.37,
ORD-0005329,C11100,2024-05-06 00:00:00,Mpho,Mokoena,Johannesburg,Corporate,Store,Mouse,1.0,1038.23,0.15,192.47,0.15,662.35,None,Bank Transfer,Cancelled,Rep B,1207.34,
ORD-0000398,C11778,2024-10-21 00:00:00,Mpho,Mokoena,Johannesburg,Consumer,Store,Mouse,2.0,334.91,0.0,107.92,0.15,207.92,None,Card,Cancelled,Rep B,878.22,
ORD-0000855,C11343,2024-09-22 00:00:00,Sipho,Mthembu,Pretoria,Consumer,Online,Headset,3.0,1770.94,0.05,108.28,0.15,1355.35,Summer Sale,Card,Completed,,5912.54,
ORD-0005222,C10094,2025-07-30 00:00:00,Lerato,Pillay,Johannesburg,Small Business,Marketplace,Printer,1.0,4431.34,0.03,113.84,0.15,3778.32,None,Mobile Wallet,Returned,,5057.0,
ORD-0005719,C11334,2025-07-08 00:00:00,Thabo,Williams,Polokwane,Small Business,Online,SSD,2.0,4185.63,0.08,85.75,0.15,2733.28,Summer Sale,Bank Transfer,Completed,,8942.55,
ORD-0002081,C12731,2025-07-25 00:00:00,Chloe,Patel,Bloemfontein,Corporate,Online,Router,1.0,2281.93,0.0,107.16,0.15,1375.62,None,Bank Transfer,Pending,,2731.38,
ORD-0000019,C11105,2024-04-08 00:00:00,Jason,Patel,Benoni,Small Business,Marketplace,Mouse,2.0,269.15,0.08,183.37,0.15,216.17,None,EFT,Returned,,752.89,
ORD-0005873,C11046,2025-04-19 00:00:00,Naledi,Smith,Johannesburg,Corporate,Phone,SSD,4.0,3621.65,0.05,110.56,0.14,2869.41,None,Card,Completed,,15799.54,
ORD-0005789,C12637,2024-10-26 00:00:00,Mpho,Patel,Johannesburg,Small Business,Online,Mouse,4.0,835.9,0.1,60.69,0.15,670.41,New Customer,EFT,Completed,,3521.31,
ORD-0000716,C11295,2025-10-31 00:00:00,Kabelo,Nkosi,Johannesburg,Consumer,Online,SSD,4.0,2113.18,0.05,10.95,0.15,1708.34,None,Card,Returned,,9245.55,
ORD-0001253,C10722,2025-05-11 00:00:00,Lerato,Nkosi,Nelspruit,Small Business,Phone,Keyboard,6.0,1439.76,0.2,55.14,0.15,1193.23,None,Mobile Wallet,Completed,,8002.62,
ORD-0000196,C10114,2024-09-28 00:00:00,Aisha,Smith,Cape Town,Consumer,Online,Office Chair,2.0,2322.07,0.2,201.92,0.15,1374.65,None,EFT,Completed,,4474.53,
ORD-0004208,C12193,2025-07-01 00:00:00,Nomsa,Naidoo,Durban,Consumer,Online,Mouse,3.0,617.95,0.1,95.49,0.15,383.56,None,Mobile Wallet,Completed,,2014.21,
ORD-0000204,C11497,2025-04-30 00:00:00,Aisha,Botha, johannesburg ,Consumer,Online,Mouse,10.0,608.36,0.0,135.58,0.15,448.51,None,Mobile Wallet,Completed,,7131.69,
ORD-0000293,C10239,2025-08-17 00:00:00,Fatima,Naidoo,Benoni,Corporate,Online,Mouse,1.0,868.98,0.15,75.54,0.15,529.65,Summer Sale,EFT,Completed,,924.97,
ORD-0001346,C12370,2024-09-03 00:00:00,Thabo,Pillay,Cape Town,Corporate,Online,Docking Station,3.0,3105.16,0.15,77.63,0.15,1830.32,Payday Promo,Card,Completed,,9183.5,
ORD-0002961,C10648,2024-06-27 00:00:00,Andile,Mokoena,Pretoria,Corporate,Online,Keyboard,3.0,1280.24,0.15,88.0,0.14,1043.24,None,Cash,Cancelled,,3809.66,
ORD-0002162,C10545,2024-12-18 00:00:00,Sipho,Pillay,Johannesburg,Consumer,Online,Printer,1.0,5285.14,0.0,64.24,0.15,4277.72,Payday Promo,Bank Transfer,Cancelled,,6142.15,
ORD-0000770,C12254,2024-07-09 00:00:00,Fatima,Molefe,Nelspruit,Small Business,Online,Keyboard,3.0,1823.53,0.08,110.44,0.15,1319.13,Payday Promo,Mobile Wallet,Returned,,5898.34,
ORD-0005023,C11842,2025-11-17 00:00:00,Kabelo,Dlamini,Johannesburg,Consumer,Online,Headset,2.0,,0.0,150.26,0.15,1496.61,None,Card,Returned,,4199.17,
ORD-0005783,C10919,2025-04-06 00:00:00,Zanele,Mthembu,Benoni,Corporate,Marketplace,Laptop,3.0,15954.02,0.15,9.88,0.15,10058.06,None,EFT,Completed,,46795.05,
ORD-0003116,C10209,2025-08-03 00:00:00,Zanele,Mokoena,Johannesburg,Consumer,Marketplace,Webcam,3.0,2303.51,0.05,64.71,0.15,1768.87,None,Card,Completed,,7614.46,
ORD-0005272,C11887,2024-09-07 00:00:00,Daniel,Botha,Cape Town,Consumer,Online,Docking Station,2.0,3860.53,0.2,90.63,0.15,3190.79,None,Bank Transfer,Completed,,7194.0,
ORD-0005034,C12154,2025-09-03 00:00:00,Thabo,Naidoo,Cape Town,Corporate,Online,Laptop,2.0,20556.64,0.0,140.0,0.15,15390.18,Back to School,Bank Transfer,Cancelled,,47420.26,
ORD-0001630,C11468,2024-04-08 00:00:00,Megan,Naidoo,Johannesburg,Consumer,Online,Office Chair,3.0,4845.52,0.05,85.12,0.0,3145.75,New Customer,EFT,Cancelled,,13894.85,
ORD-0004345,C12089,2025-10-10 00:00:00,Thabo,Dlamini,Polokwane,Corporate,Marketplace,Webcam,8.0,"R 1,063.19",0.1,144.08,0.15,743.08,None,EFT,Completed,,8947.26,
ORD-0005330,C11349,2025-04-16 00:00:00,Zanele,,Pretoria,Consumer,Phone,Headset,3.0,779.37,0.15,100.78,0.0,482.67,None,Bank Transfer,Completed,,2088.19,
ORD-0000005,C12204,2025-11-12 00:00:00,Siyanda,Nkosi,Nelspruit,Consumer,Marketplace,Keyboard,1.0,991.14,0.03,128.78,0.15,804.25,Payday Promo,EFT,Completed,,1234.4,
ORD-0000176,C11475,2024-03-28 00:00:00,Jason,Nkosi,Johannesburg,Corporate,Online,Laptop,3.0,20304.91,0.08,50.02,0.15,17049.38,None,EFT,Completed,,64497.8,
ORD-0000413,C11335,2024-05-24 00:00:00,Fatima,Pillay,Benoni,Corporate,Marketplace,Mouse,1.0,943.7,0.15,154.75,0.15,794.88,Summer Sale,Cash,Completed,,1077.21,
ORD-0002350,C11905,2025-01-19 00:00:00,Siyanda,Mthembu,Johannesburg,Consumer,Store,Keyboard,1.0,1104.56,0.03,60.77,0.15,866.67,Summer Sale,Mobile Wallet,Completed,Rep E,1292.9,
ORD-0001991,C12679,2025-05-17 00:00:00,Megan,Smith,Bloemfontein,Consumer,Phone,Monitor,1.0,4590.63,0.15,158.23,0.15,3751.91,None,Card,Completed,,4645.57,
ORD-0001431,C12606,2024-05-06 00:00:00,Megan,Dlamini,Johannesburg,Consumer,Store,Keyboard,4.0,358.62,0.1,58.2,0.15,271.86,Clearance,Card,Completed,Rep E,1542.89,
ORD-0001941,C10542,2025-07-12 00:00:00,Jason,Naidoo,Johannesburg,Consumer,Online,Keyboard,1.0,,0.0,177.69,0.15,263.73,New Customer,EFT,Returned,,626.13,
ORD-0002585,C11639,2025-09-05 00:00:00,Naledi,Botha,Johannesburg,Consumer,Online,Office Chair,1.0,6987.3,0.05,,0.15,4820.48,None,Bank Transfer,Completed,,7825.59,
ORD-0000024,C12685,2024-06-08 00:00:00,Kabelo,Patel,Benoni,Corporate,Store,Keyboard,3.0,903.1,0.0,60.1,0.15,667.19,Back to School,Cash,Returned,Rep B,3175.79,
ORD-0005425,C12335,2025-07-26 00:00:00,Priya,Mthembu,Johannesburg,Corporate,Online,Printer,2.0,2438.5,0.0,99.6,0.15,1651.48,None,Card,Completed,,5708.15,
ORD-0002293,C11860,2025-10-14 00:00:00,Priya,Smith,Johannesburg,Consumer,Phone,SSD,4.0,1851.43,0.03,68.19,0.15,1573.84,Black Friday,Cash,Cancelled,,8329.27,
ORD-0004077,C11404,2025-09-15 00:00:00,Aisha,Smith,Johannesburg,Corporate,Marketplace,Printer,4.0,2418.34,0.0,140.68,0.15,1900.05, none ,Mobile Wallet,Cancelled,,11265.02,
ORD-0003382,C11464,2025-03-22 00:00:00,Siyanda,Molefe,Johannesburg,Corporate, online ,Printer,1.0,3302.26,0.15,145.16,0.15,2810.14,None,Cash,Completed,,3373.12,
ORD-0000967,C12075,2025-07-16 00:00:00,Nomsa,Botha,Johannesburg,Consumer,Online,Headset,2.0,"R 1,043.58",0.2,,0.15,760.93,Payday Promo,Card,Cancelled,,2058.5,
ORD-0004992,C10027,2024-02-01 00:00:00,Sipho,Mokoena,Gqeberha,Corporate,Online,Mouse,3.0,"R 1,283.28",0.03,28.12,0.15,893.98,None,Card,Completed,,4322.62,
ORD-0003158,C11852,2025-12-24 00:00:00,Mpho,Molefe,Durban,Corporate,Store,Laptop,4.0,20875.78,0.0,64.07,0.15,14996.18,None,EFT,Pending,Rep B,96092.65,
ORD-0002075,C10789,2024-08-24 00:00:00,Andile,Williams,Johannesburg,Small Business,Marketplace,Headset,3.0,2268.43,0.2,53.79,0.15,1492.68,New Customer,Mobile Wallet,Completed,,6314.64,
ORD-0000421,C12582,2025-01-04 00:00:00,Kabelo,Botha,Johannesburg,Consumer,Online,Webcam,8.0,2002.58,0.1,140.54,0.15,1446.28,None,EFT,Completed,,16721.9,
ORD-0000960,C10112,2024-10-27 00:00:00,Aisha,Nkosi,Gqeberha,Consumer,Store,Printer,5.0,6045.45,0.0,34.47,0.15,5041.95,None,Bank Transfer,Returned,Rep E,34795.83,
ORD-0000603,C10137,2024-11-15 00:00:00,Megan,Williams,Johannesburg,Consumer,Online,Monitor,4.0,6996.94,0.1,70.2,0.15,5974.26,None,EFT,Returned,,29037.54,
ORD-0001792,C11260,2025-07-01 00:00:00,Ryan,Botha,Johannesburg,Consumer,Phone,Router,1.0,"R 1,265.49",0.08,104.73,0.15,775.57,None,Card,Completed,,1443.62,
ORD-0004983,C12861,2025-02-06 00:00:00,Priya,Smith,Benoni,Consumer,Online,Laptop,1.0,14634.75,0.1,91.26,0.15,10487.37,Clearance,Card,Cancelled,,15238.23,
ORD-0000830,C12226,2024-05-01 00:00:00,Chloe,Naidoo,Pretoria,Small Business,Online,Webcam,2.0,1332.31,0.08,78.44,0.15,1145.34,Black Friday, card ,Completed,,2897.6,
ORD-0002564,C12319,2025-06-14 00:00:00,Thabo,Pillay,Johannesburg,Consumer,Online,Webcam,1.0,1062.42,0.05,40.8,0.15,645.98,Black Friday,EFT,Pending,,1201.49,
ORD-0003327,C10134,2024-10-29 00:00:00,Ryan,Naidoo,Polokwane,Consumer,Marketplace,Laptop,1.0,17312.24,0.05,,0.15,11940.45,None,Card,Completed,,19077.39,
ORD-0005002,C10694,2025-09-26 00:00:00,Sipho,Mthembu,Cape Town,Consumer,Online,Docking Station,3.0,3249.06,0.05,9.83,0.15,2297.37,None,EFT,Completed,,10658.61,
ORD-0005725,C12733,2025-06-17 00:00:00,Aisha,Nkosi,Johannesburg,Small Business,Phone,Mouse,3.0,618.52,0.05,72.58,0.15,400.03,Clearance,Card,Pending,,2099.78,
ORD-0000507,C11425,2024-11-13 00:00:00,Megan,Khumalo,Cape Town,Consumer,Online,Laptop,3.0,16764.28,0.15,57.69,0.15,14161.85,Clearance,Card,Completed,,49218.94,
ORD-0004336,C10595,2025-03-13 00:00:00,Priya,Pillay,Polokwane,Consumer,Online,Webcam,3.0,1122.88,0.05,149.96,0.15,912.71,Clearance,Card,Completed,,3830.21,
ORD-0003176,C11521,2025-08-11 00:00:00,Aisha,Smith,Durban,Consumer,Marketplace,Laptop,1.0,20650.6,0.0,202.81,0.15,13783.36,None,Card,Returned,,23950.99,
ORD-0004032,C11363,2024-04-02 00:00:00,Daniel,Williams,Cape Town,Corporate,Marketplace,Headset,1.0,2607.0,0.05,100.6,0.15,1671.9,Clearance,Card,Pending,,2948.75,
ORD-0003501,C10204,2025-03-24 00:00:00,Lerato,Williams,Bloemfontein,Corporate,Marketplace,Monitor,2.0,7197.87,0.15,135.06,0.15,5377.85,None,EFT,Completed,,14206.89,
ORD-0002529,C10625,2024-09-29 00:00:00,Kabelo,Naidoo,Johannesburg,Corporate,Online,Webcam,1.0,500.77,0.0,142.44,0.15,408.02,None,Bank Transfer,Completed,,718.32,
ORD-0003442,C11651,2025-02-20 00:00:00,Megan,Mokoena,Johannesburg,Consumer,Online,Tablet,2.0,5363.79,0.05,149.67,0.15,3178.64,None,Bank Transfer,Pending,,11869.56,
ORD-0001577,C12847,2024-03-15 00:00:00,Daniel,Dlamini,Pretoria,Corporate,Online,Tablet,1.0,9189.67,0.03,71.2,0.15,6469.5,Clearance,Card,Completed,,10322.27,
ORD-0000583,C10889,2024-03-27 00:00:00,Priya,Khumalo,Benoni,Consumer,Marketplace,Headset,5.0,1966.82,0.0,0.2,0.15,1283.17,None, bank transfer ,Cancelled,,11309.43,
ORD-0005107,C11558,2024-12-20 00:00:00,Sipho,Molefe,Pretoria,Consumer,Phone,Printer,2.0,2069.12,0.05,46.04,0.15,1380.85,Summer Sale, eft ,Cancelled,,4567.07,
ORD-0004418,C12288,2025-04-08 00:00:00,Naledi,Williams,Durban,Consumer,Phone,Keyboard,6.0,313.73,0.1,91.39,0.15,200.23,None,Mobile Wallet,Returned,,2039.64,
ORD-0004096,C12722,2024-09-05 00:00:00,Kabelo,Khumalo,Pretoria ,Small Business,Marketplace,SSD,1.0,1732.0,0.1,94.96,0.15,1462.81,None,Bank Transfer,Pending,,1887.58,
ORD-0003138,C12960,2024-10-14 00:00:00,Siyanda,Mthembu,Johannesburg,Consumer,Phone,Tablet,4.0,10524.01,0.15,85.97,0.15,8192.26,Black Friday,Bank Transfer,Completed,,41234.83,
ORD-0003864,C11667,2025-01-06 00:00:00,Chloe,Botha,Cape Town,Consumer,Online, keyboard ,2.0,476.59,0.15,142.01,0.15,286.65,None,Mobile Wallet,Cancelled,,1073.75,
ORD-0002875,C12114,2025-06-20 00:00:00,Kabelo,Botha,Pretoria,Corporate,Marketplace,Mouse,10.0,1060.54,0.08,137.1,0.14,630.07,Back to School,Card,Returned,,11260.07,
ORD-0001227,C12278,2024-07-29 00:00:00,Thabo,Nkosi,Pretoria,Consumer,Online,Laptop,1.0,15998.78,0.0,127.53,0.15,12848.74,None,EFT,Cancelled,,18526.13,
ORD-0000698,C10916,2024-09-05 00:00:00,Megan,Pillay,Johannesburg,Consumer,Online,Keyboard,1.0,473.05,0.0,78.72,0.15,333.92,None,Card,Completed,,622.73,
ORD-0004948,C10610,2025-11-21 00:00:00,Siyanda,Mthembu,Pretoria,Small Business,Online,Tablet,3.0,10290.86,0.05,85.52,0.15,8615.92,Payday Promo,Card,Pending,,33813.81,
ORD-0004587,C10059,2025-01-01 00:00:00,Priya,Khumalo,Johannesburg,Consumer,Online,Tablet,1.0,10164.43,0.0,94.43,0.14,7064.41,None,Card,Cancelled,,11681.88,
ORD-0001486,C11585,2025-02-06 00:00:00,Nomsa,Dlamini,Cape Town,Consumer,Marketplace,Webcam,6.0,1859.68,0.03,106.71,0.15,1324.81,Back to School,Mobile Wallet,Returned,,12553.51,
ORD-0000455,C12916,2024-11-30 00:00:00,Priya,Khumalo,Johannesburg,Small Business,Marketplace,Mouse,4.0,261.08,0.0,72.95,0.15,211.37,Payday Promo,Mobile Wallet,Cancelled,,1273.93,
ORD-0003562,C10212,2024-06-15 00:00:00,Chloe,Williams,Johannesburg,Consumer,Online,Monitor,4.0,7829.05,0.2,97.87,0.15,6034.65,None,Bank Transfer,Cancelled,,28908.78,
ORD-0002324,C10107,2025-08-19 00:00:00,Naledi,Pillay,Johannesburg,Consumer,Online,Router,1.0,690.88,0.08,120.81,0.15,416.3,None,Bank Transfer,Pending,,851.77,
ORD-0001216,C12233,2024-11-23 00:00:00,Siyanda,Mthembu,Gqeberha,Corporate,Online,Laptop,4.0,9308.99,0.05,0.59,0.15,7216.59,None,EFT,Cancelled,,40680.88,
ORD-0002130,C10684,2025-08-17 00:00:00,Aisha,Molefe,Polokwane,Small Business,Online,Mouse,1.0,1042.12,0.0,176.96,0.15,875.0,None,Card,Returned,,1375.4,
ORD-0001677,C11162,2025-03-26 00:00:00,Kabelo,Botha,Johannesburg,Consumer,Online,Printer,7.0,5150.55,0.05,57.27,0.15,3437.01,Payday Promo,Mobile Wallet,Pending,,39446.12,
ORD-0003152,C11325,2025-09-02 00:00:00,Lerato,Williams,Pretoria,Corporate,Marketplace,Laptop,8.0,15744.52,0.08,37.39,0.15,9523.96,None,Mobile Wallet,Completed,,133299.03,
ORD-0000862,C11461,2025-08-27 00:00:00,Sipho,Mokoena,Johannesburg,Small Business,Online,Mouse,2.0,188.79,0.0,137.73,0.0,133.63,New Customer,Mobile Wallet, cancelled ,,515.32,
ORD-0000502,C10948,2024-02-20 00:00:00,Aisha,Botha,Cape Town,Corporate,Online,Mouse,2.0,188.51,0.0,124.05,0.15,161.17,None,Card,Completed,,557.61,
ORD-0003332,C10317,2024-09-03 00:00:00,Ryan,Mokoena,Gqeberha,Corporate,Online,Printer,1.0,2698.38,0.0,189.13,0.15,2061.33,New Customer,Mobile Wallet,Completed,,3292.27,
ORD-0003615,C12045,2025-12-14 00:00:00,Kabelo,Patel,Bloemfontein,Consumer,Online,Tablet,5.0,7230.81,0.0,15.82,0.15,4791.27,None,Card,Completed,,41593.0,
ORD-0005152,C10511,2024-08-27 00:00:00,Megan,Nkosi,Cape Town, consumer ,Marketplace,Monitor,1.0,7424.34,0.0,216.42,0.15,5637.78,None,Mobile Wallet,Completed,,8754.42,
ORD-0002100,C10957,2025-10-23 00:00:00,Jason,Nkosi,Pretoria,Consumer,Online,HEADSET,1.0,4191.82,0.2,206.24,0.15,2817.26, clearance ,Cash,Completed,,4062.71,
ORD-0005619,C10085,2025-09-08 00:00:00,Sipho,Molefe,Johannesburg,Consumer,Online,Monitor,1.0,5562.24,0.15,159.12,0.15,3716.53,Summer Sale,Cash,Cancelled,,5596.21,
ORD-0003268,C12747,2025-07-06 00:00:00,Priya,Nkosi,Johannesburg,Consumer,Online,Mouse,2.0,997.74,0.1,99.59,0.15,749.53,None,EFT,Completed,,2164.91,
ORD-0005373,C11197,2024-04-13 00:00:00,Aisha,Smith,Cape Town,Consumer,Online,Router,4.0,2712.79,0.2,94.38,0.15,1898.0,None,Mobile Wallet,Returned,,10077.43,
ORD-0005877,C10658,2025-04-01 00:00:00,Chloe,Dlamini,Johannesburg,Small Business,Online,Tablet,2.0,4852.21,0.03,86.94,0.15,3061.5,Back to School,Card,Completed,,10912.22,
ORD-0002213,C11437,2025-12-06 00:00:00,Aisha,Smith,Pretoria,Consumer,Online,Router,1.0,3745.9,0.0,79.84,0.15,2834.83,None,Cash,Completed,,4387.62,
ORD-0001801,C12545,2024-04-03 00:00:00,Megan,Pillay,Nelspruit,Consumer,Marketplace,SSD,4.0,3562.54,0.1,91.02,0.15,2888.08,Back to School,EFT,Completed,,14839.92,
ORD-0001191,C11597,2024-07-03 00:00:00,Megan,Smith,Durban,Consumer,Online,Monitor,1.0,2714.63,0.03,48.31,0.0,2135.19,Payday Promo,Card,Completed,,2681.51,
ORD-0001367,C12841,2025-11-25 00:00:00,Megan,Mthembu,Pretoria,Corporate,Online,Laptop,1.0,7705.4,,203.04,0.15,5231.7,None,Card,Returned,,8355.35,
ORD-0005316,C10497,2024-06-07 00:00:00,Sipho,Naidoo,Johannesburg,Consumer,Store,Keyboard,1.0,1591.2,0.1,59.24,0.15,1052.55,None,Card,Completed,Rep A,1387.69,
ORD-0000753,C10166,2025-12-30 00:00:00,Naledi,Pillay,Durban,Corporate,Online,Headset,4.0,963.02,0.15,102.49,0.15,692.72,Back to School,Mobile Wallet,Completed,,3867.91,
ORD-0002307,C12113,2025-03-11 00:00:00,Daniel,Williams,Benoni,Consumer,Online,SSD,7.0,2615.35,0.1,14.64,0.15,1717.81,Back to School,Mobile Wallet,Cancelled,,18962.84,
ORD-0001295,C11723,2024-06-17 00:00:00,Fatima,Mthembu,Polokwane,Small Business,Online, webcam ,4.0,2360.4,0.0,127.49,0.15,1864.9,Clearance,EFT Transfer,Completed,,10985.31,
ORD-0003131,C12760,2024-05-20 00:00:00,Kabelo,Dlamini,Johannesburg,Consumer,Online,Keyboard,1.0,1693.24,0.0,114.18,0.15,1308.75,Summer Sale,EFT,Cancelled,,2061.42,
ORD-0004190,C11301,2025-09-25 00:00:00,Fatima,Mokoena,Cape Town,Consumer,Online,Laptop,3.0,7950.38,0.15,64.18,0.15,5924.6,Clearance,Card,Completed,,23378.69,
ORD-0002455,C10372,2025-09-24 00:00:00,Thabo,Botha,Polokwane,Consumer,Marketplace,Mouse,3.0,624.26,0.0,60.41,0.14,511.13,None,Card,Completed,,2195.38,
ORD-0004632,C10970,2024-05-04 00:00:00,Chloe,Molefe,Johannesburg,Corporate,Online,Mouse,2.0,938.73,0.0,44.21,0.15,579.89,New Customer,EFT,Completed,,2203.29,
ORD-0004284,C12083,2025-04-02 00:00:00,Priya,Smith,Johannesburg,Small Business,Phone,Keyboard,2.0,664.98,0.1,90.08,0.14,466.34,None,Card,Completed,,1454.62,
ORD-0004256,C11289,2024-05-10 00:00:00,Nomsa,Naidoo,Johannesburg,Consumer,Online,Laptop,1.0,13969.22,0.0,202.04,0.15,10734.89,Payday Promo,EFT,Cancelled,,16266.65,
ORD-0002981,C10810,2024-03-18 00:00:00,Naledi,Smith,CapeTown,Consumer,Online,Keyboard,1.0,419.27,0.1,157.36,0.15,291.86,None,Card,Completed,,591.3,
ORD-0004642,C11556,2024-07-25 00:00:00,Ryan,Khumalo,Cape Town,Consumer,Online,Mouse,1.0,296.12,0.1,42.75,0.15,178.29,None,Card,Pending,,349.23,
ORD-0005892,C10373,2024-09-19 00:00:00,Kabelo,Smith,Johannesburg,Consumer,Phone,Keyboard,1.0,1020.59,0.0,187.92,0.15,660.88,Clearance,Card,Cancelled,,1361.6,
ORD-0000217,C12792,09-01-2025,Mpho,Botha,Pretoria,Small Business,Marketplace,Printer,6.0,3904.25,0.05,141.35,0.15,2919.86,None,Card,Returned,,25733.69,
ORD-0003838,C11687,2024-10-09 00:00:00,Megan,Nkosi,Polokwane,Corporate,Online,Mouse,2.0,945.01,0.25,183.5,0.15,689.59,None,Card,Cancelled,,1813.64,
ORD-0004453,C10930,2024-09-07 00:00:00,Thabo,Mokoena,Cape Town,Consumer,Online,Tablet,7.0,8798.97,0.03,13.93,0.0,6657.12,Black Friday,EFT,Cancelled,,59758.96,
ORD-0000739,C10987,2025-05-14 00:00:00,Ryan,Naidoo,Johannesburg,Consumer,Marketplace,Webcam,3.0,1975.85,0.05,118.71,0.15,1302.32,Black Friday,Mobile Wallet,Completed,,6594.56,
ORD-0004795,C12465,2024-06-21 00:00:00,Naledi,Pillay,Johannesburg,Consumer,Online,Monitor,4.0,7225.32,0.1,107.9,0.15,4332.2,None,Card,Completed,,30020.72,
ORD-0000494,C11897,2024-02-26 00:00:00,Fatima,Williams,Gqeberha,Consumer,Phone,Webcam,1.0,2236.07,0.2,196.74,0.15,1379.23,Back to School,Cash,Returned,,2253.92,
ORD-0003842,C10546,2024-02-28 00:00:00,Naledi,Molefe,Benoni,Consumer,Online,Laptop,2.0,21273.77,0.1,73.2,0.15,17531.45,Back to School,Card,Completed,,44109.91,
ORD-0000473,C12603,2025-12-07 00:00:00,Chloe,Khumalo,Durban,Corporate,Marketplace,Printer,1.0,1860.72,0.03,97.11,0.15,1452.52,None,Card,Returned,,2172.75,
ORD-0001652,C10370,2025-11-08 00:00:00,Mpho,Dlamini,Nelspruit,Small Business,Online,Keyboard,4.0,1317.13,0.15,147.83,0.15,830.35,Payday Promo,EFT,Completed,,5297.81,
ORD-0002358,C10881,2024-10-22 00:00:00,Aisha,Nkosi,Cape Town,Consumer,Online,Mouse,3.0,1299.97,0.0,123.21,0.15,980.51,Back to School,Bank Transfer,Cancelled,,4608.09,
ORD-0002895,C12073,2025-05-05 00:00:00,Chloe,Mthembu,Johannesburg,Small Business,Online,Laptop,3.0,14071.4,0.15,51.74,0.15,8611.66,None,EFT,Completed,,41316.14,
ORD-0001755,C11234,2024-02-19 00:00:00,Sipho,Patel,Benoni,Small Business,Online,SSD,2.0,2375.9,0.08,64.34,0.14,1723.35,None,Card,Completed,,5048.04,
ORD-0005837,C11245,2024-01-16 00:00:00,Kabelo,Nkosi,Johannesburg,Small Business,Store,Tablet,3.0,4899.7,0.15,5.5,0.0,3996.67,Summer Sale,Mobile Wallet,Pending,Rep E,12499.75,
ORD-0000997,C12351,2024-08-16 00:00:00,Thabo,Naidoo,Polokwane,Small Business,Marketplace,Laptop,3.0,20527.96,0.05,36.63,0.15,13232.27,New Customer,EFT,Pending,,67317.03,
ORD-0004742,C11151,2025-10-07 00:00:00,Zanele,Mthembu,Durban,Consumer,Online,Keyboard,4.0,277.06,0.1,28.52,0.0,177.89,Payday Promo,Bank Transfer,Pending,,1025.92,
ORD-0000127,C12054,2024-08-09 00:00:00,Ryan,Nkosi,Johannesburg,Corporate,Marketplace,Headset,2.0,649.07,0.0,174.22,0.15,508.72,Back to School,EFT,Returned,,1667.08,
ORD-0005153,C11327,2025-06-30 00:00:00,Sipho,Dlamini,Cape Town,Consumer,Online,Laptop,3.0,9004.76,0.15,110.34,0.15,5600.88,New Customer,Card,Pending,,26516.8,
ORD-0001861,UNKNOWN-26,2024-06-06 00:00:00,Zanele,Mthembu,Polokwane,Corporate,Online,Monitor,2.0,8019.98,0.15,53.02,0.15,5225.28,Payday Promo,Card,Completed,,15732.08,
ORD-0002322,C11528,2025-12-20 00:00:00,Mpho,Botha,Pretoria,Consumer,Online,Keyboard,1.0,634.65,0.08,202.12,0.15,398.99,Summer Sale,Mobile Wallet,Returned,,873.57,
ORD-0004508,C12807,2024-12-21 00:00:00,Megan,Nkosi,Johannesburg,Corporate, online ,Keyboard,4.0,1316.55,0.03,80.08,0.15,982.57,Back to School,EFT,Pending,,5954.53,
ORD-0002356,C12310,2025-09-19 00:00:00,Megan,Mokoena,Bloemfontein,Consumer,Online,Laptop,6.0,16883.18,0.1,32.19,0.15,13249.42,Payday Promo, card ,Completed,,104876.73,
ORD-0000887,C12879,2024-10-04 00:00:00,Aisha,Naidoo,Johannesburg,Consumer,Online,Headset,1.0,1119.91,0.05,214.83,0.15,889.83,None,Cash,Completed,,1438.33,
ORD-0000397,C10058,2025-11-24 00:00:00,Andile,Nkosi,Benoni,Small Business,Online,Monitor,1.0,2871.32,0.08,118.63,0.15,1691.69,New Customer,Card,Pending,,3746.93,
ORD-0003003,C10798,2024-12-08 00:00:00,Aisha,Patel,Johannesburg,Consumer,Store,Headset,7.0,1862.96,0.0,141.12,0.15,1293.35,None,Mobile Wallet,Completed,Rep C,15137.93,
ORD-0004653,C11543,2024-12-09 00:00:00,Daniel,Botha,Gqeberha,Corporate,Online,Laptop,1.0,17145.91,0.2,153.4,0.0,12955.32,None,Card,Completed,,13870.13,
ORD-0002802,C12926,2024-07-16 00:00:00,Ryan,Khumalo,Gqeberha,Consumer,Phone,Laptop,2.0,9228.7,0.0,188.37,0.15,7606.66,Summer Sale,Card,Completed,,21414.39,
ORD-0002217,C11408,2025-01-18 00:00:00,Jason,Nkosi,Nelspruit,Consumer,Online,Headset,6.0,2602.14,0.05,28.77,0.15,2195.43,None,EFT,Completed,,17085.77,
ORD-0000626,C10734,2025-03-15 00:00:00,Lerato,Smith,Benoni,Consumer,Marketplace,Webcam,1.0,580.48,0.15,72.99,0.15,477.32,None,Mobile Wallet,Completed,,640.41,
ORD-0004216,C11221,2025-12-02 00:00:00,Andile,Pillay,Durban,Small Business,Online,Monitor,3.0,4391.29,0.25,139.3,0.15,2875.24,None,Card,Pending,,11501.75,
ORD-0001854,C12944,2025-02-02 00:00:00,Ryan,Patel,Polokwane,Consumer,Store,Keyboard,5.0,1738.28,0.25,13.72,0.0,1264.46,None,Card,Cancelled,Rep A,6532.28,
ORD-0002381,C10842,2025-07-08 00:00:00,Siyanda,Patel,Pretoria,Corporate,Store,Mouse,1.0,313.61,0.03,190.21,0.15,241.86,Back to School,Card,Completed,Rep A,540.04,
ORD-0005354,C12251,2025-10-15 00:00:00,Chloe,Smith,Pretoria,Consumer,Store,Office Chair,10.0,6811.57,25%,120.37,0.15,5001.65,None,Cash,Returned,Rep B,58870.2,
ORD-0000380,C10643,2024-06-23 00:00:00,Andile,Nkosi,Pretoria,Small Business,Marketplace,Headset,1.0,528.68,0.03,89.94,0.15,366.82,None,Mobile Wallet,Cancelled,,679.68,
ORD-0002860,C12507,2025-08-24 00:00:00,Kabelo,Dlamini,Durban,Consumer,Online,Keyboard,5.0,767.83,0.0,43.15,0.15,545.61,None,Mobile Wallet,Completed,,4458.18,
ORD-0005890,C12129,2024-02-26 00:00:00,Mpho,Williams,JHB,Consumer,Online,Docking Station,1.0,1418.45,0.0,32.23,0.15,1197.66,Payday Promo,EFT,Returned,,1663.45,
ORD-0002142,C12358,2024-12-10 00:00:00,Ryan,Khumalo,Durban,Consumer,Online,Laptop,1.0,10787.41,0.0,92.97,0.15,7631.8,None,Card,Cancelled,,12498.5,
ORD-0005327,C12988,2024-06-30 00:00:00,Nomsa,Naidoo,Durban,Consumer,Online,Router,2.0,1136.29,0.1,150.93,0.15,748.32, none ,Card,Completed,,2503.06,
ORD-0003293,C11548,2025-10-28 00:00:00,Mpho,Smith,Nelspruit,Corporate,Online,Mouse,8.0,1052.06,0.05,91.35,0.15,615.12,None,Card,Pending,,9286.32,
ORD-0003530,C12513,2024-03-06 00:00:00,Kabelo,Pillay,Johannesburg,Consumer,Online,Webcam,1.0,970.33,0.05,80.33,0.15,737.76,New Customer,Card,Completed,,1140.41,
ORD-0004404,C12302,2025-12-01 00:00:00,Andile,Dlamini,Johannesburg,Consumer,Phone,Laptop,1.0,21990.26,0.1,70.02,0.15,17893.05, none ,Card,Pending,,22829.93,
ORD-0005561,C11159,2024-03-27 00:00:00,Priya,Patel,Johannesburg,Consumer,Marketplace,Webcam,83.0,1330.17,0.0,43.76,0.15,961.18,None,Card,Returned,,1573.45,
ORD-0002195,C11070,2024-01-09 00:00:00,Mpho,Mthembu,Durban,Corporate,Marketplace,Printer,1.0,3214.83,0.05,101.85,0.15,1974.37,New Customer,Mobile Wallet,Cancelled,,3614.06,
ORD-0000150,C12502,2024-10-21 00:00:00,Ryan,Mokoena,Cape Town,Consumer,Store,Docking Station,2.0,2187.05,0.08,44.82,0.15,1834.09,Clearance,EFT,Cancelled,Rep E,4672.61,
ORD-0005602,C10651,2025-12-19 00:00:00,Nomsa,Williams,Johannesburg,Corporate,Marketplace,Laptop,4.0,10914.54,0.0,63.49,0.15,8700.47,None,Card,Completed,,50270.37,
ORD-0002241,C10158,2025-07-12 00:00:00,,Naidoo,Johannesburg,Small Business,Online,Monitor,2.0,2848.56,0.0,72.56,0.14,2399.83,Summer Sale,Mobile Wallet,Completed,,6567.28,
ORD-0000722,C10774,2025-03-12 00:00:00,Zanele,Smith,Pretoria,Consumer,Store,Headset,1.0,2177.75,0.1,169.59,0.15,1858.33,Summer Sale,Mobile Wallet,Completed,Rep C,2423.56,
ORD-0003744,C11148,2024-12-26 00:00:00,Ryan,Patel,Gqeberha,Corporate,Online,Headset,1.0,1936.26,0.0,87.11,0.15,1626.28,Summer Sale,Card,Completed,,2313.81,
ORD-0002411,C11447,2025-01-23 00:00:00,Kabelo,Nkosi,Gqeberha,Consumer,Online,Keyboard,1.0,1599.06,0.1,47.23,0.15,1171.98,Back to School,Card,Completed,,1702.26,
ORD-0003234,C12940,2024-06-24 00:00:00,Ryan,Botha,Pretoria,Consumer,Phone,Printer,2.0,5938.91,0.0,63.58,0.14,4783.15,None,Card,Completed,,13604.28,
ORD-0000431,C11477,2025-02-11 00:00:00,Kabelo,Pillay,Johannesburg,Consumer,Online,Tablet,2.0,3090.73,0.0,156.42,0.0,2353.25,New Customer,Card, completed ,,6337.88,
ORD-0004277,C12090,2025-12-16 00:00:00,Zanele,Naidoo,Pretoria,Consumer,Online,Monitor,6.0,3557.37,0.25,65.72,0.15,3034.72,None,Bank Transfer,Completed,,18475.1,
ORD-0002490,C10764,2024-07-12 00:00:00,Ryan,Smith,Pretoria ,Corporate,Online,Router,6.0,2292.41,0.1,104.53,0.15,1799.88,Black Friday,Card,Completed,,14340.4,
ORD-0005210,C11719,2024-06-24 00:00:00,Kabelo,Dlamini,Durban,Corporate,Online,Laptop,7.0,7741.77,0.05,110.77,0.15,6583.03,None,Bank Transfer,Completed,,59315.94,
ORD-0003956,C11867,2024-01-13 00:00:00,Andile,Mokoena,Bloemfontein,Consumer,Online,Laptop,5.0,9758.18,0.0,136.84,0.15,6590.12,New Customer,Card,Completed,,56246.4,
ORD-0001106,C10602,2024-11-02 00:00:00,Thabo,Dlamini,Pretoria,Small Business,Marketplace,Webcam,1.0,2125.83,0.15,88.15,0.15,1645.64,None,EFT,Completed,,2166.15,
ORD-0001362,C11640,2024-08-10 00:00:00,Kabelo,Dlamini,Johannesburg,Consumer,Online,Laptop,1.0,21909.62,0.1,50.99,15%,16522.31,None,Mobile Wallet,Completed,,22727.45,
ORD-0001581,C12459,2025-02-02 00:00:00,Ryan,Dlamini,Benoni,Small Business,Store,Printer,4.0,3184.93,0.05,21.03,0.15,2106.19,New Customer,Mobile Wallet,Completed,Rep D,13939.17,
ORD-0004537,C12618,2024-12-14 00:00:00,Zanele,Khumalo,Bloemfontein,Consumer, phone ,Laptop,5.0,18727.22,0.08,85.7,0.15,13861.86,Clearance,Bank Transfer,Completed,,99152.7,
ORD-0001052,C11760,2024-07-21 00:00:00,Chloe,Williams,Benoni,Consumer,Online,Docking Station,2.0,1954.89,0.0,33.54,0.15,1566.16,Black Friday,Card,Returned,,4529.79,
ORD-0003757,C12373,2025-08-13 00:00:00,Naledi,Pillay,Pretoria,,Online,Tablet,1.0,3937.36,0.0,42.61,0.15,3262.39,Payday Promo,Bank Transfer,Completed,,4570.57,
ORD-0004544,C12864,2024-11-02 00:00:00,Siyanda,Molefe,Bloemfontein,Small Business,Marketplace,Monitor,2.0,2024.6,0.0,141.92,0.14,1558.32,Back to School,EFT,Completed,,4758.01,
ORD-0005998,C11962,2024-09-24 00:00:00,Ryan,Mthembu,Bloemfontein,Consumer,Store,Tablet,4.0,6127.85,0.1,88.53,0.15,5159.58,None,Card,Completed,Rep E,25457.84,
ORD-0005683,C11911,2025-12-31 00:00:00,Priya,Nkosi,Cape Town,Consumer, online ,Laptop,2.0,8875.21,0.08,144.86,0.15,5179.03,New Customer,EFT,Completed,,18924.8,
ORD-0001556,C12516,2024-03-08 00:00:00,Fatima,Dlamini,Nelspruit,Consumer,Online,Laptop,10.0,7976.41,0.05,68.25,0.14,5145.41,Back to School,Card,Completed,,86452.78,
ORD-0005548,C12990,2024-03-03 00:00:00,Zanele,Nkosi,Benoni,Consumer,Phone,Webcam,6.0,709.13,0.05,119.2,0.15,520.48,None,EFT,Pending,,4767.53,
ORD-0005929,C12654,2024-02-04 00:00:00,Mpho,Mthembu,Johannesburg,Consumer,Online,Printer,2.0,6359.08,0.1,149.58,0.0,4248.11,None,Card,Completed,,11595.92,
ORD-0000360,C12720,2024-10-13 00:00:00,Priya,Patel,Durban,Consumer,Online,Keyboard,1.0,1043.8,0.0,147.87,0.15,839.5,Payday Promo,Card,Completed,,1348.24,
ORD-0004005,C12834,2024-10-03 00:00:00,Priya,Smith,Durban,Corporate,Online,Keyboard,1.0,2137.96,0.05,117.74,0.15,1498.55,None,Card,Completed,,2453.46,
ORD-0004152,C11156,2024-04-23 00:00:00,Sipho,Smith,Benoni,Corporate,Marketplace,Headset,3.0,1723.31,0.0,75.78,0.15,1036.2,None,Card,Pending,,6021.19,
ORD-0003765,C10928,2025-02-14 00:00:00,Nomsa,Pillay,Johannesburg,Consumer,Online,Webcam,3.0,912.38,0.0,143.25,0.15,613.64,None,EFT,Pending,,3290.95,
ORD-0003952,C10054,2024-08-10 00:00:00,Fatima,Williams,Cape Town,Consumer,Phone,Tablet,8.0,3610.46,0.03,113.34,0.15,2799.55,Payday Promo,Cash,Completed,,32333.08,
ORD-0001672,C11343,2024-12-13 00:00:00,Daniel,Mthembu,Polokwane,Small Business,Marketplace,SSD,2.0,3673.34,0.15,145.56,0.15,2147.17,Summer Sale,Bank Transfer,Completed,,7326.93,
ORD-0005065,C11222,2025-09-10 00:00:00,Megan,Williams,Johannesburg,Consumer,Store,SSD,2.0,3995.83,0.15,43.06,0.15,3343.2,New Customer,EFT,Cancelled,Rep E,7854.91,
ORD-0001973,C11824,2024-01-25 00:00:00,Sipho,Smith,Bloemfontein,Consumer, online ,Laptop,2.0,15094.42,0.05,58.84,0.15,12735.49,None,Card,Cancelled,,33040.15,
ORD-0000878,C11240,2024-02-29 00:00:00,Naledi,Khumalo,Johannesburg,Consumer,Store,Tablet,6.0,6270.53,0.05,68.69,0.15,5046.41,Summer Sale,Mobile Wallet,Pending,Rep A,41172.0,
ORD-0001411,C12936,2024-01-26 00:00:00,Priya,Patel,Durban,Small Business,Online,Mouse,1.0,647.36,0.1,202.44,0.0,502.74,None,Card,Completed,,785.07,
ORD-0000353,C10001,2025-04-17 00:00:00,Mpho,Molefe,Polokwane,Corporate,Online,Docking Station,1.0,4250.22,0.15,132.31,0.15,2959.91,Clearance,Mobile Wallet,Completed,,4286.9,
ORD-0002568,C12182,2024-05-01 00:00:00,Chloe,Naidoo,Polokwane,Consumer,Online,Tablet,1.0,7428.29,0.05,111.45,0.15,6226.83,New Customer,Card,Cancelled,,8226.86,
ORD-0002849,C12372,2024-06-21 00:00:00,Mpho,Smith,Cape Town,Consumer,Store,Router,2.0,"R 3,097.36",0.05,108.26,0.15,2495.94,Back to School,Mobile Wallet,Completed,Rep E,6876.0,
ORD-0002908,C10010,2025-01-30 00:00:00,Megan,Mokoena,Johannesburg,Consumer,Marketplace,SSD,2.0,3146.83,0.05,53.96,0.15,2196.36,None,EFT,Completed,,6929.78,
ORD-0003758,C12200,2024-05-22 00:00:00,Mpho,Mokoena,Johannesburg,Corporate,Store,SSD,3.0,2802.38,0.0,83.4,0.15,2180.0,,Bank Transfer,Completed,Rep A,9751.6,
ORD-0001949,C12150,2025-01-18 00:00:00,Megan,Patel,Pretoria,Consumer,Online,Laptop,2.0,16456.45,0.08,162.1,0.15,13322.37,New Customer,Card,Pending,,34983.95,
ORD-0004349,C10690,2025-10-04 00:00:00,Naledi,Patel,Gqeberha,Consumer,Online,Monitor,4.0,8161.35,0.1,42.91,0.15,6642.04,None,Mobile Wallet,Pending,,33830.9,
ORD-0003992,C10432,2025-03-22 00:00:00,Sipho,Naidoo,Durban,Consumer,Online,Headset,2.0,1606.6,0.03,58.85,0.15,1072.18,Black Friday,Card,Completed,,3643.17,
ORD-0005284,C10838,2025-11-20 00:00:00,Fatima,Dlamini,Nelspruit,Consumer,Online,Laptop,4.0,19411.82,0.08,2.29,0.15,16600.07,Clearance, cash ,Pending,,82153.09,
ORD-0001358,C11230,2024-09-22 00:00:00,Kabelo,Mthembu,Johannesburg,Consumer,Online,Monitor,6.0,3958.53,0.1,115.83,0.15,3309.26,Clearance,Bank Transfer,Cancelled,,24698.3,
ORD-0000408,C12647,2025-11-29 00:00:00,Nomsa,Mokoena, polokwane ,Consumer,Online,Monitor,2.0,4723.97,0.15,155.47,0.15,3789.37,None,EFT,Cancelled,,9390.83,
ORD-0005976,C12167,2024-06-18 00:00:00,Andile,Naidoo,Johannesburg,Consumer,Phone,Headset,6.0,1334.05,0.1,16.19,0.15,794.83,None,Card,Completed,,8300.62,
ORD-0004905,C11566,2024-12-13 00:00:00,Lerato,Nkosi,Nelspruit,Small Business,Online,Tablet,6.0,6161.38,0.08,114.55,0.15,3776.5,Back to School,Card,Completed,,39227.0,
ORD-0001331,C12263,2025-07-30 00:00:00,Kabelo,Dlamini,Durban,Small Business,Store,Mouse,6.0,1249.73,0.1,66.86,0.15,1069.43,None,Card,Pending,Rep B,4883.0,7498.38
ORD-0003308,C12431,2024-11-26 00:00:00,Naledi,Khumalo,Benoni,Consumer, store ,Monitor,1.0,3493.38,0.03,81.67,0.15,2963.86,None,EFT,Completed,Rep B,3978.53,
ORD-0005447,C10802,2024-03-25 00:00:00,Sipho,Pillay,Pretoria,Small Business,Online,Mouse,5.0,291.11,0.0,97.98,0.15,222.94,None,EFT,Completed,,1771.84,
ORD-0002601,C11922,2025-03-14 00:00:00,Sipho,Williams,Johannesburg,Consumer,Store,Monitor,1.0,8127.72,0.0,83.92,0.15,5328.28,None,Cash,Cancelled,Rep B,9430.79,
ORD-0004853,C11577,2024-03-22 00:00:00,Daniel,Nkosi,Pretoria,Small Business,Phone,Headset,3.0,1941.66,0.03,62.82,0.15,1332.53,None,Card,Returned,,6560.59,
ORD-0001931,C12388,2024-05-29 00:00:00,Lerato,Williams,Johannesburg,Consumer,Online,Laptop,2.0,9557.06,0.1,97.37,0.15,6810.83,Clearance,EFT,Cancelled,,19880.48,
ORD-0002893,C12269,2025-10-18 00:00:00,Zanele,Patel,Johannesburg,Consumer,Store,Printer,1.0,3630.41,0.0,184.89,0.15,2646.16,None,Card,Cancelled,Rep C,4359.86,
ORD-0005560,C10466,2025-09-05 00:00:00,Aisha,Dlamini,Cape Town,Consumer,Marketplace,Monitor,2.0,4451.91,0.05,44.22,0.15,3525.41,None,Card,Completed,,9771.65,
ORD-0003344,C10099,2024-07-12 00:00:00,Ryan,Nkosi,Cape Town,Consumer,Marketplace,Office Chair,5.0,3648.47,0.08,44.69,0.15,2350.94,None,Cash,Completed,,19345.12,
ORD-0003075,C11006,2024-07-14 00:00:00,Aisha,Mthembu,Johannesburg, corporate ,Online,Printer,4.0,5827.88,0.0,126.31,0.15,3917.26,Clearance,Card,Completed,,26934.53,
ORD-0004506,C11778,2025-09-25 00:00:00,Chloe,Pillay,Cape Town,Corporate,Online,Laptop,1.0,11705.4,0.2,102.91,0.15,9220.78,None,Card,Completed,,10871.87,
ORD-0001202,UNKNOWN-27,2024-12-13 00:00:00,Aisha,Botha,Benoni,Corporate,Phone,Headset,1.0,2586.55,0.1,80.76,0.15,2024.32,None,Mobile Wallet,Pending,,2757.84,
ORD-0001416,C11106,2024-07-13 00:00:00,Lerato,Pillay,Johannesburg,Consumer,Online,Monitor,4.0,4435.16,0.25,72.1,0.0,3804.53,None,Bank Transfer,Returned,,13377.58,
ORD-0004531,C12220,2024-09-04 00:00:00,Megan,Naidoo,Johannesburg,Corporate,Store,Router,1.0,2037.07,0.05,139.63,0.15,1215.61,Payday Promo,Bank Transfer,Returned,Rep A,2365.14,
ORD-0004368,C10532,2024-10-04 00:00:00,Zanele,Williams,Benoni, small business ,Online,Office Chair,2.0,2192.61,0.0,147.72,0.15,1428.22,None,EFT,Completed,,5190.72,
ORD-0002525,C11845,2025-09-13 00:00:00,Lerato,Nkosi,Benoni,Corporate,Online,Laptop,1.0,21014.81,0.05,103.95,0.15,17962.2,Back to School,Mobile Wallet,Cancelled,,23062.62,
ORD-0001470,C11877,2024-08-03 00:00:00,Megan,Pillay,Pretoria,Consumer,Store,SSD,2.0,3716.53,0.05,217.32,0.0,2928.7,None,Mobile Wallet,Returned,Rep B,7278.73,
ORD-0003691,C12202,2024-08-03 00:00:00,Priya,Mokoena,Bloemfontein,Consumer,Marketplace,Docking Station,3.0,1667.63,0.08,21.92,0.15,1359.67,Summer Sale,Mobile Wallet,Returned,,5314.99,
ORD-0004115,C10047,2024-01-10 00:00:00,Priya,Nkosi,Johannesburg,Consumer,Store,Tablet,3.0,6691.78,0.05,89.06,0.15,5445.76,Payday Promo,Cash,Completed,Rep E,22021.36,
ORD-0001625,C12305,2024-08-11 00:00:00,Mpho,Nkosi,Durban,Consumer,Online,Laptop,3.0,11674.81,0.05,109.23,0.15,8699.45,None,Bank Transfer,Returned,,38373.43,
ORD-0002689,C12203,2024-08-09 00:00:00,Zanele,Botha,Cape Town,Consumer,Online,Laptop,4.0,19166.33,0.03,31.49,0.15,15246.56,None,Bank Transfer,Completed,,85551.68,
ORD-0001828,C11521,2025-02-11 00:00:00,Sipho,Mthembu,Benoni,Consumer,Online,Mouse,1.0,161.87,0.05,147.91,0.15,108.93,None,Card,Completed,,324.75,
ORD-0004406,C10940,2024-02-20 00:00:00,Andile,Patel,Cape Town,Consumer,Phone,Mouse,1.0,665.94,0.05,65.99,0.15,420.56,None,Bank Transfer,Cancelled,,793.53,
ORD-0002428,C10835,2024-03-22 00:00:00,Sipho,Williams,Johannesburg,Small Business,Online,Router,3.0,1094.03,0.15,147.28,0.14,917.34,None,Mobile Wallet,Cancelled,,3327.64,
ORD-0004683,C10327,2025-03-06 00:00:00,Daniel,Mokoena,Johannesburg,,Phone,Keyboard,2.0,1203.33,0.08,162.89,0.15,969.76,Summer Sale,Card,Cancelled,,2709.14,
ORD-0005666,C10158,2025-06-30 00:00:00,Daniel,Smith,Johannesburg,Consumer,Phone,Mouse,8.0,992.07,0.0,29.95,0.14,802.94,New Customer,EFT,Completed,,9077.61,
ORD-0005376,C11084,2025-06-16 00:00:00,Chloe,Mokoena,Johannesburg,Consumer,Online,Monitor,1.0,2275.46,0.1,96.39,0.15,1739.33,Back to School,Card,Pending,,2451.49,
ORD-0003491,C12565,2024-12-31 00:00:00,Zanele,Patel,Benoni,Consumer,Marketplace,SSD,4.0,1296.64,0.0,63.15,0.14,1049.46,None,Card,Completed,,5975.84,
ORD-0002947,C12889,2025-03-15 00:00:00,Fatima,Williams,Durban,Corporate,Online,Laptop,1.0,21797.6,0.0,87.34,0.14,15305.7,None,Card,Cancelled,,24936.6,
ORD-0003979,C10339,2025-11-19 00:00:00,Mpho,Mthembu,Johannesburg,Consumer,Online,SSD,3.0,1181.9,0.05,12.26,0.15,974.12,None,Card,Completed,,3885.93,
ORD-0003275,C10885,2025-01-08 00:00:00,Daniel,Naidoo,Pretoria,Consumer,Online,Mouse,3.0,608.82,0.08,110.07,0.0,480.52,Black Friday,Mobile Wallet,Completed,,1790.42,1826.46
ORD-0001271,C10220,03-04-2025,Fatima,Mokoena,Pretoria,Corporate,Phone,Office Chair,1.0,8150.56,0.15,85.82,0.15,6663.41,None,Card,Returned,,8053.0,
ORD-0001681,C10239,2024-06-30 00:00:00,Aisha,Williams,Durban,Corporate,Online,Keyboard,1.0,1176.91,0.0,155.7,0.15,802.72,None,Mobile Wallet,Cancelled,,1509.15,
ORD-0001249,C10949,2024-01-09 00:00:00,Megan,Williams,Cape Town,Consumer,Online,Monitor,1.0,3880.18,0.15,50.27,0.15,2687.15,,Card,Returned,,3843.15,
ORD-0000278,C12416,2024-10-13 00:00:00,Megan,Naidoo,Bloemfontein,Small Business,Online,Webcam,1.0,2256.5,0.15,38.94,0.14,1481.38,None,Card,Returned,,2225.49,
ORD-0001585,C12287,2025-02-03 00:00:00,Lerato,Williams,Nelspruit,Consumer,Online,Mouse,1.0,600.31,0.15,102.93,0.14,463.49,None,Card,Completed,,684.63,
ORD-0004526,C12213,2024-12-18 00:00:00,Aisha,Khumalo,Joburg,Consumer,Marketplace,Router,2.0,749.48,0.05,55.69,0.15,578.17,None,EFT,Completed,,1693.3,
ORD-0003091,C11680,2024-09-03 00:00:00,Andile,Dlamini, johannesburg ,Small Business,Online,Tablet,2.0,6929.58,0.03,70.56,0.0,5271.05,None,Card,Completed,,13513.94,
ORD-0003166,C11490,2024-08-25 00:00:00,Priya,Williams,Polokwane,Consumer,Online,Laptop,1.0,8803.37,0.08,85.34,0.15,6575.72,Black Friday,Mobile Wallet,Completed,,9399.31,
ORD-0002361,C12902,2024-06-11 00:00:00,Mpho,Molefe,Johannesburg,Consumer,Marketplace,Docking Station,5.0,2832.75,0.1,128.21,0.15,1687.2,None,Bank Transfer,Cancelled,,14787.67,
ORD-0004910,C10330,2025-07-28 00:00:00,Nomsa,Patel,Johannesburg,Consumer,Online,Mouse,,1239.2,0.05,138.58,0.15,818.27,None,EFT,Completed,,1492.4,
ORD-0000137,C12681,2024-05-06 00:00:00,Kabelo,Pillay,Cape Town,Consumer,Phone,Office Chair,1.0,8665.55,0.03,175.78,0.15,5897.12,Black Friday,EFT,Pending,,9842.21,
ORD-0002383,C11205,2025-08-16 00:00:00,Andile,Smith,Johannesburg,Consumer,Store,Office Chair,2.0,8324.15,0.15,189.06,0.15,6132.06,Back to School,Mobile Wallet,Completed,Rep B,12303.03,
ORD-0004127,C10717,2025-08-25 00:00:00,Ryan,Dlamini,Gqeberha,Consumer,Phone,Keyboard,5.0,1168.24,0.15,139.35,0.15,865.57,None,Bank Transfer,Completed,,5849.13,
ORD-0002260,C11962,2025-01-16 00:00:00,Priya,Williams,Gqeberha,Small Business,Online,Monitor,1.0,6753.95,0.15,174.54,0.15,4951.45,None,Mobile Wallet,Completed,,6776.53,
ORD-0003032,C12635,2024-09-06 00:00:00,Chloe,Nkosi,Johannesburg,Consumer,Store,Laptop,2.0,12736.21,0.1,134.27,0.15,8564.61,None,EFT,Completed,Rep C,26498.22,
ORD-0004464,C10478,2025-08-06 00:00:00,Megan,Mthembu,Pretoria,Corporate,Online,SSD,2.0,3505.73,0.1,113.77,0.15,2860.01,Black Friday,EFT,Completed,,7370.64,
ORD-0000340,C12902,2025-01-06 00:00:00,Zanele,Molefe,Pretoria,Consumer,Online,SSD,2.0,2405.47,0.0,200.94,0.15,1690.92,New Customer,EFT,Cancelled,,5733.51,
ORD-0004150,C12491,2024-12-01 00:00:00,Fatima,Patel,Johannesburg,Small Business,Store,Docking Station,1.0,2253.42,0.1,91.56,0.15,1886.42,Summer Sale,EFT,Cancelled,Rep B,2423.85,
ORD-0005473,C12178,2024-07-13 00:00:00,Megan,Botha,Johannesburg,Corporate,Store,Laptop,7.0,17680.82,0.0,67.79,0.15,12343.4,Summer Sale,EFT,Completed,Rep D,142398.42,
ORD-0002049,C12002,2025-12-18 00:00:00,Priya,Pillay,Bloemfontein,Corporate,Online,Keyboard,1.0,425.42,0.25,99.91,0.15,251.66,Back to School,EFT,Cancelled,,466.83,
ORD-0002246,C10879,2025-08-06 00:00:00,Lerato,Mokoena,Johannesburg,Corporate,Online,Docking Station,1.0,4829.56,0.2,68.72,0.0,4131.62,Summer Sale,Card,Returned,,3932.37,
ORD-0004871,C12382,2024-03-17 00:00:00,Sipho,Mthembu,Cape Town,Consumer,Marketplace,Tablet,7.0,9887.04,0.1,17.37,0.15,6446.39,None,Card,Completed,,71648.98,
ORD-0005364,C12233,2024-05-27 00:00:00,Daniel,Khumalo,Cape Town,Corporate, online ,SSD,4.0,2748.44,0.1,2.29,0.15,2303.91,None,Card,Completed,,11380.83,
ORD-0003900,C10009,2024-12-14 00:00:00,Aisha,Pillay,Durban,Consumer,Online,Tablet,5.0,6879.72,0.05,87.25,0.15,4809.47,None,Card,Pending,,37667.73,
ORD-0005537,C11121,2025-03-30 00:00:00,Jason,Molefe,Pretoria,Corporate,Marketplace,Docking Station,1.0,2901.34,0.0,194.65,0.15,2000.8,Black Friday,Card,Pending,,3531.19,
ORD-0004756,C11928,2025-01-11 00:00:00,Andile,Molefe,Durban,Small Business,Store,Monitor,4.0,8169.44,0.05,130.16,0.15,6478.13, clearance ,Card,Completed,Rep D,35830.63,
ORD-0003082,C10069,2024-03-29 00:00:00,Megan,Mthembu,Durban,Consumer,Online,Monitor,1.0,5587.38,0.0,147.44,0.15,4482.41,Summer Sale,Card,Pending,,6572.93,
ORD-0000792,C10257,2024-04-27 00:00:00,Fatima,Nkosi,Nelspruit,Consumer,Online,Mouse,1.0,831.13,0.15,150.59,0.15,637.35,Payday Promo,Card,Completed,,963.01,
ORD-0003808,C11895,2025-05-22 00:00:00,Priya,Mthembu,Polokwane,Consumer,Online,Keyboard,1.0,2125.63,0.08,71.74,0.15,1573.57,None,Card,Cancelled,,3083.59,
ORD 0001846,C12149,2024-04-12 00:00:00,Megan,Dlamini,Port Elizabeth,Small Business,Marketplace,SSD,1.0,938.89,0.0,103.13,0.15,634.6,None,Card,Completed,,9999999.0,
ORD-0003873,C11271,2025-11-02 00:00:00,Megan,Patel,Durban,Small Business,Online,Headset,,1576.76,0.25,128.49,0.15,1303.33,None,Card,Completed,,8288.25,
ORD-0003246,C11382,2024-09-09 00:00:00,Mpho,Williams,Johannesburg, consumer ,Store,Laptop,1.0,14603.62,0.1,158.85,0.15,9347.23,None,EFT,Returned,Rep D,15273.6,
ORD-0005084,C10812,2025-10-21 00:00:00,Zanele,Patel,Pretoria,Consumer,Online,Mouse,2.0,853.25,0.03,67.46,0.15,586.58,None,Bank Transfer,Completed,,1971.07,
ORD-0005178,C11997,2024-06-10 00:00:00,Kabelo,Patel,Durban,Consumer,Phone,Laptop,1.0,9037.2,0.05,64.31,0.15,7763.28,None,Card,Returned,,9937.45,
ORD-0001908,C12428,2024-11-30 00:00:00,Naledi,Mthembu,Gqeberha,Consumer,Online,Laptop,10.0,15666.32,0.0,38.91,0.15,10900.9,None,Cash,Completed,,180201.59,
ORD-0001791,C11853,2024-11-09 00:00:00,Daniel,Khumalo,Johannesburg,Corporate,Online,Headset,2.0,1120.26,0.1,128.94,0.15,829.5,None,Mobile Wallet,Cancelled,,2447.88,
ORD-0001345,C11188,2024-07-26 00:00:00,Zanele,Nkosi,Cape Town,Small Business,Online,Webcam,4.0,1421.83,0.0,93.74,0.15,1115.06,None,Mobile Wallet,Cancelled,,6634.13,5687.32
ORD-0001806,C11630,2025-03-03 00:00:00,Mpho,Botha,Johannesburg,Consumer,Online,Monitor,1.0,6202.07,0.1,97.07,0.15,4179.85,Summer Sale,Cash,Completed,,6516.21,
ORD-0001817,C11291,2024-02-07 00:00:00,Thabo,Pillay,Pretoria,Consumer,Online,Laptop,6.0,21760.37,0.05,44.99,0.15,15681.2,Clearance,Bank Transfer,Returned,,142684.19,
ORD-0003907,C11825,2024-10-06 00:00:00,Mpho,Molefe,Johannesburg,Small Business,Store,Laptop,4.0,12525.86,0.05,102.37,0.15,9110.25,None,Bank Transfer,Completed,Rep B,54840.36,
ORD-0002907,C10987,2024-07-12 00:00:00,Sipho,Naidoo,Gqeberha,Consumer,Online,Webcam,1.0,1593.1,0.0,165.51,0.15,1305.32,None,Card,Returned,,1997.57,
ORD-0000825,C12035,2024-10-04 00:00:00,Fatima,Williams,Benoni,Consumer,Marketplace,Laptop,4.0,19973.48,0.0,130.37,0.15,15072.37,None,Card,Cancelled,,92008.4,
ORD-0003526,C10215,2025-02-20 00:00:00,Nomsa,Williams,Pretoria,Consumer,Phone,Keyboard,1.0,1833.7,0.15,124.47,0.15,1299.62,New Customer,EFT,Pending,,1916.91,
ORD-0000991,C10443,2025-09-23 00:00:00,Siyanda,Nkosi,Pretoria,Consumer,Phone,Laptop,6.0,21143.31,0.08,120.67,0.15,17689.68,Back to School,Mobile Wallet,Completed,,134338.38,
ORD-0002917,C11353,2025-09-10 00:00:00,Priya,Pillay,Pretoria,Consumer,Phone,SSD,2.0,2901.74,0.0,63.06,0.15,2065.84,Clearance,Card,Completed,,6737.07,
ORD-0000818,C10490,2025-02-06 00:00:00,Lerato,Williams,Durban,Consumer,Store,Headset,1.0,2301.59,0.2,201.85,0.15,1958.26,New Customer,Mobile Wallet,Cancelled,Rep A,2319.31,
ORD-0005983,C11802,2024-07-31 00:00:00,Siyanda,Naidoo,Nelspruit,Consumer,Store,Headset,6.0,1459.29,0.0,79.55,0.15,905.87,None,Cash,Pending,Rep A,10148.67,
ORD-0003117,C12081,2024-10-18 00:00:00,Daniel,Naidoo,Pretoria,Consumer,Online,Printer,1.0,3597.99,0.03,131.15,0.15,2981.74,New Customer,Bank Transfer,Returned,,4144.71,
ORD-0001575,C11557,2024-11-23 00:00:00,Zanele,Nkosi,Johannesburg,Corporate,Phone,Laptop,5.0,8375.17,,128.74,0.15,6520.51,None,Card,Completed,,43470.24,
ORD-0003544,C12538,2025-06-16 00:00:00,Andile,Khumalo,Pretoria,Consumer,Online,Mouse,3.0,670.23,0.0,126.24,0.15,407.37,None,EFT,Returned,,2438.55,
ORD-0003440,C11272,2025-06-16 00:00:00,Aisha,Mokoena,Durban,,Online,Keyboard,1.0,671.6,0.0,85.75,0.15,449.94,None,Card,Completed,,858.09,
ORD-0001018,C12716,2025-07-01 00:00:00,Chloe,Smith,Pretoria,Corporate,Online,Keyboard,5.0,273.28,0.1,141.9,0.15,158.82,None,EFT, pending ,,1556.12,
ORD-0003198,C10786,2024-09-12 00:00:00,,Botha,Polokwane,Small Business,Online,Docking Station,2.0,4210.41,0.15,36.91,0.0,2646.32,None,Cash,Returned,,7194.6,
ORD-0004932,C10814,2025-07-07 00:00:00,Siyanda,Smith,Johannesburg,Consumer,Phone,SSD,6.0,1257.93,0.05,120.91,0.15,804.17,None,EFT,Completed,,8366.63,
ORD-0002456,C10722,2025-10-15 00:00:00,Jason,Mokoena,Durban,Corporate,Online,Keyboard,3.0,284.84,0.1,32.25,0.0,201.18,Summer Sale,Cash,Returned,,801.32,
ORD-0000978,C12245,2024-09-11 00:00:00,Naledi,Mokoena,Polokwane,Small Business,Marketplace,Docking Station,2.0,2372.86,0.15,211.29,0.15,2015.54,None,Card,Completed,,4850.24,
ORD-0000341,C11032,2024-05-31 00:00:00,Megan,Smith,Cape Town,Small Business,Marketplace,Monitor,2.0,7509.2,0.08,133.24,0.15,4933.66,None,Card,Pending,,16022.71,
ORD-0000332,C10102,2024-02-27 00:00:00,Thabo,Molefe,Gqeberha,Corporate,Marketplace,Office Chair,3.0,8152.74,0.0,41.79,0.15,6504.64,Clearance,Bank Transfer,Pending,,28168.72,24458.22
ORD-0002355,C11641,2025-09-23 00:00:00,Sipho,Patel,Polokwane,Consumer,Online,Headset,4.0,1604.51,0.08,33.8,0.15,1136.69,None,Bank Transfer,Completed,,6824.07,
ORD 0002857,C10784,2024-10-31 00:00:00,Zanele,Mthembu,Cape Town,Small Business,Store,Webcam,1.0,1633.91,0.0,212.41,0.15,1357.91,None,Mobile Wallet,Cancelled,Rep B,2091.4,
ORD-0002216,C10493,2025-04-30 00:00:00,Naledi,Smith,Benoni,Consumer,Marketplace,Keyboard,2.0,518.94,0.1,116.56,0.0,440.95,Summer Sale,Cash,Completed,,1050.65,
ORD-0005869,C11983,2024-05-18 00:00:00,Fatima,Nkosi,Johannesburg,Corporate,Online,Printer,4.0,4730.07,0.0,4.08,0.15,3797.66,None,Card,Cancelled,,21762.4,
ORD-0003853,C11894,2025-07-28 00:00:00,Priya,Williams,Johannesburg,Consumer,Store,Laptop,3.0,12442.77,0.2,0.28,0.15,10125.36,Summer Sale,Mobile Wallet,Completed,Rep A,34342.31,
ORD-0005479,C10989,2025-01-18 00:00:00,Aisha,Patel,Johannesburg,Small Business,Store,Webcam,1.0,1415.46,0.05,140.55,0.15,1025.95,None,EFT,Pending,Rep A,1686.94,
ORD-0000297,C12295,2025-05-14 00:00:00,Daniel,Smith,Durban,Small Business,Online,Laptop,1.0,20454.7,0.15,142.27,0.0,16643.47,Back to School,Card,Pending,,17528.77,
ORD-0001214,C10853,2025-02-28 00:00:00,Jason,Mokoena,Cape Town,Consumer,Online,Router,4.0,2072.23,0.1,53.94,0.15,1306.38,Summer Sale,EFT,Completed,,8632.97,
ORD-0005668,C12373,2024-01-29 00:00:00,Thabo,Patel,Johannesburg,Small Business,Online,Headset,5.0,1469.4,0.15,112.34,0.15,1041.95,,Card,Cancelled,,7294.01,
ORD-0000320,C10557,2024-09-30 00:00:00,Fatima,Khumalo,Benoni,Small Business,Online,Webcam,2.0,881.99,25%,172.58,0.15,703.72,None,Card,Cancelled,,1694.01,
ORD-0005740,C11932,2024-06-03 00:00:00,Ryan,Williams,Benoni,Consumer,Online,Tablet,3.0,6724.01,0.05,80.78,0.15,5470.94,None,Card,Completed,,22118.72,
ORD-0000831,C12936,2025-12-10 00:00:00,Daniel,Nkosi,Johannesburg,Small Business,Online,SSD,4.0,3650.26,0.0,129.95,0.0,2722.9,Summer Sale,Card,Cancelled,,14730.99,
ORD-0000663,C11796,2025-05-23 00:00:00,Kabelo,Nkosi,Johannesburg,Consumer,Phone,Laptop,6.0,18847.08,0.0,56.96,0.15,12358.11,None,EFT,Completed,,130101.81,
ORD-0004675,C11614,2025-11-02 00:00:00,Chloe,Mokoena,Cape Town,Consumer,Online,Keyboard,2.0,341.8,0.05,199.7,0.15,199.83,New Customer,Bank Transfer,Completed,,946.53,
ORD-0005160,C12734,2024-08-18 00:00:00,Sipho,Mthembu,Polokwane,SMB,Online,Keyboard,1.0,523.35,0.0,127.23,0.0,360.63, none ,Bank Transfer,Completed,,501.82,
ORD-0005367,C11054,2025-01-17 00:00:00,Siyanda,Dlamini, pretoria ,Consumer,Online,Keyboard,3.0,274.68,0.03,71.74,0.15,229.71,None,Card,Completed,,990.95,824.04
ORD-0002615,C11633,2025-02-22 00:00:00,Naledi,Mokoena,Pretoria,Small Business,Online,Printer,1.0,4631.87,0.0,115.16,0.15,3900.39,None,Card,Pending,,5441.81,
ORD-0005183,C11353,2024-04-16 00:00:00,Nomsa,Patel,Johannesburg,Consumer,Marketplace,Monitor,1.0,3179.24,0.1,39.35,0.15,2635.94,Black Friday,Card,Completed,,3329.86,
ORD-0004121,C10685,2025-06-01 00:00:00,Siyanda,Naidoo,Johannesburg,Consumer,Online,Mouse,5.0,893.58,0.05,100.16,0.0,647.02,New Customer,Card,Returned,,4344.68,
ORD-0000536,C10990,2024-05-28 00:00:00,Chloe,Dlamini,Pretoria,Consumer,Phone,Tablet,5.0,10785.71,0.0,98.81,0.0,8049.62,Summer Sale,Mobile Wallet,Completed,,54027.34,
ORD-0000393,C10332,2025-03-10 00:00:00,Priya,Khumalo,Johannesburg,Consumer,Marketplace,SSD,2.0,1292.34,0.0,214.17,0.15,855.64,Clearance,Card,Cancelled,,3186.55,
ORD-0001588,C10678,2025-03-27 00:00:00,Chloe,Nkosi,Johannesburg,Consumer,Online,Headset,3.0,815.25,0.0,35.6,0.15,570.89,None,Mobile Wallet,Completed,,2848.2,
ORD-0000333,C10969,2025-10-14 00:00:00,Sipho,Dlamini,Durban,Small Business,Online,Router,1.0,2957.85,0.15,31.0,0.15,2487.81,None,Mobile Wallet,Completed,,2922.3,
ORD-0000859,C12966,2025-05-16 00:00:00,Mpho,Khumalo,Benoni,Consumer,Online,Keyboard,2.0,1157.53,0.1,139.21,0.15,937.89,New Customer,Cash,Completed,,2535.29,
ORD-0001264,C11586,2025-09-21 00:00:00,Mpho,Smith,Cape Town,Consumer,Phone,Keyboard,3.0,733.72,0.1,82.24,0.15,473.43,None,Card,Completed,,2360.46,
ORD-0002858,C11719,2025-12-28 00:00:00,Daniel,Botha,Johannesburg, small business ,Online,Router,3.0,2328.54,0.0,143.51,0.15,1921.0,,Card,Returned,,8176.97,
ORD-0002986,C10618,2024-01-22 00:00:00,Fatima,Khumalo,Benoni,Corporate,Phone,Laptop,4.0,14153.9,0.15,9.66,0.15,9308.11,None,Cash,Pending,,55351.41,
ORD-0002423,C11279,2024-10-26 00:00:00,Megan,Smith,Johannesburg,Corporate,Store,Laptop,1.0,20636.01,0.08,73.6,0.15,14512.84,Summer Sale,Card,Returned,Rep D,21906.5,
ORD-0005971,C10352,2024-01-31 00:00:00,Chloe,Nkosi,Pretoria,Consumer,Marketplace,Tablet,8.0,10475.54,0.0,15.61,0.15,6488.17,None,EFT,Completed,,96390.58,
ORD-0002569,C10105,2025-09-02 00:00:00,Jason,Khumalo,Pretoria,Corporate,Marketplace,Tablet,5.0,8893.75,0.08,30.3,0.15,6305.33,Black Friday,Cash,Returned,,47078.21,
ORD-0003824,C11680,2024-01-25 00:00:00,Naledi,Botha,Durban,Small Business,Online,SSD,5.0,3088.87,0.15,81.79,0.14,2557.63,Back to School,Card,Completed,,15047.35,
ORD-0002120,C11937,2024-01-11 00:00:00,Daniel,Williams,Johannesburg,Small Business,Marketplace,Monitor,4.0,4519.32,0.05,128.64,0.15,3772.48,None,Cash,Returned,,19878.08,
ORD-0004250,C12550,2025-03-15 00:00:00,Aisha,Williams,Pretoria,Consumer,Online,Mouse,1.0,844.13,0.05,88.03,0.15,652.59,None,Card,Completed,,1010.24,
ORD-0000961,C11822,2024-03-22 00:00:00,Ryan,Dlamini,Johannesburg,Consumer,Online,Headset,7.0,543.71,0.0,83.61,0.15,400.69,None,Cash,Completed,,4460.44,
ORD-0001442,C11099,2024-09-10 00:00:00,Nomsa,Naidoo,Nelspruit,Corporate,Online,Printer,2.0,4276.04,,46.65,0.15,3298.53,None,Mobile Wallet,Completed,,7914.57,
ORD-0004514,C12810,2024-03-22 00:00:00,Sipho,Nkosi,Gqeberha,Consumer,Marketplace,Tablet,,9628.19,0.0,103.29,0.15,6555.13,None,Card,Completed,,11175.71,
ORD-0002016,C12775,2025-11-01 00:00:00,Aisha,Smith,Johannesburg,Corporate,Online,Laptop,2.0,11084.83,0.0,82.01,0.15,9027.36,None,Card,Cancelled,,21159.16,
ORD-0001332,C10733,2024-05-23 00:00:00,Aisha,Botha,Cape Town,Consumer, phone ,Tablet,4.0,4145.31,0.0,96.65,15%,2896.74,None,Card,Completed,,19165.08,
ORD-0003489,C11315,2025-10-05 00:00:00,Andile,Smith,Durban,Small Business,Store,Docking Station,1.0,4836.75,0.03,73.9,0.0,4116.95,None,Mobile Wallet,Cancelled,Rep A,4765.55,
ORD-0004173,C12826,2024-10-22 00:00:00,Aisha,Khumalo,Cape Town, consumer ,Online,Docking Station,8.0,4708.23,0.0,123.1,0.15,3728.61,None,Card,Pending,,43438.81,
ORD-0003676,C11016,2024-12-29 00:00:00,Megan,Khumalo,Gqeberha,Corporate,Phone,Router,6.0,3408.59,0.03,9.5,0.15,2392.79,New Customer,Card,Completed,,22823.22,
ORD-0001656,C10925,2024-07-10 00:00:00,Andile,Patel,Benoni,Corporate,Online,Keyboard,2.0,494.42,0.1,66.59,0.15,400.54,None,Card,Returned,,1090.05,
ORD-0000156,C10756,2025-04-12 00:00:00,Aisha,Dlamini,Bloemfontein,Consumer,Online,Monitor,2.0,3259.0,0.0,121.74,0.15,1947.36,None,EFT,Returned,,7617.43,
ORD-0005081,C10450,2024-02-23 00:00:00,,Botha,Durban,Corporate,Marketplace,Mouse,1.0,759.43,0.0,151.17,0.15,542.67,None,Bank Transfer,Completed,,1024.52,
ORD-0001696,C12219,2025-01-29 00:00:00,Chloe,Patel,Johannesburg,Consumer,Online,Webcam,5.0,2176.05,,41.44,0.15,1815.65,None,EFT,Completed,,11552.76,
ORD-0002748,C11337,2024-07-20 00:00:00,Lerato,Dlamini,Bloemfontein,Consumer,Online,Mouse,3.0,1118.85,0.0,74.46,0.15,795.97,Summer Sale,Card,Pending,,3934.51,
ORD 0001881,C11256,2025-12-14 00:00:00,Aisha,Dlamini,Durban,Small Business,Phone,Monitor,2.0,5667.7,0.03,131.3,0.15,3549.78,None,Bank Transfer,Returned,,9983.7,
ORD-0004952,C11973,2025-06-07 00:00:00,Fatima,Smith,Pretoria,Consumer,Marketplace,Keyboard,5.0,1060.67,0.1,32.69,0.15,849.71,Black Friday,Card,Pending,,5521.66,
ORD-0001590,C12452,2024-03-02 00:00:00,Kabelo,Dlamini,Bloemfontein,Corporate,Online,Monitor,6.0,3086.07,0.03,30.7,0.15,2525.7,Payday Promo,EFT,Returned,,20685.78,
ORD-0002770,C10502,2024-04-22 00:00:00,Kabelo,Pillay,Johannesburg,Small Business,Online,Office Chair,4.0,6077.98,0.0,0.66,0.14,4604.23,Back to School,EFT,Cancelled,,27716.23,
ORD-0005797,C11615,2025-04-21 00:00:00,Thabo,Smith,Pretoria,Corporate,Phone,Router,4.0,2263.33,0.05,108.56,0.15,1597.48,None,Mobile Wallet,Cancelled,,9999.33,
ORD-0001632,C11548,2025-07-17 00:00:00,Andile,Khumalo,Johannesburg,Small Business,Online,SSD,2.0,1442.36,0.05,127.88,0.15,1047.31,Payday Promo,Card,Completed,,3279.43,
ORD-0005102,C10241,2024-04-11 00:00:00,Kabelo,Naidoo,Cape Town,Consumer,Online,Office Chair,6.0,8169.14,0.05,40.69,0.15,5834.59,None,Card,Pending,,53589.4,
ORD-0004204,C11188,2024-08-06 00:00:00,Mpho,Patel,Johannesburg,Corporate,Store,Headset,1.0,2728.07,0.08,112.3,0.15,1949.28,Payday Promo,Mobile Wallet,Cancelled,Rep D,2180.27,
ORD-0004792,C12664,2025-06-13 00:00:00,Zanele,Botha,Johannesburg,Corporate,Store,Mouse,2.0,427.05,0.05,45.54,0.15,338.26,None,Cash,returned,Rep A,978.64,
ORD-0002607,C12687,2025-10-17 00:00:00,Jason,Mthembu,Benoni,Corporate,Store,Mouse,2.0,881.32,0.1,88.33,0.15,629.25,New Customer,Card,Cancelled,Rep E,1912.67,
ORD-0000555,C11262,2025-10-25 00:00:00,Zanele,Dlamini,Gqeberha,Small Business,Online,Laptop,7.0,9248.29,0.1,117.71,0.15,6654.94,None,Card,Completed,,67121.57,
ORD-0005816,C12282,2024-07-21 00:00:00,Mpho,Pillay,Johannesburg,Small Business,Store,Monitor,7.0,7200.73,0.05,31.24,0.15,5479.46,New Customer,EFT,Returned,Rep E,55098.85,
ORD-0005090,C11117,2024-09-16 00:00:00,Ryan,Botha,Johannesburg,Consumer,Online,Laptop,4.0,21512.42,0.0,7.36,0.15,17728.45,None,EFT,Pending,,98964.5,
ORD-0004757,C12629,2024-04-04 00:00:00,Naledi,Pillay,Johannesburg,Consumer,Store,Mouse,,775.97,0.1,53.78,0.15,491.86,None,Mobile Wallet,Pending,Rep E,2463.18,
ORD-0004022,C10898,2025-03-05 00:00:00,Lerato,Williams,Polokwane,Consumer,Online,Keyboard,1.0,279.38,0.0,37.96,0.15,207.46,None,Cash,Completed,,359.25,
ORD-0003717,C11554,2025-06-03 00:00:00,Naledi,Botha,Nelspruit,Small Business,Phone,SSD,10.0,3445.32,0.0,2.62,0.15,2844.44,None,Card,Completed,,39623.75,
ORD-0003745,C12875,2024-03-04 00:00:00,Megan,Naidoo,Pretoria,Consumer,Online,SSD,2.0,1325.02,0.15,179.99,0.15,919.02,None,Card,Returned,,2770.41,2650.04
ORD-0001276,C10932,2024-07-11 00:00:00,Mpho,Dlamini,Johannesburg,Consumer,Marketplace,Printer,4.0,4494.32,0.1,71.36,0.15,3008.83,Payday Promo,Card,Completed,,18677.86,
ORD-0000171,C11474,2024-06-14 00:00:00,Fatima,Khumalo,CapeTown,Consumer,Online,Keyboard,2.0,403.33,0.2,52.03,0.15,307.91,New Customer,Card,Completed,,794.17,
ORD-0000687,C10054,2025-01-18 00:00:00,Ryan,Patel,Pretoria,Consumer,Store,Router,2.0,"R 2,338.54",0.08,131.69,0.15,1549.1,None,EFT, cancelled ,Rep C,5080.03,
ORD-0000061,C12645,2025-05-01 00:00:00,Megan,Dlamini,Benoni,Small Business,Online,Docking Station,1.0,2780.4,0.25,142.75,0.15,1883.77,None,Card,Returned,,2540.84,
ORD-0003752,C12987,2025-05-18 00:00:00,Lerato,Khumalo,Cape Town,Small Business,Marketplace,Keyboard,2.0,675.76,0.1,79.43,0.0,441.34,None,Card,Pending,,1295.8,
ORD-0004241,C10964,2025-08-22 00:00:00,Aisha,Smith,Bloemfontein,Small Business,Online,SSD,2.0,3898.92,0.1,40.48,0.15,3309.36,Payday Promo,Bank Transfer,Completed,,8111.24,7797.84
ORD-0005654,C10321,2024-12-01 00:00:00,Thabo,Khumalo,Johannesburg,Corporate,Phone,Monitor,1.0,3728.63,0.08,165.46,0.0,3059.03,None,Mobile Wallet,Completed,,3595.8,
ORD-0004974,C12917,2024-05-17 00:00:00,Zanele,Botha,Pretoria,Corporate,Marketplace,Headset,3.0,744.91,0.05,44.99,0.15,621.47,New Customer,Mobile Wallet,Completed,,2486.45,
ORD-0003426,C12608,2024-04-16 00:00:00,Megan,Mokoena,Pretoria,Consumer,Online,Printer,3.0,2639.76,0.2,113.93,0.15,2237.74,None,Mobile Wallet,Pending,,7399.66,
ORD-0003570,C12489,2024-11-02 00:00:00,Lerato,Williams,Benoni,Consumer,Marketplace,Mouse,3.0,432.26,0.1,135.99,0.15,335.56,Summer Sale,Card,Completed,,1478.15,
ORD-0004546,C10939,2024-08-24 00:00:00,Fatima,Mokoena,PTA,Corporate,Store,Docking Station,6.0,4660.34,0.0,57.23,0.15,3735.48,None,Card,Cancelled,Rep B,32213.56,
ORD-0004076,C10534,2025-05-26 00:00:00,Priya,Mokoena,Johannesburg,Small Business,Online,Office Chair,1.0,8964.2,0.03,144.47,0.15,5248.8,Clearance,Mobile Wallet,Completed,,10144.04,
ORD-0004637,C12606,2024-11-12 00:00:00,Ryan,Nkosi,Gqeberha,Consumer,Online,Laptop,1.0,10401.84,0.15,99.48,0.15,7976.69,Back to School,Card,Completed,,10267.29,
ORD-0004609,C11321,2024-01-02 00:00:00,Zanele,Pillay,Durban,Small Business,Online,Laptop,4.0,8484.42,0.1,137.56,0.15,5314.24,None,Card,Returned,,35263.05,
ORD-0005198,C11204,2025-12-16 00:00:00,Mpho,Williams,Johannesburg,Small Business,Online,Laptop,1.0,8872.58,0.15,52.52,0.15,6809.45,None,Card,Cancelled,,8725.46,
ORD-0000054,C12280,2024-12-02 00:00:00,Siyanda,Khumalo,Polokwane,Consumer,Online,Webcam,1.0,815.83,0.0,172.73,0.15,664.87,None,Bank Transfer,Completed,,615.05,
ORD 0003228,C11283,2025-08-05 00:00:00,Nomsa,Pillay,,Consumer,Online,SSD,2.0,1150.89,0.05,143.07,0.14,839.7,None,EFT,Returned,,2635.89,
ORD-0004414,C11002,2024-03-11 00:00:00,Lerato,Pillay,Benoni,Consumer,Phone,Tablet,3.0,7783.98,0.0,96.47,0.15,4695.05,None,EFT,Returned,,26951.21,
ORD-0001825,C11777,2024-05-21 00:00:00,Lerato,Nkosi,Durban,Consumer,Marketplace,Monitor,1.0,3033.95,0.15,160.4,0.15,2175.28,None,Card,Cancelled,,3126.08,
ORD-0001451,C10129,2025-05-11 00:00:00,Nomsa,Botha,Johannesburg,Consumer,Online,SSD,2.0,3895.51,0.1,36.56,0.0,2670.96,Payday Promo,Card,Completed,,7048.47,
ORD-0001971,C12564,2025-04-29 00:00:00,Aisha,Williams,Polokwane,,Online,Keyboard,1.0,797.68,0.0,46.24,0.15,657.13,Payday Promo,EFT,Completed,,963.57,
ORD-0005549,C11514,2025-03-25 00:00:00,Sipho,Mthembu,Johannesburg,Consumer,Marketplace,Monitor,8.0,7148.49,0.1,94.66,0.15,6014.54,None,Mobile Wallet,Completed,,59284.17,
ORD-0005674,C12610,2025-08-28 00:00:00,Jason,Naidoo,Johannesburg,Consumer,Online,Webcam,1.0,2300.78,0.1,34.67,0.15,1533.96,None,Mobile Wallet,Pending,,2415.99,
ORD-0001832,C10684,2025-01-26 00:00:00,Lerato,Patel,Cape Town,Corporate,Online,Printer,8.0,3005.0,0.05,123.71,0.15,2129.25,None,Card,Completed,,26387.37,
ORD-0005245,C10064,2025-07-28 00:00:00,Naledi,Naidoo,Cape Town,Small Business,Online,Laptop,3.0,21193.8,0.1,140.25,0.15,18078.48,None,Mobile Wallet,Pending,,65946.99,
ORD-0005936,C10835,2024-05-27 00:00:00,Fatima,Dlamini,Polokwane,Corporate,Store,Laptop,6.0,15353.5,0.15,71.62,0.15,9701.89,Back to School,Mobile Wallet,Completed,,90119.87,
ORD-0001193,C11726,2025-05-02 00:00:00,Mpho,Smith,Cape Town,Corporate,Phone,Laptop,2.0,19535.87,0.0,108.51,0.15,14165.18,None,Bank Transfer,Completed,,45041.01,39071.74
ORD-0002199,C12177,2025-07-24 00:00:00,Nomsa,Botha,Nelspruit,Consumer,Store,Monitor,3.0,3497.88,0.08,141.16,0.15,2487.88,None,Card,Pending,Rep C,11243.44,
ORD-0000935,C12746,2024-05-19 00:00:00,Siyanda,Nkosi,Johannesburg,Consumer,Online,Office Chair,2.0,"R 3,134.56",0.05,51.27,0.15,1853.96,None,Bank Transfer,Pending,,6900.28,
ORD-0005611,C11075,2025-06-12 00:00:00,Fatima,Botha,Johannesburg,Consumer,Online,Headset,2.0,964.6,0.08,164.13,0.15,796.33,Back to School,Card,Completed,,2205.21,
ORD-0001889,C12560,2024-06-11 00:00:00,Jason,Patel,Johannesburg,Consumer,Online,Webcam,1.0,970.67,0.15,162.18,0.15,630.54,None,Card,Completed,,1111.0,
ORD-0005967,C11084,2025-06-02 00:00:00,Mpho,Mokoena,Bloemfontein,Corporate,Phone,Headset,2.0,2138.33,0.1,47.78,0.14,1654.97,Payday Promo,Mobile Wallet, completed ,,4435.63,
ORD-0002265,C11467,2024-11-16 00:00:00,Zanele,Botha,Pretoria,Corporate,Store,Webcam,3.0,1460.26,0.05,70.2,0.15,1208.34,None,Card,Cancelled,Rep D,4856.21,
ORD-0005844,C11875,2025-06-06 00:00:00,Siyanda,Botha,Johannesburg,Corporate,Online,Headset,1.0,2698.08,0.0,66.81,0.15,2214.16,Payday Promo,Bank Transfer,Returned,,3169.6,
ORD-0004967,C12169,2025-04-24 00:00:00,Thabo,Pillay,Gqeberha,Corporate,Phone,Monitor,8.0,7961.94,0.0,144.28,0.15,6082.86,Payday Promo,Cash,Completed,,73394.16,
ORD-0003318,C12303,2024-11-22 00:00:00,Fatima,Botha,Gqeberha,Consumer,Phone,Mouse,2.0,963.46,0.05,132.99,0.15,626.19,New Customer,Mobile Wallet,Completed,,2238.16,
ORD-0005690,C12029,2025-07-11 00:00:00,Mpho,Williams,Pretoria,Small Business,Online,SSD,5.0,1449.43,0.1,123.7,0.15,1093.02,None,Card,Completed,,7624.5,
ORD-0002051,C10149,2025-11-03 00:00:00,Mpho,Williams,Durban,Consumer,Store,Laptop,2.0,20798.95,0.05,36.83,0.15,14859.48,Black Friday,Card,Completed,Rep A,45482.55,
ORD-0004257,C11828,2024-04-18 00:00:00,Kabelo,Patel,Pretoria,Corporate,Marketplace,Monitor,1.0,6218.19,0.15,106.35,0.15,5262.6,None,Card,Completed,,6184.63,
ORD-0003366,C11428,2025-03-11 00:00:00,Zanele,Dlamini, bloemfontein ,Consumer,Store,Webcam,2.0,1038.39,0.15,94.26,0.15,727.33,Back to School,Card,Cancelled,Rep C,2124.31,
ORD-0003822,C10248,2024-04-04 00:00:00,Mpho,Mokoena,Bloemfontein,Corporate,Store,Router,1.0,929.35,0.1,70.61,0.15,686.94,None,Bank Transfer,Completed,Rep B,1032.49,
ORD-0004144,C12781,2025-01-26 00:00:00,Aisha,Pillay,Johannesburg,Consumer,Marketplace,Keyboard,4.0,1635.08,0.08,108.41,0.15,1156.25,Payday Promo,Bank Transfer,Completed,,7028.08,
ORD-0000606,C11234,2024-03-30 00:00:00,Zanele,Dlamini,Pretoria,SMB,Online,Laptop,2.0,10268.15,0.0,187.22,0.14,8045.78,Summer Sale,EFT,Cancelled,,23598.59,
ORD-0003853,C11894,2025-07-28 00:00:00,Priya,Williams,Johannesburg,Consumer,Store,Laptop,3.0,"R 12,442.77",0.2,0.28,0.15,10125.36,Summer Sale,Mobile Wallet,Completed,Rep A,34342.31,
ORD-0004293,C10003,2024-02-07 00:00:00,Daniel,Dlamini,Johannesburg,Corporate,Online,Mouse,2.0,1350.64,0.05,72.94,0.14,814.25,New Customer,Card,Completed,,2998.42,
ORD-0003183,C12532,2025-01-29 00:00:00,Lerato,Williams,Cape Town,Corporate,Online,SSD,1.0,3695.83,0.0,181.83,0.15,2670.99,None,EFT,Completed,,4432.03,
ORD-0000673,C12858,2024-11-21 00:00:00,Lerato,Nkosi,Pretoria,Corporate,Store,Headset,5.0,1736.48,0.03,31.64,0.15,1150.0,New Customer,Mobile Wallet,Completed,Rep C,9716.84,
ORD-0000488,C10115,2024-02-09 00:00:00,Chloe,Dlamini,Benoni,Consumer,Online,Webcam,2.0,2097.88,0.0,66.53,0.15,1237.62,Summer Sale,Cash,Returned,,4891.66,
ORD-0004046,C12506,2025-07-14 00:00:00,Andile,Naidoo,Pretoria,Consumer,Phone,Keyboard,4.0,315.15,0.0,45.57,0.15,256.54,None,Card, completed ,,1495.26,
ORD-0004299,C10461,2024-03-27 00:00:00,Naledi,Naidoo,Cape Town,Corporate,Marketplace,Headset,3.0,2491.88,0.03,40.57,0.15,2052.14,None,Card,Cancelled,,8379.66,
ORD-0002988,C11329,2024-07-03 00:00:00,Kabelo,Khumalo,Pretoria,Corporate,Online,Laptop,1.0,20964.34,0.2,67.35,0.15,15465.57,None,Cash,Completed,,19354.54,
ORD-0003542,C10331,2024-09-08 00:00:00,Daniel,Botha,Polokwane,Consumer,Store,Webcam,3.0,1163.02,0.05,23.05,0.15,805.07,New Customer,EFT,Pending,Rep D,3834.85,
ORD-0004584,C12196,2024-07-18 00:00:00,Ryan,Smith,Gqeberha,Corporate,Store,Headset,1.0,1139.69,0.15,51.28,0.15,821.54,None,Bank transfer,Returned,Rep C,1165.33,
ORD-0003054,C10406,2025-04-24 00:00:00,Aisha,Williams,Durban,Consumer,Marketplace,Printer,1.0,4622.46,0.0,98.52,0.15,2853.0,None, eft ,Pending,,5414.36,
ORD-0001930,C10800,2024-11-17 00:00:00,Kabelo,Patel,Cape Town,Consumer,Online,Monitor,3.0,7625.82,0.08,94.7,0.0,4984.61,New Customer,Cash,Completed,,21141.96,
ORD-0004143,C11640,2024-06-26 00:00:00,Megan,Pillay,Pretoria,Corporate,Online,Laptop,3.0,13020.28,0.2,33.7,0.15,8483.26,None,Bank Transfer,Pending,,35969.66,
ORD-0001573,C11943,2025-05-22 00:00:00,Daniel,Naidoo,Gqeberha, corporate ,Store,Webcam,10.0,972.98,0.0,17.5,0.15,595.57,None,Card,Completed,Rep B,11206.73,
ORD-0003999,C11681,2024-02-12 00:00:00,Naledi,Mthembu,Johannesburg,Small Business,Phone,Mouse,3.0,660.7,0.0,133.83,0.15,416.38,None,EFT,Completed,,2413.23,
ORD-0000607,C10359,2024-03-26 00:00:00,Sipho,Dlamini,Bloemfontein,Consumer,Marketplace, mouse ,8.0,286.43,0.03,53.48,0.15,234.32,None,Card,Completed,,2609.59,
ORD-0005353,C12220,2024-02-15 00:00:00,Nomsa,Mthembu,Polokwane,Consumer,Phone,Office Chair,1.0,6467.36,0.0,104.41,0.15,4826.22,,Mobile Wallet,Completed,,7541.88,
ORD-0001222,C12477,2024-03-07 00:00:00,Naledi,Naidoo,Johannesburg,Consumer,Online,SSD,1.0,1340.79,0.2,95.12,0.15,923.97,Back to School,Card,Completed,,1328.65,1340.79
ORD-0003076,C11650,2024-09-08 00:00:00,Fatima,Smith,Gqeberha,Consumer,Online,Router,1.0,3165.33,0.15,211.0,0.15,2394.0,Summer Sale,EFT,Returned,,3305.11,
ORD-0005664,C10260,2024-05-08 00:00:00,Chloe,Williams,Bloemfontein,Corporate,Online,Tablet,5.0,4458.21,0.15,133.3,0.15,2702.65,None,Card,Returned,,21922.77,
ORD-0004669,C11042,2024-05-08 00:00:00,Naledi,Pillay,Gqeberha,Small Business,Store,Webcam,1.0,1547.78,0.15,180.36,0.0,1060.69,None,EFT,Returned,Rep A,1495.98,
ORD-0005551,C11358,2025-01-07 00:00:00,Kabelo,Smith,Johannesburg,Consumer,Online,Laptop,1.0,7525.21,0.15,215.87,0.15,5873.49,None,EFT,Completed,,7571.77,
ORD-0004175,C12273,2024-02-27 00:00:00,Naledi,Mthembu,Johannesburg,Consumer,Online,Monitor,1.0,4071.5,0.1,123.6,0.15,2876.98,Back to School,Bank Transfer,Completed,,4337.6,
ORD-0004128,C11144,2024-02-29 00:00:00,Fatima,Khumalo,Pretoria,Consumer,Online,Tablet,3.0,9527.24,0.0,16.61,0.15,7882.95,None,EFT,Completed,,32885.57,
ORD-0003734,C12957,2025-01-04 00:00:00,Megan,Pillay,Bloemfontein,Corporate,Online,Tablet,5.0,6635.19,0.15,0.16,0.15,5484.65,Summer Sale,Bank Transfer,Returned,,32429.67,
ORD-0004712,C11459,2025-08-16 00:00:00,Aisha,Naidoo,Durban,Consumer,Online,Office Chair,2.0,4289.89,0.0,150.06,0.15,3024.53,Summer Sale,Cash,Pending,,10016.8,
ORD-0005641,C11908,2024-08-17 00:00:00,Ryan,Mthembu,Pretoria,Corporate,Online,Headset,1.0,1099.74,0.0,173.86,0.0,717.96,Black Friday,EFT,Completed,,1273.6,
ORD-0004716,C10329,2025-07-28 00:00:00,Chloe,Botha,Benoni,Consumer,Online,Tablet,5.0,5103.66,0.2,10.95,0.15,4275.95,None,Card,Completed,,23487.8,
ORD-0003095,C10933,2025-04-23 00:00:00,Jason,Molefe,Pretoria,Consumer,Phone,Webcam,3.0,977.52,0.1,26.52,0.15,676.22,Black Friday,Card,Returned,,3061.71,
ORD-0001735,C10586,2024-06-19 00:00:00,Ryan,Williams,Pretoria,Consumer,Marketplace,Monitor,1.0,5519.24,0.0,198.7,0.15,4495.07,Clearance,Card,Cancelled,,6545.83,
ORD-0000390,C10681,2025-04-04 00:00:00,Chloe,Naidoo,Durban,Consumer,Online,Keyboard,4.0,1029.2,0.0,3.67,0.15,761.46,None,Mobile Wallet,Pending,,4738.0,
ORD-0004084,C10699,2024-06-04 00:00:00,Aisha,Mokoena,Durban,Corporate,Online,Mouse,2.0,1346.81,0.08,207.65,0.15,788.49,Payday Promo,EFT,Returned,,3057.5,
ORD-0002136,C10534,2024-11-11 00:00:00,Chloe,Williams,Johannesburg,Corporate,Online,Laptop,1.0,8749.24,0.0,141.84,0.15,5732.54,None,Mobile Wallet,Completed,,10203.47,
ORD-0005657,C12555,2025-08-08 00:00:00,,Pillay,Johannesburg,Consumer,Marketplace,Mouse,1.0,238.15,0.03,77.67,0.15,144.96,None,Card,Cancelled,,343.32,
ORD-0004141,C11853,2025-10-25 00:00:00,Nomsa,Williams,Cape Town,Consumer,Marketplace,Headset,2.0,601.93,0.0,164.91,0.15,513.74,None,Bank Transfer,Completed,,1549.36,
ORD-0002771,C11554,2024-11-10 00:00:00,Priya,Patel,Johannesburg,Corporate,Marketplace,Headset,7.0,R 599.08,0.0,93.45,0.15,470.73,None,Bank Transfer,Pending,,4916.08,
ORD-0004900,C12686,2024-12-21 00:00:00,Priya,Patel,Durban,Consumer,Online,,1.0,1558.79,0.0,126.93,0.15,1028.61,Back to School,EFT,Completed,,1919.54,
ORD-0003190,C10794,2025-04-06 00:00:00,Chloe,Dlamini,Durban,Consumer,Online,Printer,1.0,5990.06,0.15,164.87,0.15,4689.11,None,Mobile Wallet,Completed ,,6020.15,
ORD-0001960,C12560,2024-08-24 00:00:00,Lerato,Williams,Cape Town,Consumer,Online,Tablet,2.0,6584.59,0.08,204.73,0.15,4798.88,None,EFT,Completed,,14137.72,
ORD-0001056,C11978,2025-04-09 00:00:00,Lerato,Botha,Gqeberha,Corporate,Online,Office Chair,4.0,8441.59,0.08,46.09,0.15,5907.95,None,Mobile Wallet,Cancelled,,35770.91,
ORD-0000819,UNKNOWN-17,2024-10-17 00:00:00,Zanele,Naidoo,Johannesburg,Corporate,Online,SSD,3.0,3369.55,0.05,28.95,0.15,2673.45,Back to School,EFT, completed ,,11072.64,
ORD-0000708,C10696,2024-05-12 00:00:00,Nomsa,Nkosi,Pretoria,Small Business,Online,Headset,1.0,2544.9,0.0,182.19,0.15,1761.56,Back to School,Card,Returned,,3108.82,
ORD-0000811,C11971,2024-08-04 00:00:00,Zanele,Dlamini,Pretoria,Consumer,Online,Laptop,3.0,14963.35,0.08,107.42,0.15,12028.77,None,Mobile Wallet,Completed,,47601.09,
ORD-0002197,C11171,2024-08-17 00:00:00,Mpho,Mthembu,Pretoria,Corporate,Online,Headset,2.0,1323.6,0.03,131.84,0.15,958.74,Summer Sale,Bank Transfer,Returned,,3084.8,
ORD-0005064,C10437,2025-09-16 00:00:00,Aisha,Naidoo,Cape Town,Consumer,Online,Tablet,2.0,6917.8,0.15,80.35,0.15,4043.49,Back to School,Card,Completed,,19564.09,
ORD-0005105,C12888,2025-10-24 00:00:00,Jason,Molefe,Cape Town,Small Business,Store,Mouse,4.0,360.38,0.15,45.6,0.15,0.0,Back to School,EFT,Completed,Rep B,1454.69,
ORD-0005944,C12518,2025-02-17 00:00:00,Jason,Williams, bloemfontein ,Consumer,Store,Headset,1.0,823.76,0.1,34.47,,559.18,None,Bank Transfer,Pending,Rep E,887.06,
ORD-0000905,C10693,2024-05-01 00:00:00,Priya,Molefe,Cape Town,Corporate,Store,Headset,5.0,1794.24,0.05,132.72,0.15,1182.47,None,Mobile Wallet,Completed,Rep D,9933.78,
ORD-0002488,C12473,2025-07-09 00:00:00,Daniel,Mokoena,Bloemfontein,Small Business,Online,Printer,2.0,2837.72,0.2,50.8,0.15,2118.49,None,EFT,Completed,,5272.2,
ORD-0000851,C11595,2025-01-26 00:00:00,Naledi,Khumalo,Bloemfontein,Corporate,Online,Monitor,2.0,4852.49,0.0,38.66,0.15,3254.14,Back to School,EFT,Completed,,11199.39,
ORD-0001297,C12982,2024-10-11 00:00:00,Nomsa,Patel,Johannesburg,Consumer,Online,Router,1.0,1777.51,0.03,165.13,0.15,1199.69,None,EFT,Pending,,2147.94,
ORD-0003181,C10747,2024-12-14 00:00:00,Megan,Mokoena,Gqeberha,Small Business,Online,Tablet,4.0,3430.68,0.08,67.99,0.15,2047.66,None,Mobile Wallet,Returned,,14586.62,
ORD-0002514,C11378,2025-02-04 00:00:00,Fatima,Botha,Polokwane,Consumer,Phone,Docking Station,4.0,2521.39,0.03,0.62,0.15,1865.77,Payday Promo,Cash,Returned,,11251.05,
ORD-0003317,C10407,2024-10-27 00:00:00,Kabelo,Smith,Johannesburg,Consumer,Online,SSD,4.0,1520.23,0.05,8.34,0.15,957.46,None,Card,Completed,,6651.76,
ORD-0005462,C12624,2025-04-28 00:00:00,Zanele,Khumalo,Pretoria,Consumer,Online,Printer,3.0,2469.1,0.0,15.89,0.15,1565.62,New Customer,Card,Cancelled,,8534.27,
ORD-0005020,C11874,2025-03-26 00:00:00,Jason,Dlamini,Cape Town,Consumer,Online,Docking Station,2.0,4682.71,0.0,183.14,0.14,3564.12,Payday Promo, card ,Returned,,10859.71,
ORD-0001067,C10039,2025-12-09 00:00:00,Ryan,Molefe,Polokwane,Corporate,Online,Monitor,1.0,3615.27,0.08,214.59,0.15,2728.33,None,Card,Completed,,4039.55,
ORD-0002287,C12415,2025-06-30 00:00:00,Aisha,Smith,Johannesburg,Small Business,Marketplace,Monitor,3.0,4140.47,0.08,39.48,0.15,2998.37,None,Mobile Wallet,Completed,,13181.32,
ORD-0005320,C11400,2025-04-12 00:00:00,Siyanda,Williams,Johannesburg,Corporate,Store,Laptop,4.0,20983.59,0.0,54.63,0.15,15514.92,Back to School,Mobile Wallet,Returned,Rep E,129754.62,
ORD-0001646,C12242,2025-04-04 00:00:00,Aisha,Dlamini,Pretoria,Consumer,Online,Office Chair,1.0,7427.29,0.15,201.5,0.15,5784.77,New Customer,Card,Pending,,7461.68,
ORD-0002366,C12973,2025-12-06 00:00:00,Megan,Khumalo,Benoni,Consumer,Marketplace,Mouse,2.0,695.83,0.05,172.93,0.15,490.57,New Customer,EFT,Cancelled,,1693.31,
ORD-0002646,C11366,2024-05-27 00:00:00,Lerato,Naidoo,Cape Town,Consumer,Online,Printer,4.0,3247.45,0.05,76.73,0.15,2363.66,None,Card,Completed,,14268.06,
ORD-0004296,C10005,2025-03-19 00:00:00,Aisha,Dlamini,Johannesburg,Consumer,Store,Tablet,1.0,3620.23,0.08,69.71,0.15,2994.28,None,,Completed,Rep B,3899.92,
ORD-0001928,C12704,2024-10-29 00:00:00,Naledi,Mthembu,Johannesburg,Consumer,Marketplace,,2.0,1111.86,0.15,91.15,0.15,784.6, none ,Card,Completed,,2264.83,
ORD-0000703,C12356,2025-03-03 00:00:00,Zanele,Mthembu,Polokwane,Small Business,Store,Keyboard,1.0,2186.82,0.0,206.1,0.15,1821.41,None,Card,Completed,Rep C,2720.95,
ORD-0000719,C12684,2024-05-24 00:00:00,Daniel,Patel,Pretoria,Corporate,Online,Printer,3.0,4787.86,0.03,106.72,0.15,3100.27,None,Bank Transfer,Returned,,16129.31,
ORD-0000721,C12083,2025-06-10 00:00:00,Fatima,Smith,Johannesburg,Consumer,Online,Webcam,5.0,1430.51,0.05,81.71,0.15,969.14,None,Bank Transfer,Completed,,7895.88,
ORD-0002067,C12706,2025-06-22 00:00:00,Lerato,Botha,Nelspruit,Corporate,Online,Webcam,3.0,1239.49,0.0,104.46,0.15,792.61,None,Card,Completed,,4380.7,
ORD-0005848,C10427,2024-08-29 00:00:00,Kabelo,Molefe,Benoni,Consumer,Store,Headset,1.0,2406.45,5%,43.78,0.15,1844.7,Back to School,Bank Transfer,Cancelled,Rep E,2672.83,
ORD-0000205,C11509,2025-04-29 00:00:00,Zanele,Khumalo,Polokwane,Corporate,Online,Keyboard,4.0,1853.1,0.03,81.15,0.15,1496.02,Summer Sale,Bank Transfer,Completed,,8349.68,
ORD-0004108,C10465,2024-04-29 00:00:00,Priya,Smith,Johannesburg,Corporate,Online,Keyboard,7.0,1596.53,0.05,17.11,0.15,1360.76,None,Card,Pending,,12226.55,
ORD-0002415,C10653,2025-12-06 00:00:00,Kabelo,Khumalo,Pretoria,Consumer,Phone,Mouse,1.0,560.52,0.0,46.78,0.15,429.07,Payday Promo,EFT,Completed,,691.37,
ORD-0003450,C11367,2025-03-31 00:00:00,Thabo,Botha,Durban,Consumer,Phone,Tablet,3.0,8485.65,0.05,136.15,0.15,6572.56,Summer Sale,Mobile Wallet,Cancelled,,27947.88,
ORD-0002703,C10886,2025-06-18 00:00:00,Siyanda,Nkosi,Johannesburg,Corporate,Online,Webcam,3.0,1728.88,0.1,143.38,0.0,1431.59,None,Cash,Cancelled,,4811.35,
ORD-0001398,C11639,2024-08-23 00:00:00,Siyanda,Patel,Pretoria,Consumer,Online,Monitor,1.0,1942.04,0.25,124.26,0.15,1454.38,Black Friday,Mobile Wallet,Completed,,1799.27,
ORD-0003404,C10836,09-22-2024,Naledi,Botha,Benoni,Corporate,Store,Printer,4.0,5907.28,0.05,49.21,0.15,4651.2,None,Card,Pending,Rep E,25864.0,
ORD-0005232,C10315,2025-08-01 00:00:00,Fatima,Smith,Gqeberha,Consumer,Online,Laptop,3.0,11076.32,0.03,48.24,0.15,8499.63,None,EFT,Completed,,37115.16,
ORD-0000231,C10830,2025-11-26 00:00:00,Thabo,Mthembu,Durban,Consumer,Online,Monitor,2.0,5088.94,0.25,132.4,0.15,3189.9,None,Card,Cancelled,,8910.82,
ORD-0005379,C10205,2024-10-04 00:00:00,Sipho,Dlamini,Pretoria,Consumer,Phone,Keyboard,3.0,1839.56,0.1,106.59,0.15,1548.36,None,EFT,Cancelled,,5818.44,
ORD-0004092,C10782,2025-03-05 00:00:00,Ryan,Botha,Johannesburg,Corporate,Online,Router,5.0,3023.88,0.05,3.97,0.15,2420.3,None,Mobile Wallet,Completed,,16521.9,
ORD-0002688,C12501,2024-06-20 00:00:00,Zanele,Smith,Johannesburg,Corporate,Marketplace,Laptop,10.0,9249.6,0.1,110.63,0.15,6348.31,None,Card,Completed,,95843.94,
ORD-0002635,C12982,2025-03-07 00:00:00,Megan,Mokoena,Durban,Corporate,Store,Printer,2.0,2025.21,0.15,126.13,0.15,1586.79,None,Cash,Returned,Rep D,4085.41,
ORD-0000954,C10130,2024-06-24 00:00:00,Kabelo,Nkosi,Cape Town,Consumer,Store,Laptop,4.0,15830.63,0.1,36.06,0.15,9841.54,New Customer,Cash,Completed,Rep B,65574.88,
ORD-0004289,C11761,2025-04-21 00:00:00,Zanele,Mokoena,Pretoria,Consumer,Online,Laptop,1.0,17502.35,0.05,164.54,0.15,13336.39,None,Card,Completed,,19285.86,
ORD-0005212,C10869,2025-02-10 00:00:00,Priya,Botha,Polokwane,Small Business,Online,Office Chair,3.0,1926.09,0.05,28.97,0.15,1287.01,Black Friday,EFT,Completed,,6341.74,
ORD-0002143,C12270,2024-05-25 00:00:00,Andile,Naidoo,Polokwane,Small Business,Store,Docking Station,2.0,2372.16,0.0,57.37,0.15,1674.72,Back to School,Card,Completed,Rep A,5513.33,
ORD-0001621,C11530,2025-01-06 00:00:00,Aisha,Mokoena,Durban,Corporate,Online,Office Chair,4.0,5949.09,0.15,8.55,0.15,4060.59,Summer Sale,Card,Pending,,23269.49,
ORD-0002887,C10747,2025-07-04 00:00:00,Lerato,Smith,Gqeberha,Corporate,Online,Laptop,3.0,17266.71,0.15,78.81,0.15,13999.96,Black Friday,Card,Completed,,50713.42,
ORD-0005879,C10180,2025-04-23 00:00:00,Mpho,Mthembu,Nelspruit,Consumer,Marketplace,Office Chair,5.0,4029.96,0.05,147.06,0.15,3262.43,New Customer,Card,Completed,,22160.73,
ORD-0005518,C10719,2024-09-18 00:00:00,Megan,Nkosi,Gqeberha,Consumer,Online,Tablet,3.0,6811.63,0.1,2.32,0.15,4169.51,None,EFT,Completed,,21152.42,
ORD-0002636,C10282,2024-01-20 00:00:00,Aisha,Mthembu,Johannesburg,Corporate,Marketplace,Monitor,2.0,2623.09,0.05,78.84,0.15,2106.2,Summer Sale,EFT,Returned,,5810.3,
ORD-0001341,C12844,2024-12-25 00:00:00,Sipho,Williams,Cape Town,Corporate,Online,Monitor,2.0,7098.31,0.1,125.12,0.15,5011.49,Black Friday,Card,Completed,,14818.62,
ORD-0002679,C10656,2025-02-17 00:00:00,Kabelo,Patel,Cape Town,Consumer,Phone,Headset,1.0,2612.0,0.05,47.75,0.15,1576.27,None,Mobile Wallet,Completed ,,2901.36,
ORD-0004612,C10767,2025-09-19 00:00:00,Kabelo,Smith,Gqeberha,Consumer,Online,Printer,1.0,5236.17,0.15,152.49,0.15,4009.04,None,Card,Pending,,5270.85,
ORD-0005745,C10638,2025-09-15 00:00:00,Nomsa,Khumalo,Johannesburg,Corporate,Store,SSD,1.0,2142.41,0.08,41.53,0.15,1637.32,None,Card,Completed,Rep D,2308.2,
ORD-0003736,C12409,2024-09-01 00:00:00,Ryan,Naidoo,Cape Town,Consumer,Online,Laptop,2.0,12186.25,0.1,39.49,0.15,10423.56,Back to School,Card,Completed,,25265.02,
ORD-0002652,C10439,2024-08-26 00:00:00,Siyanda,Patel,Johannesburg,Consumer,Online,Laptop,3.0,21004.68,0.2,136.68,0.15,13285.51,Payday Promo,Card,Cancelled,,58109.61,
ORD-0001027,C11861,2024-04-26 00:00:00,Chloe,Patel,Cape Town,Small Business,Online,Webcam,2.0,1355.33,0.15,207.08,0.15,1072.57,New Customer,Card,Completed,,2856.74,
ORD-0003482,C12286,2024-09-14 00:00:00,Megan,Naidoo,Pretoria,Consumer,Online,Headset,3.0,1679.68,0.1,,0.0,1165.46,Payday Promo,Mobile Wallet,Completed,,4581.6,
ORD-0001100,C12369,2025-10-04 00:00:00,Mpho,Smith,Cape Town,Corporate,Online,Laptop,5.0,18963.17,0.1,118.3,0.15,15584.23,None,Card,Completed,,98252.71,
ORD-0002327,C11758,2024-12-20 00:00:00,Lerato,Patel,Cape Town,Consumer,Online,SSD,1.0,3111.82,0.15,190.03,0.0,1945.31,None,EFT,Completed,,2835.08,
ORD-0001136,C11321,2025-06-20 00:00:00,Siyanda,Patel,Johannesburg,Corporate,Online,Headset,6.0,2395.14,0.0,7.27,0.0,1498.65,Payday Promo,Card,Completed,,14378.08,
ORD-0005964,C11084,2025-05-07 00:00:00,Ryan,Williams,Durban,Small Business,Marketplace,Mouse,1.0,1066.3,0.25,192.94,0.15,644.69,None,Card,Completed,,1112.62,
ORD-0003779,C11327,09-07-2025,Jason,Smith,Nelspruit,Small Business,Phone,Mouse,2.0,844.51,0.0,115.71,0.14,595.07,Clearance,Card,Completed,,2041.2,
ORD-0005100,C12044,2024-07-17 00:00:00,Andile,Botha,Bloemfontein,Consumer,Store,Headset,5.0,697.86,0.1,83.54,0.15,488.51,None,Cash,Pending,Rep D,3695.0,
ORD-0003790,C12730,2025-05-06 00:00:00,Ryan,Patel,Benoni,Consumer,Online,Tablet,1.0,5718.52,0.03,198.05,0.15,3808.05,None,Mobile Wallet,Completed,,6577.06,
ORD-0001753,C10307,2024-06-14 00:00:00,Thabo,Nkosi,Johannesburg,Consumer,Phone,Router,2.0,2924.78,0.0,62.44,0.15,1931.7,Back to School,Mobile Wallet,Completed,,6789.44,
ORD-0003702,C11803,2025-01-11 00:00:00,Daniel,Pillay,Benoni,Consumer,Online,Monitor,1.0,8319.02,0.0,219.93,0.15,5782.88,Back to School,EFT Transfer,Completed,,9786.8,
ORD-0000081,C12108,2025-07-29 00:00:00,Sipho,Nkosi,Johannesburg,Small Business,Store,Mouse,2.0,235.7,0.1,114.41,0.15,170.09,None,Cash,Completed,Rep D,602.3,
ORD-0003839,C12496,2024-08-05 00:00:00,Kabelo,Patel,Pretoria,Small Business,Online,Headset,1.0,1023.99,0.05,180.37,0.15,845.56,None,Card,Pending,,1299.07,
ORD-0000884,C11230,2025-10-19 00:00:00,Siyanda,Botha,Cape Town,Consumer,Online,Monitor,2.0,6178.8,0.0,105.17,0.15,3804.11,Payday Promo,Card,Completed,,14316.41,
ORD-0000306,C11670,2025-08-09 00:00:00,Siyanda,Smith,Johannesburg,Corporate, online ,Router,1.0,2841.66,,134.04,0.15,2133.73,None,EFT,Returned,,3238.55,
ORD-0003840,C12193,2024-02-06 00:00:00,Sipho,Mokoena,Cape Town,Consumer,Marketplace,Router,2.0,2407.75,0.03,148.35,0.15,1733.04,None,Card,Pending,,5520.03,
ORD-0000216,C10829,2024-09-28 00:00:00,Zanele,Khumalo,Pretoria,Corporate,Online,Router,1.0,1630.47,0.15,59.37,0.15,973.69,Summer Sale,EFT,Cancelled,,1653.15,
ORD-0000839,C11442,2024-10-21 00:00:00,Chloe,Naidoo,Bloemfontein,Consumer,Marketplace,Printer,1.0,2779.73,0%,182.94,0.15,1673.24,None,EFT,Returned,,3379.62,
ORD-0001333,C10278,2024-12-21 00:00:00,Mpho,Dlamini,Polokwane,Consumer,Store,Monitor,1.0,1942.02,0.25,154.89,0.15,1379.13,Back to School,Card,Completed,Rep B,1829.89,
ORD-0005675,C10711,2024-02-06 00:00:00,Mpho,Pillay,Johannesburg, small business ,Online,Tablet,3.0,9499.09,0.0,78.42,0.0,8001.96,None,Card,Completed,,28575.68,
ORD-0003470,C12049,2024-08-09 00:00:00,Chloe,Khumalo,Cape Town,Corporate,Phone,Monitor,1.0,8385.91,0.25,63.07,0.15,6924.75,Clearance,Cash,Completed,,7295.92,
ORD-0001915,C10150,2024-08-27 00:00:00,Kabelo,Mokoena,Johannesburg,Consumer,Store,Webcam,1.0,1406.56,0.03,155.97,0.0,1050.85,None,Card,Completed,,1520.33,
ORD-0004706,C12503,2025-12-27 00:00:00,Ryan,Mthembu,Durban,Consumer,Marketplace,Monitor,2.0,3968.75,0.08,51.32,0.15,2599.84,Summer Sale,Card,Completed,,8449.19,
ORD-0001530,C10298,2025-02-21 00:00:00,Naledi,Williams,Gqeberha,Consumer,Marketplace,Keyboard,3.0,1661.8,0.0,17.85,0.15,1061.22,New Customer,Cash,Returned,,5751.06,
ORD-0000635,C12310,2025-12-17 00:00:00,Ryan,Mthembu,Benoni,Corporate, online ,Mouse,1.0,218.88,0.0,46.55,0.15,179.54,None,Card,Pending,,298.26,218.88
ORD-0002046,C11321,2025-01-01 00:00:00,Aisha,Dlamini,Gqeberha,Corporate,Online,Headset,6.0,502.69,0.1,95.22,0.15,374.58,Clearance,EFT,Completed,,3216.92,
ORD-0005321,C11502,2024-07-19 00:00:00,Siyanda,Pillay,Cape Town,Small Business,Online,Laptop,1.0,12328.18,0.2,137.4,0.15,8517.83,None,Card,Completed,,11479.32,
ORD-0005704,C10397,2025-11-28 00:00:00,Mpho,Mthembu,Durban,Corporate,Marketplace,Headset,3.0,1076.39,0.1,86.56,0.15,754.32,Payday Promo,Card,Completed,,3428.74,
ORD-0005417,C11777,2025-10-06 00:00:00,Mpho,Khumalo,Johannesburg,Consumer,Marketplace,Mouse,1.0,567.84,0.15,187.5,0.15,414.4,New Customer,Card,Completed,,742.56,
ORD-0000449,C10365,2024-01-17 00:00:00,Nomsa,Mthembu,Benoni,Consumer,Marketplace,Laptop,3.0,7503.58,0.1,26.47,0.0,5936.14,None,Card,Returned,,20286.13,
ORD-0001539,C12577,2024-09-09 00:00:00,Megan,Williams,Gqeberha,Consumer,Marketplace,Monitor,2.0,2546.67,0.0,83.2,0.15,1881.16,None,Mobile Wallet,Completed,,5940.55,
ORD-0003924,C11200,2024-01-03 00:00:00,Nomsa,Smith,Nelspruit,Consumer,Online,Laptop,1.0,8975.7,0.0,66.4,0.15,6732.82,New Customer,Card,Completed,,10388.45,
ORD-0002359,C11815,2024-11-08 00:00:00,Daniel,Molefe,Johannesburg,Small Business,Online,Monitor,1.0,6972.33,0.05,115.61,0.15,5393.07,Summer Sale,Card,Cancelled,,7732.88,
ORD-0001254,C12121,2024-02-08 00:00:00,Jason,Patel,Pretoria,Corporate,Online,Docking Station,2.0,2799.93,0.05,216.91,0.15,2231.35,New Customer,Card,Returned,,6334.75,
ORD-0003975,C10472,2025-03-15 00:00:00,Chloe,Khumalo,Cape Town,Consumer,Marketplace,SSD,1.0,3442.98,0.15,180.32,0.15,2543.44,None,Mobile Wallet,Pending,,3545.84,
ORD-0002039,C10391,2024-10-19 00:00:00,Daniel,Khumalo,Pretoria,Consumer,Online,Office Chair,1.0,6590.96,0.03,158.26,0.0,4877.87,New Customer,Card,Returned,,6551.48,
ORD-0003867,C10581,2025-08-15 00:00:00,Thabo,Williams,Johannesburg,Consumer,Marketplace,Laptop,1.0,11051.91,0.1,30.2,0.0,8958.55,None,EFT,Completed,,9976.92,
ORD-0003349,C12160,2025-06-08 00:00:00,Naledi,Khumalo,Cape Town,Small Business,Online,Docking Station,1.0,3192.6,0.2,83.59,0.15,2492.34,None,Card,Returned,,3020.78,
ORD-0000230,C11278,2025-02-26 00:00:00,Megan,Mokoena,Gqeberha,Small Business,Marketplace,Mouse,2.0,1018.31,0.08,206.89,0.15,613.12,None,Card,Completed,,2361.63,
ORD-0003652,C12351,2024-08-12 00:00:00,Lerato,Williams,Pretoria, corporate ,Online,Monitor,2.0,5495.42,0.05,112.89,0.15,3463.78,New Customer,Card, completed ,,12120.39,
ORD-0003457,C11081,2025-01-09 00:00:00,Zanele,Smith,Johannesburg,Corporate,Phone,Keyboard,6.0,1475.15,0.08,54.61,0.15,1047.41,Summer Sale,Card,Completed,,7648.27,
ORD-0002773,C11735,2024-10-16 00:00:00,Jason,Williams,Johannesburg,Small Business,Online,Keyboard,1.0,1982.66,0.08,188.07,0.15,1181.08,Payday Promo,Card,Completed,,2285.72,
ORD-0005405,C10324,2025-04-24 00:00:00,Priya,Mokoena,Cape Town,Consumer,Phone,Headset,3.0,1299.75,0.05,84.75,0.15,1112.62,Clearance,Bank Transfer,Returned,,4344.67,
ORD-0004074,C11824,2025-06-16 00:00:00,Priya,Botha,Benoni,Corporate,Phone,Laptop,2.0,16057.16,0.15,207.49,0.15,10371.88,None,Bank Transfer,Returned,,31599.24,
ORD-0001206,C12957,2025-08-20 00:00:00,Daniel,Dlamini,Pretoria,Corporate,Online,Laptop,6.0,14366.74,0.0,48.91,0.15,9742.3,None,EFT,Completed,,99179.43,
ORD-0005454,C12450,2024-09-02 00:00:00,Kabelo,Pillay,Nelspruit,Small Business,Marketplace,Webcam,,"R 2,281.37",0.1,84.44,0.15,1413.34,None,,Completed,,2445.66,
ORD-0005363,C10062,2025-02-16 00:00:00,Andile,Khumalo,Pretoria,Consumer,Online,Laptop,8.0,7579.75,0.1,105.31,0.15,4416.24,None,Card,Completed,,62865.66,
ORD-0004356,C11517,2024-08-13 00:00:00,Priya,Dlamini,Pretoria,Consumer,Phone,Laptop,4.0,11705.91,0.08,48.16,0.0,8015.28,None,Card,Completed,,43125.9,
ORD-0005921,C10941,2025-12-11 00:00:00,Jason,Molefe,Gqeberha,Consumer,Marketplace,Monitor,1.0,6174.75,0.03,201.68,0.15,3931.7,None,Bank transfer,Completed,,7089.62,
ORD-0000475,C10938,2025-11-27 00:00:00,Nomsa,Patel,Pretoria,Consumer,Phone,Keyboard,5.0,840.82,0.1,131.7,0.15,611.17,None,Card,Completed,,4482.97,
ORD-0005014,C12557,2025-01-19 00:00:00,Jason,Nkosi,Johannesburg,Consumer, store ,Laptop,4.0,20365.55,0.15,22.34,0.15,16339.78,None,Bank Transfer,Pending,Rep E,79651.64,
ORD-0001053,C11077,2025-07-04 00:00:00,Fatima,Mokoena, johannesburg ,Corporate,Online,Laptop,1.0,16126.27,0.1,162.3,0.15,10103.13,New Customer,EFT,Pending,,16852.99,
ORD-0004202,C11141,2025-01-19 00:00:00,Megan,Dlamini,Johannesburg,Consumer,Store,Monitor,1.0,6817.06,0.0,38.12,0.15,5538.87,None,Mobile Wallet,Completed,Rep E,7877.74,
ORD-0004446,C12408,2024-02-18 00:00:00,Fatima,Mthembu,Johannesburg,Consumer, marketplace ,Webcam,2.0,1129.96,0.2,187.59,0.15,952.36,Summer Sale,Mobile Wallet,Cancelled,,2266.72,
ORD-0003820,C10419,2024-05-30 00:00:00,Jason,Smith,Gqeberha,Small Business,Online,SSD,2.0,2073.85,0.05,135.11,0.15,1615.75,New Customer,Mobile Wallet,Completed,,4666.48,
ORD-0004896,C12187,2025-11-15 00:00:00,Daniel,Mokoena,Gqeberha,Corporate,Online,Printer,1.0,3338.53,0.25,72.77,0.15,2581.81,Payday Promo,Mobile Wallet,Pending,,2952.25,
ORD-0000254,C10474,2024-10-19 00:00:00,Chloe,Nkosi,Johannesburg,Small Business,Store,Monitor,1.0,7331.29,0.2,166.08,0.15,5045.45,None,Card,Pending,Rep D,6910.87,
ORD-0004038,C10694,2025-07-12 00:00:00,Fatima,Botha,Johannesburg,Corporate,Marketplace,Keyboard,2.0,1840.92,0.15,65.62,0.15,1082.46,None,Card,Returned,,3664.62,
ORD-0001423,C11081,2025-03-25 00:00:00,Jason,Mthembu,Polokwane,Consumer,Online,Headset,3.0,2722.14,0.0,94.11,0.15,1973.6,None,Card,Cancelled,,9485.5,
ORD 0002502,C10095,2025-11-10 00:00:00,Lerato,Smith,Johannesburg,Consumer, phone ,Headset,3.0,2534.07,0.05,63.85,0.15,1871.42,Black Friday,EFT,Completed,,8369.27,
ORD-0002503,C11526,2024-01-08 00:00:00,Chloe,Khumalo,Johannesburg,Consumer,Online,Mouse,2.0,501.8,0.08,37.66,0.15,326.33,None,Card,Pending,,1099.47,
ORD-0003552,C10199,2024-04-15 00:00:00,Zanele,Nkosi,Johannesburg,Small Business,Online,Laptop,5.0,18352.61,0.08,46.52,0.15,11254.42,Back to School,Card,Cancelled,,97131.84,
ORD-0002306,UNKNOWN-33,2024-05-17 00:00:00,Daniel,Molefe,Pretoria,Consumer,Online,Tablet,3.0,7005.61,0.1,5.22,0.15,4954.79,Clearance,Cash,Pending,,21757.64,
ORD-0001764,C10075,09-17-2025,Zanele,Dlamini,Cape Town,Consumer,Store,Laptop,1.0,16746.67,0.03,57.61,15%,11424.5,Clearance,Card,Returned,Rep C,18738.51,
ORD-0004398,C11266,2025-01-29 00:00:00,Jason,Naidoo,Johannesburg,Consumer,Online,Keyboard,10.0,805.38,0.15,145.82,0.15,570.07,Clearance,Card,Completed,,8018.43,
ORD-0001313,C12974,2025-06-22 00:00:00,Aisha,Nkosi,Pretoria,Corporate,Store,Webcam,1.0,"R 1,698.60",,115.59,0.14,1061.84,None,EFT,Completed,Rep E,2051.99,
ORD-0004335,C12536,2025-03-07 00:00:00,Priya,Pillay,Benoni,SMB,Online,Keyboard,1.0,332.72,0.1,68.03,0.15,258.77,None,Cash,Completed,,412.39,
ORD-0005360,C11562,2025-08-11 00:00:00,Andile,Smith, nelspruit ,Consumer,Phone,Laptop,1.0,13337.69,0.15,128.83,0.15,9585.22,Payday Promo,Card,Cancelled,,13166.43,
ORD-0000965,C10993,2024-11-09 00:00:00,Fatima,Smith,Pretoria,Consumer,Store,Webcam,1.0,1752.99,0.08,92.85,0.15,1494.17,None,EFT,Completed,Rep B,2170.28,
ORD-0002913,C10931,2024-10-10 00:00:00,Chloe,Naidoo,Pretoria,Corporate,Store,Head set,3.0,8000.23,0.2,90.02,0.0,6705.35,None,Mobile Wallet,Returned,Rep C,11850.01,
ORD-0005677,C12045,2024-12-31 00:00:00,Chloe,Khumalo,Cape Town,Consumer,Store,Webcam,1.0,1596.66,,202.48,0.15,1066.88,None,Cash,Returned,Rep D,1983.55,
ORD-0004450,C11907,2024-08-05 00:00:00,Megan,Khumalo,Polokwane,Corporate,Online,Tablet,1.0,4411.1,0.0,64.69,0.15,3334.3,New Customer,Card,Completed,,5137.45,
ORD-0003498,C11070,2024-12-06 00:00:00,Megan,Khumalo,Cape town,Small Business,Store, mouse ,10.0,1038.98,0.1,94.2,0.15,660.2,Clearance,EFT,Returned,Rep A,10847.7,
ORD-0000391,C11414,2024-08-24 00:00:00,Ryan,Naidoo,Pretoria,Consumer,Marketplace,Webcam,7.0,996.07,0.1,32.07,0.15,678.23,None,Bank Transfer,Pending,,7248.62,
ORD-0003601,C10545,2024-07-17 00:00:00,Siyanda,Dlamini,Cape Town,Consumer,Store,Office Chair,1.0,2640.48,0.03,164.93,0.15,1613.98,None,Mobile Wallet,Pending,Rep B,3110.38,
ORD-0002441,C11488,2025-02-16 00:00:00,Jason,Botha,Nelspruit,Corporate,Marketplace,Tablet,8.0,6522.68,0.05,50.94,0.15,4646.22,None,EFT,Completed,,57059.13,
ORD-0004925,C11238,2025-01-06 00:00:00,Chloe,Botha,Pretoria,Corporate,Online,Monitor,3.0,8053.04,0.08,126.58,0.15,6437.27,Summer Sale,Card,Completed,,25686.94,
ORD-0003553,C11724,2025-11-23 00:00:00,Lerato,Smith,Benoni, consumer ,Online,Headset,1.0,1934.86,0.0,70.92,0.15,1294.5,Summer Sale,Mobile Wallet,Completed,,2296.01,
ORD-0004103,C11458,2025-02-12 00:00:00,Priya,Pillay,Gqeberha,Consumer,Marketplace,Router,5.0,2856.65,0.2,81.98,0.15,2124.87,Clearance,Card,Completed,,13222.59,
ORD-0000463,C10190,2024-02-08 00:00:00,Ryan,Molefe,Bloemfontein,Small Business,Phone,Laptop,1.0,14641.71,0.0,44.4,0.15,8911.32,None,Card,Returned,,16882.37,
ORD-0003438,C12578,2024-10-30 00:00:00,Chloe,Botha,Pretoria,Consumer,Store,Keyboard,1.0,1215.85,0.2,89.06,0.15,820.71,None,Mobile Wallet,Completed,Rep B,1207.64,
ORD-0004273,C11794,2024-02-23 00:00:00,Kabelo,Khumalo,Bloemfontein,Consumer,Marketplace,Headset,1.0,2255.41,0.08,146.49,0.15,1547.31,New Customer,Card,Pending,,2532.71,
ORD-0000661,C12009,2025-04-29 00:00:00,Siyanda,Patel,Durban,Consumer,Marketplace,Tablet,6.0,6334.43,0.08,117.38,0.15,4720.51,Payday Promo,Card,Completed,,40328.33,
ORD-0004396,C10256,2025-11-15 00:00:00,Priya,Mthembu,Johannesburg,Corporate,Online,Router,3.0,2671.25,0.0,21.15,0.15,2204.84,None,EFT,Pending,,9236.96,
ORD-0005226,C11086,2024-12-17 00:00:00,Nomsa,Botha,Benoni,Corporate,Online,Monitor,2.0,7288.62,0.2,102.19,0.15,5666.51,Clearance,Mobile Wallet,Pending,,13513.26,
ORD-0005956,C12545,2024-07-21 00:00:00,Naledi,Pillay,Johannesburg,Consumer,Online,SSD,6.0,3558.65,0.1,33.99,0.0,2068.85,None,Card,Returned,,19250.68,
ORD-0004571,C11873,2024-09-03 00:00:00,Thabo,Khumalo,Durban,Consumer,Store,SSD,2.0,2638.7,0.0,46.42,0.15,1564.34,None,Mobile Wallet,Cancelled,Rep B,6115.43,
ORD-0000274,C10726,2024-06-29 00:00:00,Zanele,Patel,Benoni,Consumer,Phone,Mouse,3.0,1319.04,0.03,18.43,0.15,955.14,Back to School,Bank Transfer,Pending,,6038.67,
ORD-0001689,C12957,2024-05-22 00:00:00,Aisha,Mokoena,Benoni,Consumer,Online,Tablet,1.0,3212.68,0.2,93.4,0.15,2101.58,Black Friday,EFT,complete,,3049.07,
ORD-0005146,C12674,2024-03-10 00:00:00,Priya,Dlamini,Johannesburg,Consumer,Online,Laptop,4.0,11950.8,0.1,6.59,0.15,7530.45,None,Card,Pending,,49482.88,
ORD-0001921,C10188,2025-08-28 00:00:00,Aisha,Pillay,Cape Town,Small Business,Marketplace,Headset,3.0,1487.61,0.03,78.22,0.15,912.26,None,Bank Transfer,Cancelled,,5056.52,
ORD-0001284,C12904,2025-03-15 00:00:00,Chloe,Mokoena,Johannesburg,Consumer,Online,Laptop,3.0,11695.97,0.1,13.23,0.15,9208.09,Summer Sale,Bank Transfer,Completed,,36329.21,
ORD-0004460,C10654,2025-05-30 00:00:00,Aisha,Williams,Durban,Consumer,Online,Keyboard,3.0,1144.42,0.2,97.79,0.15,855.12,None,Mobile Wallet,Pending,,3256.39,
ORD-0003598,C12847,2025-08-26 00:00:00,Jason,Williams,Durban,Corporate,Online,Tablet,1.0,4712.85,0.1,,0.15,3154.98,None,Card,Completed,,5079.32,
ORD-0001768,C12726,2024-04-25 00:00:00,Kabelo,Molefe,Pretoria,Consumer,Marketplace,Laptop,4.0,11700.49,0.0,29.92,0.15,8226.3,None,Cash,Completed,,53852.18,
ORD-0004855,C12702,2024-03-28 00:00:00,Ryan,Mokoena,Benoni,Consumer,Store, mouse ,4.0,1333.91,0.1,141.19,0.15,889.04,None,Cash,Completed,Rep B,5663.59,
ORD-0004287,C12819,2024-02-02 00:00:00,Ryan,Smith,Johannesburg,Consumer,Marketplace,Monitor,1.0,2208.55,0.03,67.7,0.15,1296.7,Payday Promo,EFT,Cancelled,,2531.34,
ORD-0002724,C12994,2024-08-09 00:00:00,Priya,Patel,Gqeberha,Small Business,Phone,Router,4.0,1973.13,0.05,38.25,0.15,1264.88,Clearance,Mobile Wallet,Cancelled,,8660.85,
ORD-0003136,C12255,2025-05-12 00:00:00,Jason,Dlamini,Nelspruit,Corporate,Online,Router,2.0,1686.44,0.2,90.61,0.15,1062.56,Payday Promo,Card,Completed,,3193.66,
ORD-0000241,C12628,2024-09-25 00:00:00,Mpho,Dlamini,Durban,Small Business,Phone,Keyboard,5.0,1672.35,0.0,80.86,0.15,986.02,,Card,Completed,,9696.85,
ORD-0003679,C10728,2024-09-06 00:00:00,Chloe,Nkosi,Nelspruit,Consumer,Marketplace,Tablet,2.0,,0.08,51.67,0.15,5378.53,None,Card,Completed,,14443.68,
ORD-0000469,C11327,2024-06-20 00:00:00,Fatima,Williams,Durban,Small Business,Online,Headset,5.0,1603.62,0.1,100.06,0.0,1160.03,None,Card,Completed,,7316.37,
ORD-0003081,C10521,2025-04-21 00:00:00,Chloe,Dlamini,Johannesburg,Consumer,Online,Keyboard,2.0,1575.01,0.03,112.47,0.15,1202.97,,Card,Cancelled,,3626.3,
ORD-0001778,C10438,2024-12-10 00:00:00,Thabo,Pillay,Cape Town,Corporate,Phone,Laptop,3.0,10734.2,0.1,81.63,0.14,8469.12,None,Mobile Wallet,Cancelled,,33121.49,
ORD-0005255,C12097,2024-08-04 00:00:00,Thabo,Naidoo,Johannesburg,Consumer,Online,Monitor,1.0,5622.38,0.08,199.56,0.15,4180.51,Payday Promo,Mobile Wallet,Returned,,6148.04,
ORD-0004223,C12059,2025-04-15 00:00:00,Thabo,Williams,Johannesburg,Consumer,Store,Tablet,2.0,4437.78,0.15,60.33,0.15,3121.51,Clearance,Bank Transfer,Completed,Rep C,8736.18,
ORD-0002958,C12897,2025-12-28 00:00:00,Zanele,Smith,Pretoria,Consumer,Marketplace,Laptop,1.0,18028.53,0.0,205.92,0.15,15126.41,None,Mobile Wallet,Cancelled,,20938.73,
ORD-0001987,C10159,2025-04-14 00:00:00,Jason,Khumalo,Cape Town,Corporate,Phone,Laptop,8.0,21452.52,0.0,92.28,0.15,17033.38,None,Card,Returned,,197455.5,
ORD-0003759,C11663,2025-02-19 00:00:00,Nomsa,Molefe,Johannesburg,Consumer,Online,Webcam,5.0,1674.49,0.0,58.78,0.15,1000.42,None,EFT,Returned,,9687.07,
ORD-0005217,C10908,2025-03-28 00:00:00,Siyanda,Nkosi,Johannesburg,Consumer,Online,Tablet,5.0,10100.25,0.1,97.98,0.15,8426.94,None,Card,Completed,,52366.79,
ORD-0004331,C10249,2024-07-14 00:00:00,Zanele,Smith,Nelspruit,Consumer,Phone,Keyboard,4.0,1133.51,0.0,101.38,0.15,964.33,None,Card,Returned,,4327.44,
ORD-0001405,C11897,2024-09-26 00:00:00,,Botha,Pretoria,Corporate,Store,Monitor,2.0,2606.2,0.05,148.02,0.15,2048.36,None,Card,Returned,Rep C,5842.57,
ORD-0005247,C10140,2024-03-28 00:00:00,Fatima,Mokoena,Cape Town,Corporate,Store,Router,1.0,1585.22,0.1,207.52,0.15,1133.22,None,EFT,Completed,Rep E,1848.22,
ORD-0003662,C12681,2024-04-07 00:00:00,Megan,Patel,Polokwane,Small Business,Online,Headset,2.0,1960.52,0.15,104.32,0.15,1396.19,New Customer,Card,Returned,,3937.15,3921.04
ORD-0000199,C10682,2024-05-16 00:00:00,Andile,Pillay,Johannesburg,Consumer,Online,Mouse,1.0,788.56,0.03,162.57,0.0,585.55,None,Cash,Cancelled,,927.47,
ORD-0001813,C12812,2025-06-15 00:00:00,Zanele,Smith,Polokwane,Small Business,Store,Headset,10.0,1321.34,0.1,99.73,0.15,1067.51,None,Card,returned,Rep D,13775.61,
ORD-0002095,C10186,2025-01-21 00:00:00,Chloe,Williams,Bloemfontein,Consumer,Phone,Laptop,1.0,18004.61,0.1,149.78,0.15,11574.53,None,Cash,Completed,,18784.56,
ORD-0001643,C12469,2024-07-04 00:00:00,Nomsa,Botha,Benoni,Consumer,Marketplace,Router,3.0,806.67,0.15,81.42,0.15,671.71,Clearance,EFT,Completed,,2446.98,
ORD-0005068,C11401,2025-07-05 00:00:00,Sipho,Patel,Durban,Corporate,Online,Headset,2.0,2531.57,0.05,128.24,0.15,1778.17,,Mobile Wallet,Cancelled,,5659.73,
ORD-0000775,C12375,2025-08-13 00:00:00,Daniel,Mthembu,Cape Town,Small Business,Online,Laptop,2.0,18734.65,,39.4,0.15,13359.34,None,Cash,Completed,,40974.6,
ORD-0001098,C12127,2024-01-07 00:00:00,Naledi,Khumalo,Durban,Consumer,Online,Webcam,3.0,1222.89,0.05,81.93,0.15,781.01,Black Friday,Card,Pending,,4089.97,
ORD-0002186,C10595,2024-04-20 00:00:00,Jason,Williams,Pretoria,Corporate,Online,Webcam,6.0,1173.97,0.15,63.03,0.0,938.92,New Customer,Cash,Completed,,6050.26,
ORD-0002129,C11042,2025-07-11 00:00:00,Megan,Molefe,CapeTown,Consumer,Online,Router,2.0,1837.02,0.0,161.9,0.15,1065.8,Summer Sale,EFT,Returned,,4387.05,
ORD-0005993,C11170,2025-03-23 00:00:00,Naledi,Nkosi,Johannesburg,Corporate,Online,Webcam,4.0,1250.91,0.0,81.92,0.15,873.4,None,Card,Completed,,5836.1,
ORD-0001628,C11564,2024-02-27 00:00:00,Fatima,Mthembu,Johannesburg,Small Business,Marketplace,SSD,3.0,2369.27,0.1,12.08,0.14,1873.79,None,Mobile Wallet,Completed,,7304.69,
ORD-0004139,C11303,2025-05-27 00:00:00,Naledi,Patel,Benoni,Consumer,Marketplace,Printer,1.0,4974.69,0.0,195.0,0.15,3850.0,Summer Sale,Mobile Wallet,Completed,,5915.88,
ORD-0003210,C12401,2024-08-26 00:00:00,Aisha,Mokoena,Pretoria,Corporate,Marketplace,Monitor,1.0,2887.41,0.1,46.43,0.15,2061.04,None,Card,Completed,,3034.89,
ORD-0001095,C11159,2024-06-11 00:00:00,Fatima,Dlamini, benoni ,Corporate,Store,Headset,2.0,585.98,0.2,142.76,0.14,449.66,Clearance,Cash,Completed,Rep A,1211.6,
ORD-0004408,C10615,2024-11-29 00:00:00,Kabelo,Mokoena,Johannesburg,Consumer,Store,Headset,2.0,458.62,0.08,83.98,0.15,361.83,None,EFT,Returned,Rep D,1054.43,
ORD-0000249,C12557,2025-02-15 00:00:00,Ryan,Williams,Nelspruit,Corporate,Online,Keyboard,3.0,1613.2,0.0,43.54,0.15,1341.77,None,Card,Cancelled,,5609.06,
ORD-0004026,C10092,2024-10-01 00:00:00,Aisha,Naidoo,Bloemfontein,Consumer,Marketplace,Mouse,5.0,1380.08,0.08,65.75,0.15,1074.26,Payday Promo,Card,Pending,,7366.37,
ORD-0003754,C10301,2025-11-19 00:00:00,Jason,Botha,Johannesburg,Consumer,Online,Printer,1.0,5480.68,0.1,123.78,0.15,3930.06,None, bank transfer ,Completed,,5796.29,
ORD-0003180,C11203,2025-05-16 00:00:00,Nomsa,Patel,Johannesburg,Consumer,Online,Router,4.0,3147.9,0.05,91.76,0.15,2078.65,None,Cash,Completed,,13848.09,
ORD-0001180,C12214,2025-09-21 00:00:00,Thabo,Smith,Pretoria,Corporate,Online,Tablet,2.0,3282.15,0.08,103.69,0.15,2748.02,Payday Promo,Card,Completed,,7048.72,
ORD-0005275,C12993,2024-11-27 00:00:00,Fatima,Naidoo,Polokwane,Consumer,Marketplace,Headset,2.0,,0.1,150.91,0.15,1245.45,None,Card,Cancelled,,4463.45,
ORD-0005024,C10814,2025-05-13 00:00:00,Nomsa,Khumalo,Cape Town,Small Business,Phone,Monitor,5.0,3268.23,0.25,117.62,0.15,2087.25,None,Bank Transfer,Completed,,14211.87,
ORD-0004487,C11298,2024-07-30 00:00:00,Aisha,Pillay,Durban,Corporate,Store,Mouse,3.0,845.25,0.0,95.93,0.15,610.74,New Customer,EFT,Pending,Rep E,3012.05,
ORD-0004914,C11760,2024-07-13 00:00:00,Kabelo,Dlamini,Gqeberha,Consumer,Online,SSD,2.0,1290.72,0.0,106.23,0.15,765.96,Summer Sale,Card,Completed,,3074.89,
ORD-0000224,C12474,2025-03-03 00:00:00,Daniel,Mokoena,Durban,Consumer,Online,Laptop,2.0,10689.69,0.2,185.1,0.15,8507.19,None,EFT,Pending,,19854.13,21379.38
ORD-0003599,C10545,2025-08-03 00:00:00,Andile,Botha,Nelspruit,Corporate,Online,Monitor,1.0,4962.72,0.0,67.2,0.15,4071.02,None,Cash,Returned,,5774.33,
ORD-0000690,C12856,2024-01-16 00:00:00,Zanele,Botha,Gqeberha,Consumer,Marketplace,Mouse,1.0,1257.71,0.05,153.87,0.15,929.48,None,Card,Returned,,1527.91,
ORD-0003506,C11991,2025-10-18 00:00:00,Zanele,Williams,Cape Town,Small Business,Online,Mouse,1.0,975.59,0.0,148.87,0.15,829.98,None,Card,Pending,,1270.8,
ORD-0000665,C12757,2025-11-24 00:00:00,Ryan,Botha,Johannesburg,Small Business,Online,Router,10.0,3708.91,0.1,97.83,0.15,2775.07,None,Card,Completed,,38485.08,
ORD-0005650,C12351,2024-06-12 00:00:00,Daniel,Mokoena,Polokwane,Consumer,Online,Tablet,3.0,7224.41,0.1,127.35,0.15,5292.46,None,Mobile Wallet,Pending,,22559.13,
ORD-0004072,C10329,2025-12-21 00:00:00,Fatima,Mokoena,Durban,Consumer,Marketplace,Laptop,1.0,18805.75,0.25,98.59,0.0,12649.19,None,Card,Cancelled,,14202.91,
ORD-0003284,C10184,2024-12-05 00:00:00,Fatima,Khumalo,Johannesburg,Consumer,Online,Docking Station,3.0,2977.09,0.0,113.26,0.0,2525.5,Summer Sale,Card,Completed,,9044.51,
ORD-0004887,C10997,2024-07-23 00:00:00,Mpho,Dlamini,Cape Town,Small Business,Phone, headset ,7.0,1981.62,0.25,125.51,0.15,1682.41,New Customer,Card,Returned,,12089.57,
ORD-0004805,C11949,2024-01-02 00:00:00,Zanele,Khumalo,Johannesburg,Small Business,Online,Docking Station,5.0,4013.05,0.1,79.69,0.15,2460.3,Payday Promo,Card,Completed,,20847.25,
ORD-0005287,C10674,2024-02-03 00:00:00,Nomsa,Dlamini,Pretoria,Consumer,Marketplace,SSD,3.0,1511.25,0.0,53.9,0.15,1034.99,Back to School,EFT,Completed,,5267.7,
ORD-0004724,C10176,2025-10-20 00:00:00,Ryan,Smith,Durban,Consumer,Online,Keyboard,6.0,1644.4,0.0,144.36,0.15,982.77,None,Card,Completed,,11490.69,
ORD-0005802,C11389,2024-02-12 00:00:00,Kabelo,Botha,Cape Town,Consumer,Marketplace,Keyboard,2.0,1240.45,0.05,172.71,0.15,735.8,None,Mobile Wallet,Cancelled,,2883.1,
ORD-0005933,C11405,2025-07-23 00:00:00,Kabelo,Molefe,Bloemfontein,Consumer,Phone,Mouse,1.0,457.95,0.1,120.13,0.0,366.17,None,Card,Completed,,532.29,
ORD-0002794,C11811,2025-07-29 00:00:00,Daniel,Williams,Johannesburg,Consumer,Online,Printer,2.0,5353.78,0.15,158.84,0.0,3223.14,Black Friday,Bank Transfer,Cancelled,,9260.26,
ORD-0002074,C11375,2025-03-03 00:00:00,Siyanda,Dlamini,Johannesburg,Consumer,Phone,Mouse,1.0,928.17,0.2,170.22,0.15,672.8,Black Friday,Mobile Wallet,Returned,,1024.14,
ORD-0004772,C10372,2025-09-27 00:00:00,Priya,Mokoena,JHB,Consumer,Marketplace,Webcam,6.0,2326.94,0.2,3.64,0.15,1367.96,Payday Promo,Card,Pending,,12848.33,
ORD-0005562,UNKNOWN-11,2024-04-01 00:00:00,Jason,Nkosi,Durban,Corporate,Store,Laptop,1.0,13446.85,0.0,113.33,0.15,10977.73,Payday Promo,Card,Completed,Rep D,15577.22,
ORD-0003423,C11468,2025-02-18 00:00:00,Sipho,Khumalo,Pretoria,Consumer,Online,Headset,3.0,2262.35,0.1,,0.0,1723.97,None,EFT,Completed,,6161.86,
ORD-0001963,C12300,2024-06-04 00:00:00,Mpho,Patel,Pretoria, small business ,Online,Mouse,4.0,238.64,0.0,87.14,0.15,145.42,New Customer,EFT,Completed,,1184.9,
ORD-0003499,C12426,2024-11-25 00:00:00,Fatima,Khumalo,Pretoria,Corporate,Marketplace,Monitor,10.0,2499.56,0.05,83.21,0.15,1576.21,Clearance,EFT,Completed,,27390.91,
ORD-0002140,C12043,2024-02-28 00:00:00,Fatima,Khumalo,Durban,Consumer,Marketplace,Keyboard,2.0,882.14,0.0,33.07,0.0,614.1,None,Mobile Wallet,Completed,,1797.34,
ORD-0003391,C12219,2024-10-04 00:00:00,Mpho,Molefe,Benoni,Corporate,Online,Laptop,10.0,11770.59,0.15,130.88,0.15,8557.59,Back to School,,Returned,,115188.43,
ORD-0002277,C11185,2025-02-08 00:00:00,Fatima,Dlamini,Pretoria,Corporate,Online,Monitor,1.0,"R 3,984.56",0.0,140.3,0.15,2357.46,None,Card,Completed,,4722.54,
ORD-0005128,C12272,2024-02-15 00:00:00,Siyanda,Khumalo,Benoni,Consumer,Marketplace,Mouse,2.0,657.32,0.15,143.57,0.15,430.43,None,Card,Returned,,1428.64,
ORD-0004678,C11538,2025-02-03 00:00:00,Nomsa,Mokoena,Polokwane,Corporate,Store,Monitor,2.0,8455.6,0.0,120.3,0.15,5608.32,None,Card,Completed,Rep D,19568.17,
ORD-0003361,C10037,2025-01-24 00:00:00,Ryan,Mokoena,Johannesburg,Consumer,Online,SSD,2.0,2302.05,0.0,176.75,0.15,1341.57,None,Card,Completed,,5471.48,
ORD-0001124,C11734,2025-05-30 00:00:00,Fatima,Pillay,Bloemfontein,Corporate,Online,Router,1.0,716.9,0.08,164.95,0.0,558.16,None,Card,Completed,,824.5,
ORD-0003504,C11094,2024-02-10 00:00:00,Thabo,Khumalo,Polokwane,Corporate,Online,Tablet,3.0,7994.02,0.2,128.01,0.0,6627.91,None,Card,Pending,,19313.65,
ORD-0003715,C12887,2024-07-09 00:00:00,Zanele,Khumalo,Durban,Consumer, store ,Laptop,6.0,11349.31,0.0,128.04,0.15,6585.9,None,Cash,Completed,Rep E,78438.26,
ORD-0004880,C11197,2024-09-27 00:00:00,Thabo,Pillay,Nelspruit,Small Business,Marketplace,Keyboard,1.0,285.26,0.0,181.63,0.15,167.15,None,Card,Returned,,509.68,
ORD-0001478,C10025,2024-08-08 00:00:00,Daniel,Smith,Johannesburg,Consumer,Marketplace,Mouse,1.0,884.43,0.0,51.82,0.15,535.35,Clearance,Cash,Returned,,1068.91,
ORD-0003247,C11504,2025-05-04 00:00:00,Megan,Williams,Polokwane,Small Business,Online,Headset,2.0,2331.88,0.1,165.53,0.15,1958.8,None,Card, completed ,,4992.53,
ORD-0003788,C12653,2024-06-02 00:00:00,Mpho,Naidoo,Pretoria,Consumer,Store,Docking Station,1.0,2845.3,0.03,187.75,0.14,2439.49,Clearance,Mobile Wallet,Cancelled,Rep A,3334.08,
ORD-0003500,C12433,2024-10-14 00:00:00,Lerato,Patel,Cape Town,Small Business,Online,Monitor,1.0,4286.9,0.05,197.57,0.15,2830.3,None,Card,Returned,,6955.94,
ORD-0000588,C11997,2025-02-22 00:00:00,Kabelo,Smith,Nelspruit,Corporate,Marketplace,Headset,1.0,1825.27,0.0,116.91,0.15,1172.34,Payday Promo,Mobile Wallet,Completed,,2215.97,
ORD-0000018,C10961,2025-03-13 00:00:00,Siyanda,Khumalo,Cape Town,Consumer,Phone,Keyboard,6.0,813.92,0.0,71.29,0.15,622.09,None,EFT,Completed,,5687.33,
ORD-0004709,C12368,2024-08-27 00:00:00,Megan,Botha,Benoni,Corporate,Online,Keyboard,2.0,271.42,0.15,38.25,0.0,229.89,None,Mobile Wallet,Completed,,294.16,
ORD-0001956,C11376,2024-02-20 00:00:00,Megan,Dlamini,Johannesburg,Consumer,Marketplace,Monitor,8.0,2265.02,0.08,141.93,0.15,1668.73,Payday Promo,Card,Completed,,19313.06,
ORD-0004635,C11031,2024-11-01 00:00:00,Mpho,Khumalo,Nelspruit,Consumer,Marketplace,Mouse,1.0,496.81,0.0,131.19,0.15,343.56,New Customer,Card,Completed,,702.52,
ORD-0002113,C11179,2024-04-22 00:00:00,Megan,Williams,Johannesburg,Small Business,Marketplace,Monitor,1.0,4430.11,0.0,202.81,0.15,3541.96,None,Cash,Returned,,5297.44,
ORD-0001255,C10460,2025-06-18 00:00:00,Andile,Nkosi,Cape Town,Small Business,Online,Headset,7.0,1731.57,0.05,113.63,0.15,1053.45,Payday Promo,Card,Pending,,13355.82,
ORD-0004977,C12061,2025-04-22 00:00:00,Ryan,Patel,Pretoria,Consumer,Online,SSD,5.0,4090.61,0.08,12.45,0.15,2824.87,None,Mobile Wallet,Cancelled,,21651.8,
ORD-0002205,C11302,2024-05-19 00:00:00,Lerato,Nkosi,Gqeberha,Corporate, marketplace ,Router,2.0,1631.66,0.25,72.77,0.15,1211.81,None,Card,Cancelled,,2887.38,
ORD-0001498,C11429,2024-08-30 00:00:00,Kabelo,Dlamini,Johannesburg,Consumer,Online,Keyboard,3.0,1732.02,0.0,34.01,0.15,1042.56,New Customer,Card,Returned,,0.0,
ORD-0005769,C11719,2025-01-15 00:00:00,Mpho,Dlamini,Cape Town,Small Business,Phone,Headset,5.0,2340.52,0.1,136.54,0.15,1556.89,Payday Promo,Mobile Wallet,Completed,,12248.75,
ORD-0001770,C11551,2025-09-16 00:00:00,Aisha,Pillay,Benoni,Consumer,Store,Printer,1.0,4283.19,0.05,106.47,0.15,3317.91,Back to School,Bank Transfer,Completed,Rep A,4785.86,
ORD-0002034,C10611,2025-09-27 00:00:00,Zanele,Nkosi,Cape Town,Consumer,Marketplace,Tablet,6.0,4122.03,0.15,69.52,0.15,3429.38,None,Card,Returned,,24245.24,
ORD-0001334,C11308,2025-01-02 00:00:00,Thabo,Smith,Cape Town,Consumer,Online,Laptop,2.0,7966.09,0.25,143.54,0.15,6102.59,None,Card,Pending,,13885.05,
ORD-0003486,C10487,2025-05-16 00:00:00,Jason,Pillay,Johannesburg,Consumer,Online,Mouse,5.0,1146.04,0.15,133.81,0.0,786.04,Back to School,Mobile Wallet,Completed,,5004.49,
ORD-0004405,C12003,2025-08-12 00:00:00,Chloe,Williams,Benoni,Consumer,Store,Tablet,2.0,4227.8,0.0,188.77,0.15,2764.43,Summer Sale,Card,Pending,Rep C,9912.72,
ORD-0005144,C11261,2025-01-30 00:00:00,Siyanda,Smith,Cape Town,Corporate,Online,Headset,3.0,2274.9,0.1,43.46,0.15,1706.74,None,Card,Completed,,7107.03,
ORD-0005738,C10439,2024-01-18 00:00:00,Zanele,Mthembu,Polokwane,Consumer,Online,Printer,1.0,3262.71,0.2,198.94,0.0,1946.12,Clearance,Bank Transfer,Completed,,2809.11,
ORD-0000261,C10701,2025-01-16 00:00:00,Thabo,Smith,Johannesburg,Consumer,Online,Laptop,3.0,13727.93,0.15,29.47,0.15,9357.8,None,Card,Completed,,40286.63,
ORD-0001218,C11462,2024-02-20 00:00:00,Siyanda,Patel,Johannesburg,Corporate,Online,Mouse,1.0,244.39,0.25,45.94,0.15,150.55,None,EFT,Completed,,256.72,
ORD-0002492,UNKNOWN-3,2025-01-20 00:00:00,Thabo,Khumalo,Johannesburg,Corporate,Phone,Monitor,6.0,6739.9,0.0,87.38,0.15,4365.89,Back to School,Card,Completed,,46592.68,
ORD-0005095,C12952,2024-09-29 00:00:00,Sipho,Molefe,Johannesburg,Consumer,Phone,Docking Station,1.0,4411.55,0.05,63.18,0.15,2775.94,Payday Promo,Card,Completed,,4882.8,
ORD-0003792,C11613,2025-10-25 00:00:00,Siyanda,Mokoena,Nelspruit,Consumer,Store,Mouse,1.0,193.37,0.1,116.86,0.15,139.1,New Customer,Card,Pending,Rep C,316.99,
ORD-0003977,C10067,2024-11-16 00:00:00,Priya,Williams,Gqeberha,Consumer,Online,Webcam,3.0,1416.2,0.15,100.84,0.15,1141.88,None,Card,Returned,,4253.85,
ORD-0002491,C10928,2024-08-01 00:00:00,Priya,Williams,Durban,Small Business,Phone,DockingStation,1.0,4938.33,0.15,199.95,0.15,2905.63,Payday Promo,Mobile Wallet,Completed,,5027.17,
ORD-0002782,C12488,2024-12-05 00:00:00,Megan,Mthembu,Durban,Consumer,Online,Laptop,3.0,15044.59,0.0,112.17,0.15,9491.77,None,Card,Completed,,52016.01,
ORD-0001886,C10378,2024-06-20 00:00:00,Andile,Dlamini,Pretoria,Corporate,Online,Mouse,4.0,194.75,0.15,66.05,0.15,136.93,None,Card,Completed,,827.53,
ORD-0005714,C10506,2025-08-21 00:00:00,Siyanda,Botha,Nelspruit,Consumer,Online,SSD,2.0,1886.45,0.1,121.98,0.15,1323.53,None,Card,Completed,,4026.93,
ORD-0004607,C12685,2024-06-24 00:00:00,Mpho,Dlamini,Nelspruit,Corporate,Marketplace,Tablet,4.0,8572.25,0.25,34.08,0.15,4981.66,Payday Promo,Card,Completed,,29608.35,
ORD-0001226,C12216,2025-03-06 00:00:00,Siyanda,Smith,Cape Town,Small Business,Store,SSD,1.0,3512.36,0.15,42.75,0.15,2933.81,None,Card,Completed,Rep B,3476.08,
ORD-0003200,C12600,2025-05-30 00:00:00,Daniel,Khumalo,Durban,Small Business,Online,Mouse,3.0,509.36,0.0,98.26,0.15,358.96,Back to School,EFT,Completed,,1855.54,
ORD-0004657,C11939,2025-08-28 00:00:00,Nomsa,Molefe,Benoni,Consumer,Store,Router,1.0,980.23,0.0,203.22,0.15,798.53,Summer Sale,Card,Completed,Rep A,1330.48,
ORD-0000920,C11813,2025-09-22 00:00:00,Naledi,Khumalo,Benoni,Consumer,Store,Tablet,4.0,6881.89,0.05,3.2,0.15,4351.04,None,Card,Completed,Rep B,30077.04,
ORD-0004181,C12298,2025-06-14 00:00:00,Fatima,Botha,Cape Town,Consumer,Marketplace,Mouse,3.0,1398.93,0.0,106.56,0.0,929.77,Back to School,Card,Completed,,4303.35,
ORD-0001703,C10490,2025-12-20 00:00:00,Sipho,Patel,Pretoria,Consumer,Online, tablet ,1.0,4530.5,0.15,42.22,0.15,3408.36,None,Card,Completed,,4470.79,
ORD-0003035,C10496,16/02/2025,Thabo,Khumalo,Nelspruit,Small Business,Phone,Monitor,2.0,5952.6,0.05,194.39,0.15,3532.87,None,Cash,Completed,,13200.81,
ORD-0000674,C12325,2025-03-10 00:00:00,Megan,Nkosi,Gqeberha,Consumer,Online,Laptop,4.0,10089.95,0.05,6.51,0.15,8648.13, none ,Card,Completed,,44099.61,
ORD-0000187,C12949,2024-05-06 00:00:00,Fatima,Williams,Johannesburg,Consumer,Store, printer ,4.0,6009.57,0.0,48.68,0.0,4049.52,None,Card,Completed,Rep B,24086.95,
ORD-0001434,C10191,2024-09-22 00:00:00,Daniel,Williams,Benoni,Consumer,Store,Laptop,1.0,12095.56,0.08,152.52,0.15,7542.92,None,EFT,Completed,Rep D,12949.62,
ORD-0005966,C11832,2024-04-30 00:00:00,Mpho,Smith,Johannesburg,Consumer,Phone,Monitor,8.0,4571.38,0.0,93.04,0.15,3158.72,None,EFT,Returned,,42149.78,
ORD-0001089,C11270,2025-09-08 00:00:00,Naledi,Molefe,Gqeberha,Small Business,Phone,Office Chair,10.0,5722.78,0.25,3.66,0.15,4020.1,None,Cash,Cancelled,,49362.64,
ORD-0005969,C12039,2024-12-04 00:00:00,Kabelo,Molefe,Pretoria,Consumer,Online,SSD,1.0,4197.74,0.08,204.68,0.15,3026.11,None,Card,Completed,,4645.9,
ORD-0003148,C11794,2025-09-20 00:00:00,Siyanda,Naidoo,Polokwane,Corporate, online ,Tablet,2.0,3450.45,0.0,66.37,0.15,2638.64,None,Bank Transfer,Completed,,8002.41,
ORD-0000620,C11192,02 Mar 2025,Priya,Botha,Pretoria,Consumer,Online,Headset,2.0,2380.23,0.05,136.32,0.15,1415.75,None,Mobile Wallet,Completed,,5337.11,
ORD-0005884,C10237,2025-06-26 00:00:00,Aisha,Williams,Durban,Small Business,Store,SSD,2.0,2588.84,0.08,138.14,0.15,1723.4,None,Card,Cancelled,Rep B,5616.12,
ORD-0001215,C10452,2025-09-05 00:00:00,Chloe,Pillay,Cape Town,Corporate,Online,Monitor,3.0,3366.55,0.03,117.0,0.15,2578.09,Payday Promo,Card,Cancelled,,11383.16,
ORD-0004007,C12360,16/01/2024,Kabelo,Molefe,Pretoria,Consumer,Online,Headset,1.0,1021.51,0.0,65.03,0.15,660.34,None,Cash,Returned,,1239.76,
ORD-0002066,C10829,2024-02-17 00:00:00,Fatima,Patel,Pretoria,Small Business,Marketplace,Headset,2.0,1231.69,0.08,187.33,0.15,992.63,None,EFT, cancelled ,,2793.58,
ORD-0000784,C12183,2025-06-23 00:00:00,Megan,Naidoo, johannesburg ,Consumer,Online,Laptop,1.0,19232.1,0.15,90.52,0.15,12799.13,None,EFT,Completed,,18889.89,
ORD-0005147,C12088,2025-04-03 00:00:00,Lerato,Mthembu,Johannesburg,Consumer,Marketplace,Headset,2.0,1247.68,0.15,90.54,0.15,980.55,None,Mobile Wallet,Completed,,2529.75,
ORD-0004776,C11708,2025-01-25 00:00:00,Sipho,Williams,Cape Town,Consumer,Online,Laptop,2.0,10084.5,0.25,53.94,0.15,6872.34,None,Card,Returned,,17449.7,
ORD-0004555,C12966,2025-01-29 00:00:00,Jason,Mthembu,Bloemfontein,Consumer,Online,SSD,1.0,1660.46,0.2,108.07,0.15,1124.16,Summer Sale,EFT,Completed,,1635.7,
ORD-0003270,C10517,2024-08-03 00:00:00,Megan,Williams,Pretoria,Corporate,Phone,Printer,4.0,5060.66,0.0,118.46,0.15,2946.49,None,Card,Completed,,23397.49,
ORD-0005996,C11999,2024-06-21 00:00:00,Aisha,Patel,Gqeberha,Corporate,Marketplace,Webcam,1.0,927.88,0.1,161.33,0.15,655.35,Clearance,Card,Cancelled,,1121.69,
ORD-0001366,C11293,2024-09-10 00:00:00,Aisha,Nkosi,Johannesburg,Corporate,Phone,Printer,2.0,2978.08,0.25,156.19,0.15,2077.53,None,Card,Returned,,5293.39,
ORD-0002221,C12353,2024-05-31 00:00:00,Aisha,Mokoena,Cape Town,Consumer,Online,Keyboard,1.0,1081.55,0.25,89.48,0.14,892.1,None,Card,Completed,,1014.21,
ORD-0004528,C10193,2024-07-01 00:00:00,Lerato,Khumalo,Cape Town,Corporate,Online,Monitor,2.0,2583.69,0.15,51.2,0.15,2084.95,None,Card,Pending,,5102.31,
ORD-0004011,C11066,2024-10-02 00:00:00,Ryan,Williams,Benoni,Small Business,Online,Mouse,1.0,1374.84,0.15,87.25,0.15,1133.96,None,Card,Completed,,1431.16,
ORD-0003483,C11414,2024-01-31 00:00:00,Sipho,Naidoo,Durban, consumer ,Store,Printer,1.0,2655.49,0.2,212.19,0.15,1747.09,None,Mobile Wallet,Completed,Rep A,2655.24,
ORD-0005551,C11358,2025-01-07 00:00:00,Kabelo,Smith,Johannesburg,Consumer,Online,Laptop,1.0,7525.21,0.15,215.87,0.15,5873.49,None,EFT,Completed,,7571.77,
ORD-0005931,C11693,2024-06-03 00:00:00,Fatima,Nkosi,Gqeberha,Corporate,Online,Keyboard,4.0,1668.95,0.15,136.56,0.15,1291.01,Black Friday,Card,Completed,,6662.16,
ORD-0005906,C12049,2024-11-18 00:00:00,Daniel,Nkosi,Nelspruit,Corporate,Phone,Tablet,5.0,7413.45,0.03,52.85,0.15,5539.19,None,EFT,Completed,,41401.36,
ORD-0004643,C10791,2025-04-17 00:00:00,Nomsa,Dlamini,Cape Town,Small Business,Store,SSD,1.0,1077.83,0.0,213.45,0.15,727.39,Summer Sale,EFT,Completed,Rep E,1452.95,
ORD-0004764,C12039,2025-12-27 00:00:00,Zanele,Pillay,Pretoria,Consumer,Online,Router,4.0,3500.83,0.05,53.91,0.15,2879.57,None,Card,Completed,,15352.52,
ORD-0002757,C10524,2024-06-26 00:00:00,Chloe,Pillay,Johannesburg,Consumer,Marketplace,Headset,5.0,373.73,0.05,79.94,0.15,249.09,None,Cash,Completed,,2121.41,
ORD-0005060,C12251,2024-12-30 00:00:00,Kabelo,Molefe,Durban,Corporate,Online,Mouse,5.0,154.88,0.0,130.15,0.0,124.5,None,Card,Pending,,904.55,774.4
ORD-0000459,C10463,2025-07-09 00:00:00,Zanele,Naidoo,Polokwane,Consumer,Store,Keyboard,1.0,1586.08,0.15,177.76,0.15,1163.26,None,EFT,Cancelled,Rep A,1728.15,
ORD-0000009,C10247,2025-05-16 00:00:00,Chloe,Naidoo,Polokwane,Small Business,Online,Mouse,4.0,576.38,0.0,99.08,0.15,486.41,None,EFT,Cancelled,,2750.43,
ORD-0003490,C11458,2024-12-23 00:00:00,Chloe,Williams,Johannesburg,Consumer,Marketplace,Monitor,1.0,7212.84,0.15,159.2,0.15,5906.76,None,Card,Completed,,7209.75,
ORD-0002167,C12049,2024-04-03 00:00:00,Lerato,Khumalo,Cape Town,Consumer,Online,Router,1.0,3155.51,0.0,160.16,0.15,2709.94,,EFT,Cancelled,,3788.99,
ORD-0004759,C10499,2024-04-21 00:00:00,Aisha,Botha,Pretoria,Consumer,Phone,Headset,8.0,793.28,0.1,45.25,0.15,627.04,None,Mobile Wallet,Completed,,6613.59,
ORD-0004186,C10917,2025-05-04 00:00:00,Aisha,Mokoena,Johannesburg,Corporate,Phone,Keyboard,2.0,1325.66,0.1,201.69,0.15,841.43,None,EFT,Completed,,2945.81,
ORD-0001542,C11036,2024-05-27 00:00:00,Naledi,Mokoena,Johannesburg,Consumer,Store,Webcam,8.0,1968.83,0.15,66.69,0.0,1672.12,None,Mobile Wallet,Completed,Rep B,13454.75,
ORD-0002431,C12278,2025-01-09 00:00:00,Kabelo,Nkosi,Johannesburg,Corporate,Online,Office Chair,3.0,7258.86,0.1,125.73,0.15,6093.54,None,Card,Completed,,22664.48,
ORD-0005273,C12016,2024-03-17 00:00:00,Lerato,,Bloemfontein,SMB,Online,Laptop,8.0,16800.29,0.0,7.41,0.15,14069.22,None,Card,Pending,,154570.06,
ORD-0002586,C10039,2025-04-24 00:00:00,Mpho,Mthembu,Johannesburg,Corporate,Online,Keyboard,1.0,906.74,0.08,121.16,0.15,550.6,None,mobile wallet,Completed,,773.18,
ORD-0000444,C12119,2024-05-07 00:00:00,Aisha,Pillay,Johannesburg,Small Business,Online,Monitor,3.0,4566.26,0.1,43.41,0.15,3872.69,None,Card,Completed,,14221.66,
ORD-0002939,C11191,2024-06-12 00:00:00,Lerato,Dlamini,Pretoria,Corporate,Marketplace,Keyboard,1.0,1778.44,0.03,73.07,0.15,1158.12,None,EFT,Completed,,2056.93,
ORD-0004375,C11689,2024-06-02 00:00:00,Chloe,Mthembu,,Small Business,Marketplace,Keyboard,1.0,309.9,0.05,208.46,0.15,230.13,None,Card,Completed,,547.02,
ORD-0002063,C11567,2025-02-26 00:00:00,Zanele,Mthembu,Johannesburg,Corporate,Online,Printer,1.0,3548.0,0.05,75.65,0.0,2349.41,None,Card,Completed,,3446.24,
ORD-0004288,C10407,2024-12-17 00:00:00,Mpho,Khumalo,Durban,Corporate,Marketplace,Mouse,2.0,343.41,0.2,143.94,0.15,241.91,None,Cash,Pending,,775.83,
ORD-0002097,C10444,2024-02-11 00:00:00,Kabelo,Mokoena,Johannesburg,Consumer,Phone,Printer,2.0,6460.34,0.05,42.92,0.15,5437.8,None,Cash,Completed,,14158.76,
ORD-0004521,C12841,2024-05-03 00:00:00,Chloe,Mthembu,Johannesburg,Consumer,Phone,Laptop,8.0,18977.9,0.0,96.72,0.15,11607.11,None,Mobile Wallet,Pending,,174693.41,
ORD-0001073,C11618,2025-08-18 00:00:00,Aisha,Botha,Johannesburg,Consumer,Store,Keyboard,1.0,2008.69,0.0,140.01,0.15,1545.06,Summer Sale,Card,Cancelled,Rep B,2450.01,
ORD-0001644,C11856,2025-02-06 00:00:00,Naledi,Pillay,Cape Town,Consumer,Marketplace,Keyboard,3.0,1031.29,0.2,59.41,0.15,839.07,Back to School,Card,Pending,,2905.78,
ORD-0000182,C12713,2025-03-02 00:00:00,Thabo,Mthembu,Pretoria,Consumer,Marketplace,Office Chair,3.0,5518.96,0.0,55.51,0.15,3266.38,None,Card,Returned,,19095.92,
ORD-0000788,C10706,2024-03-02 00:00:00,Naledi,Williams,Polokwane,Corporate,Online,Keyboard,6.0,265.73,0.15,10.68,0.15,199.79,New Customer,Mobile Wallet,Completed,,1569.21,
ORD-0001351,C11521,2024-11-03 00:00:00,Ryan,Mokoena,Johannesburg,Small Business,Marketplace,Monitor,3.0,,0.05,19.51,0.0,5063.82,None,Mobile Wallet,Returned,,22417.52,
ORD-0005422,C11842,2025-12-08 00:00:00,Zanele,Naidoo,Pretoria,Consumer,Online,Keyboard,4.0,466.11,0.15,11.86,0.15,282.51,None,Cash,Completed,,1834.35,
ORD-0003554,C10802,2025-02-10 00:00:00,Jason,Naidoo,Johannesburg,Small Business,Phone,Headset,2.0,823.63,0.03,82.31,0.15,547.72,None,EFT,Completed,,1919.83,
ORD-0001601,C12231,2025-05-09 00:00:00,Daniel,Mokoena,Nelspruit,Consumer,Online,Laptop,6.0,19832.96,0.05,117.56,0.15,13840.97,None,Mobile Wallet,Pending,,130122.63,
ORD-0005856,C11505,2025-08-06 00:00:00,Naledi,Pillay,Pretoria,Consumer,Marketplace,Mouse,1.0,R 820.33,0.1,113.68,0.0,656.43,None,Card,Cancelled,,851.98,
ORD-0004566,C12565,2024-12-13 00:00:00,Aisha,Pillay,Nelspruit,Corporate,Marketplace,SSD,3.0,2751.65,0.1,141.14,0.15,2031.72,None,EFT,Completed,,8685.02,
ORD-0005898,C12061,2025-10-11 00:00:00,Ryan,Khumalo,Johannesburg,Consumer,Online,SSD,4.0,2891.39,0.15,68.94,0.15,2320.87,Summer Sale,EFT,Returned,,11374.27,
ORD-0004943,C10624,2024-07-24 00:00:00,Naledi,Nkosi,Pretoria,Corporate,Online,Mouse,1.0,1307.1,0.0,79.87,0.15,910.16,Back to School,EFT,Completed,,1583.03,
ORD-0004155,C11550,2025-03-24 00:00:00,Andile,Khumalo,Johannesburg,Small Business,Online,Laptop,1.0,10637.03,0.15,84.11,0.15,6774.21,None,EFT,Returned,,10481.81,
ORD-0000523,C11603,2025-06-10 00:00:00,Thabo,Mokoena,Johannesburg,Consumer,Online,Webcam,4.0,2011.64,0.08,142.15,0.15,1531.04,Summer Sale,Bank Transfer,Completed,,8655.4,
ORD-0001901,C10847,2024-08-21 00:00:00,Andile,Mthembu,Polokwane,Corporate,Online,Mouse,2.0,1023.0,0.0,155.71,0.15,599.58,Black Friday,Cash,Pending,,2508.61,
ORD-0004815,C11795,2024-08-03 00:00:00,Daniel,Molefe,Johannesburg,Corporate,Online,Monitor,5.0,6427.83,0.03,83.81,0.15,4768.16,None,EFT,Completed,,35935.04,
ORD-0002275,C11889,2025-07-30 00:00:00,Fatima,Botha,Johannesburg,Consumer,Marketplace,Keyboard,3.0,1339.37,0.0,28.63,0.15,797.81,Back to School,Mobile Wallet,Cancelled,,4649.46,
ORD-0002602,C11806,2025-02-08 00:00:00,Priya,Khumalo,Pretoria,Consumer,Online,Laptop,3.0,13605.82,0.1,83.4,0.0,10625.24, clearance ,EFT,Completed,,36819.12,40817.46
ORD-0004219,C11568,2025-12-17 00:00:00,Naledi,Smith,Durban,Consumer,Online,Tablet,5.0,6485.84,0.25,85.92,0.15,4574.48,Summer Sale,EFT,Cancelled,,28056.09,
ORD-0001002,C11731,2024-01-05 00:00:00,Andile,Williams,Pretoria,Consumer,Online,Tablet,4.0,2818.51,0.0,39.01,0.15,2044.42,Clearance,Bank Transfer,Cancelled,,13004.17,
ORD-0001374,C10606,2024-04-28 00:00:00,Megan,Mthembu,Cape Town,Consumer,Online,Keyboard,3.0,392.84,0.1,52.41,0.15,326.68,None,Bank Transfer,Completed,,1272.19,
ORD-0000827,C10796,2024-09-18 00:00:00,Fatima,Nkosi,Johannesburg,Corporate,Online,Router,2.0,1627.4,0.2,48.35,0.15,977.27,Back to School,Card,Completed,,3042.77,
ORD-0002002,C11512,2025-08-24 00:00:00,Lerato,Mokoena,Benoni,Consumer,Phone,Headset,2.0,2313.88,0.05,75.9,0.15,1405.73,Black Friday,Card,Cancelled,,5131.73,
ORD-0001547,C12551,2025-09-15 00:00:00,Nomsa,Mthembu,Durban,Consumer,Phone,Tablet,1.0,4400.39,0.05,88.39,0.15,2968.08,None,Card,Completed,,4865.75,
ORD-0003565,C10437,2025-09-03 00:00:00,Naledi,Molefe,Nelspruit,Consumer,Online,Tablet,1.0,3924.65,0.08,64.6,0.15,3259.05,None,Mobile Wallet,Cancelled,,4216.88,
ORD-0001137,UNKNOWN-49,2025-09-06 00:00:00,Ryan,Williams,Benoni,Consumer,Online, office chair ,3.0,5620.29,0.25,29.99,0.15,4362.54,None,EFT,Cancelled,,14572.5,
ORD-0003920,C10982,2024-03-09 00:00:00,Zanele,Botha,Polokwane,Small Business,Online,Monitor,3.0,6903.12,0.0,3.46,0.15,5456.2,None,Bank Transfer,Completed,,23819.22,
ORD-0000124,C11872,2024-06-10 00:00:00,Kabelo,Smith,Johannesburg,Consumer,Phone,SSD,1.0,1761.92,0.25,52.31,0.15,1498.96,None,EFT,Completed,,1571.97,
ORD-0000279,C12928,2024-02-16 00:00:00,Jason,Mokoena,Pretoria,Small Business,Store,Laptop,2.0,9774.35,0.1,80.81,0.15,7264.2,Payday Promo,Cash,Cancelled,Rep D,20313.71,
ORD-0004576,C10708,2025-10-04 00:00:00,Ryan,Smith,Cape Town,Corporate, store ,Mouse,6.0,362.36,0.03,119.57,0.15,283.75,None,Mobile Wallet,Cancelled,Rep A,2544.82,
ORD-0000883,C12305,2024-10-31 00:00:00,Jason,Williams,Johannesburg,Consumer,Store,Monitor,2.0,7097.09,0.0,130.88,0.15,5776.68,Back to School,Mobile Wallet,Returned,Rep C,16454.18,
ORD-0000738,C10160,2024-03-01 00:00:00,Nomsa,Dlamini,Cape Town,Small Business,Phone,Printer,7.0,6210.94,0.15,89.4,0.0,4376.23,Clearance,Card,Pending,,37044.49,
ORD-0002927,C12779,2024-03-05 00:00:00,Mpho,Botha,Benoni,Consumer,Online,Monitor,5.0,2511.75,0.0,62.43,0.15,1996.71,None,EFT,Completed,,14505.01,
ORD-0000611,C12041,2024-04-23 00:00:00,Sipho,Botha,Johannesburg,Consumer,Marketplace,Mouse,1.0,253.04,0.03,92.21,0.0,183.65,None,Card,Pending,,337.66,
ORD-0000367,C11662,2024-07-21 00:00:00,,Williams,Gqeberha,Consumer,Online,Monitor,2.0,2140.63,0.03,207.89,0.15,1632.32,None,Card,Completed,,4983.65,
ORD-0000295,C12141,2025-02-19 00:00:00,Chloe,Naidoo,Polokwane,Small Business,Online,Laptop,2.0,16104.67,0.03,37.37,0.15,11460.14,None,Mobile Wallet,Completed,,35966.88,
ORD-0001660,C12683,2025-03-10 00:00:00,Zanele,Smith,Johannesburg,Consumer,Phone,Webcam,3.0,1454.53,0.1,65.46,0.15,960.11,None,Card,Completed,,4581.76,
ORD-0005779,C10650,2024-10-27 00:00:00,Nomsa,Naidoo,Benoni,Consumer,Phone,Monitor,,6465.13,0.05,137.94,0.15,5548.47,Summer Sale,Mobile Wallet,Completed,,28390.54,
ORD-0003202,C11468,2025-03-13 00:00:00,Fatima,Naidoo,Durban,Corporate,Phone,Monitor,2.0,6187.93,0.1,218.65,0.0,5028.19,Clearance,EFT,Completed,,11356.92,
ORD-0004100,C12597,2024-08-22 00:00:00,Siyanda,Khumalo,Johannesburg,Consumer,Marketplace,Headset,1.0,2372.44,0.15,43.26,0.15,1413.85,Payday Promo,Cash,Completed,,2362.31,
ORD-0000979,C12949,2024-07-25 00:00:00,Siyanda,Pillay,Gqeberha,Consumer,Marketplace,Router,3.0,3318.43,0.15,122.17,0.15,2535.56,None,EFT,Cancelled,,9853.47,
ORD-0005781,C11310,2024-12-26 00:00:00,Andile,Patel,Durban,Consumer,Store,Printer,3.0,1962.34,0.0,25.87,0.15,1568.6,None,Cash,Pending,Rep B,6795.95,
ORD-0001878,C12621,2025-12-18 00:00:00,Lerato,Patel,Cape Town,Small Business,Store,Monitor,4.0,6115.79,0.0,131.41,0.15,4288.71,New Customer,EFT,Completed,Rep D,28264.05,
ORD-0005599,C10961,2024-07-25 00:00:00,Zanele,Dlamini,Polokwane,Consumer,Online,Laptop,1.0,9482.43,0.0,123.83,0.15,7423.13,None,Card,Completed,,11028.62,
ORD-0005103,C11977,2024-06-28 00:00:00,Zanele,Williams,Polokwane,Corporate,Marketplace,Laptop,1.0,14480.44,0.15,171.62,0.15,10678.22,Back to School,Card,Cancelled,,14326.26,
ORD-0003511,C10602,2024-02-02 00:00:00,Daniel,Smith,Durban,Corporate,Online,SSD,2.0,1243.04,0.03,145.94,0.15,928.68,None,Card,Returned,,2919.17,
ORD-0003019,C12063,2025-01-06 00:00:00,Kabelo,Dlamini,Cape Town,Consumer,Store,Keyboard,2.0,1250.27,0.1,45.84,0.0,956.56,None,Card,Completed,Rep C,2296.34,
ORD-0003415,C12446,2024-03-28 00:00:00,Daniel,Dlamini,Johannesburg,Corporate,Store,Headset,6.0,1347.41,0.2,38.03,0.15,837.87,None,EFT,Completed,Rep B,7475.75,
ORD-0000198,C10168,2024-07-21 00:00:00,Naledi,Molefe,Johannesburg,Consumer,Online,Router,1.0,1786.38,0.03,211.67,0.15,1040.72,Black Friday,Mobile Wallet, completed ,,2204.38,
ORD-0004873,C12248,2025-05-23 00:00:00,Jason,Botha,Gqeberha,Small Business,Online,SSD,5.0,3384.1,0.08,77.86,0.15,2884.68,Back to School,Card,Completed,,17979.72,
ORD-0001141,C10651,2025-02-11 00:00:00,Ryan,Mthembu,Pretoria,Corporate,Store,Webcam,7.0,1350.41,0.15,74.1,0.15,812.62,None,Mobile Wallet,Pending,Rep E,9314.3,
ORD-0001022,C10123,2025-05-04 00:00:00,Daniel,Williams,Johannesburg,Consumer,Online,SSD,3.0,1607.7,0.1,72.4,0.15,1181.04,None,EFT,Completed,,5064.29,
ORD-0002476,C12308,2024-03-27 00:00:00,Lerato,Williams,Cape Town,Small Business, online ,Mouse,2.0,1014.73,0.1,,0.15,847.1,Summer Sale,Card,Completed,,2264.22,
ORD-0005318,C11688,2024-04-05 00:00:00,Priya,Khumalo,Durban,Corporate,Phone,Office Chair,8.0,2181.16,0.05,6.31,0.15,1744.03,None,Card,Completed,,19069.6,
ORD-0001819,C12557,2025-01-15 00:00:00,Andile,Nkosi,Johannesburg,Consumer,Online, mouse ,4.0,1329.36,0.0,15.95,0.15,985.64,Payday Promo,Card,Returned,,6131.01,
ORD-0004769,C10635,2025-10-04 00:00:00,Nomsa,Pillay,Durban,Corporate,Online,Tablet,1.0,7652.01,0.1,142.53,0.15,5381.8,Payday Promo,Card,Completed,,8062.36,
ORD-0002944,C12557,2024-03-12 00:00:00,Nomsa,Molefe,Gqeberha,Consumer,Online,Printer,1.0,4961.87,0.0,130.11,0.15,3893.22,Payday Promo,Mobile Wallet, completed ,,5836.27,
ORD-0001865,C10494,2025-12-14 00:00:00,Naledi,Smith,Johannesburg,Corporate,Store,Monitor,1.0,2841.52,0.0,66.56,0.15,1829.62,None,Card, returned ,Rep D,3334.31,
ORD-0004452,C10039,2024-05-14 00:00:00,Naledi,Botha,Polokwane,Corporate,Online,Laptop,1.0,9541.25,0.05,136.16,0.0,5724.68,None,Card,Pending,,9200.35,
ORD-0004159,C11863,2024-01-22 00:00:00,Jason,Williams,Bloemfontein,Consumer,Online,Laptop,6.0,13772.76,0.0,98.77,0.0,11760.05,None,Bank Transfer,Completed,,82735.36,
ORD-0004697,C12073,2024-06-28 00:00:00,Lerato,Pillay,Benoni,Corporate,Phone,Laptop,1.0,11457.72,0.25,163.3,0.15,8398.44,Back to School,Card,Completed,,10045.58,
ORD-0000714,C10004,2025-09-21 00:00:00,Jason,Smith,Johannesburg,Consumer,Store,Laptop,2.0,18637.61,0.05,182.25,0.15,12469.31,Payday Promo,EFT,Completed,Rep B,40905.42,
ORD-0000971,C11920,2024-09-26 00:00:00,Nomsa,Botha,Gqeberha,Corporate,Online,Headset,1.0,1793.46,0.05,109.22,0.15,1502.85,New Customer,Mobile Wallet,Completed,,2068.57,
ORD-0002106,C12284,2024-12-26 00:00:00,Mpho,Nkosi,Pretoria,Consumer,Online,SSD,3.0,1417.79,0.03,28.66,0.15,903.76,Summer Sale,Card,Completed,,4773.29,
ORD-0003751,C11056,2024-09-22 00:00:00,Andile,Pillay,Polokwane,Consumer,Marketplace,Laptop,1.0,19112.56,0.0,163.14,0.15,14432.71,None,EFT,Pending,,22142.58,19112.56
ORD-0003933,C10536,2025-11-23 00:00:00,Siyanda,Mthembu,Johannesburg,Consumer,Online,SSD,4.0,1425.74,0.1,26.61,0.15,1013.74,None,Card,Completed,,5929.16,
ORD-0003775,C10660,2024-05-06 00:00:00,Megan,Mokoena,Johannesburg,Corporate,Online,Tablet,8.0,4358.53,0.1,46.03,0.15,3252.12,None,Card,Completed,,36134.67,
ORD-0001189,C10118,2025-08-21 00:00:00,Daniel,Botha,,Small Business,Online,Webcam,3.0,1538.6,0.1,79.36,0.15,1071.09,None,Card,Completed,,4856.72,
ORD-0005448,C10227,2025-01-31 00:00:00,Kabelo,Khumalo,Johannesburg,Corporate,Store,Tablet,1.0,4972.95,0.08,,0.15,3522.67,None,Card,Completed,Rep D,5471.27,
ORD-0001447,C10274,2025-11-15 00:00:00,Fatima,Molefe,Cape Town,Consumer,Store,Printer,1.0,3930.8,0.0,68.53,0.15,2456.2,None,EFT,Completed,Rep B,4588.95,
ORD-0005661,C12198,2025-04-19 00:00:00,Andile,Molefe,Bloemfontein,Corporate,Online,Docking Station,2.0,2652.06,0.1,107.2,0.15,1836.77,None,Card,Cancelled,,5596.95,
ORD-0000717,C11726,2025-07-07 00:00:00,Mpho,Mokoena,Benoni,Consumer,Phone,Headset,1.0,1037.89,0.2,179.03,0.15,627.7,None,Bank Transfer,Pending,,1133.89,
ORD-0001676,C11287,26 Oct 2024,Naledi,Khumalo,Nelspruit,Small Business,Marketplace,Monitor,3.0,4421.83,0.0,96.66,0.15,2573.04,None,Bank Transfer,Completed,,15351.98,
ORD-0000987,C11613,2025-10-06 00:00:00,Daniel,Patel,Pretoria,Small Business,Marketplace,SSD,1.0,3249.46,0.0,32.59,0.15,2470.74,Clearance,Card,Cancelled,,3769.47,
ORD-0004237,C11836,2024-04-23 00:00:00,Priya,Naidoo,Johannesburg,Consumer,Phone,Printer,1.0,2957.09,0.15,172.24,0.0,1949.34,New Customer,Mobile Wallet,Completed,,2685.77,
ORD-0003353,C12529,2024-03-06 00:00:00,Jason,Naidoo,Johannesburg,Consumer,Online,SSD,2.0,4144.84,0.15,146.41,0.15,2556.54,Clearance,EFT,Cancelled,,8249.57,
ORD-0001924,C11606,2025-01-22 00:00:00,Megan,Molefe,Gqeberha,Consumer,Online,Headset,3.0,1557.37,0.0,,0.15,1147.22,Summer Sale,Card,Returned,,5376.4,
ORD-0005163,C11159,2024-03-16 00:00:00,Andile,Naidoo,Nelspruit,Consumer,Marketplace,Keyboard,1.0,381.05,0.05,111.83,0.15,277.13,None,Card,Completed,,528.13,
ORD-0001112,C10229,2024-03-23 00:00:00,Chloe,Botha,Johannesburg,Corporate,Marketplace,Mouse,6.0,854.39,0.05,141.61,0.15,723.93,New Customer,Bank Transfer,Completed,,5742.1,
ORD-0000378,C10110,2025-11-12 00:00:00,Megan,Pillay,Cape Town,Consumer,Online,Laptop,2.0,12039.66,0.15,51.52,0.15,7867.15,None,Cash,Completed,,23589.05,
ORD-0003981,C11987,2024-11-17 00:00:00,Jason,Mokoena,Durban,Corporate,Online,Webcam,2.0,2185.0,0.2,112.69,0.15,1538.63,Payday Promo,EFT,Completed,,4133.08,
ORD-0005223,C12671,2024-07-07 00:00:00,Naledi,Smith,Pretoria,Corporate,Online,Docking Station,1.0,3277.65,0.08,129.23,0.15,2410.82,Black Friday,Card,Cancelled,,3596.98,
ORD-0000500,C12630,2025-11-22 00:00:00,Megan,Smith,Pretoria,Consumer,Store,Docking Station,5.0,5041.89,0.0,68.64,0.15,3294.21,New Customer, eft ,Completed,Rep C,29059.52,
ORD-0003815,C10854,2025-08-19 00:00:00,Kabelo,Molefe,Pretoria,Consumer,Online,Docking Station,1.0,4747.91,0.0,137.64,0.15,3618.73,Back to School,Cash,Completed,,5597.75,
ORD-0005299,C12825,2024-08-14 00:00:00,Naledi,Khumalo,Durban,Consumer,Online,Keyboard,5.0,1084.51,0.08,144.64,0.15,644.52,None,Card,Completed,,5881.69,
ORD-0001280,C12371,2024-03-12 00:00:00,Chloe,Dlamini,Johannesburg,Corporate,Online,Tablet,3.0,6272.71,0.15,15.47,0.15,3830.98,None,Card,Completed,,18410.2,
ORD-0000145,C10052,2024-01-10 00:00:00,Jason,Patel,Bloemfontein,Consumer,Marketplace,Monitor,10.0,6785.53,0.05,93.6,0.0,5765.51,Payday Promo,Card,Cancelled,,64556.13,
ORD-0003432,C12769,2025-08-14 00:00:00,Fatima,Dlamini,Cape Town,Consumer,Online,Webcam,4.0,1106.83,0.05,32.84,0.15,751.68,Summer Sale,EFT,Completed,,4869.67,
ORD-0003083,C12022,2024-07-28 00:00:00,Megan,Dlamini,Durban,Consumer,Marketplace,Printer,40.0,"R 3,155.82",0.1,85.77,0.15,1948.67,None,Bank Transfer,Completed,,16417.15,
ORD-0004463,C11925,2025-09-30 00:00:00,Jason,,Johannesburg,Consumer,Store,Laptop,5.0,9419.97,0.0,124.71,0.15,7233.43,Summer Sale,Mobile Wallet,Returned,Rep B,54289.51,
ORD-0003158,C11852,2025-12-24 00:00:00,Mpho,Molefe,Durban,Corporate,Store,Laptop,4.0,20875.78,0.0,64.07,0.15,14996.18,None,EFT,Pending,Rep B,96092.65,
ORD-0000238,C12742,2024-10-28 00:00:00,Andile,Dlamini,Nelspruit,Corporate,Marketplace,Monitor,2.0,,0.15,48.35,0.15,5360.81,None,Mobile Wallet,Completed,,13235.45,
ORD-0003272,C11534,2024-05-20 00:00:00,Aisha,Molefe,Durban,Consumer,Phone,Mouse,2.0,628.12,0.2,130.17,0.15,412.74,Summer Sale,Card, completed ,,1285.91,
ORD-0002599,C12607,2025-11-22 00:00:00,Jason,Mthembu,Cape Town,Corporate,Online,Laptop,1.0,9719.16,0.2,69.43,0.15,7041.77,Back to School,Card,Completed,,9011.06,
ORD-0005799,C12631,2024-05-20 00:00:00,Nomsa,Naidoo,Bloemfontein,Consumer,Store,Docking Station,5.0,5025.1,0.2,54.21,0.15,3904.94,None,Card,Completed,Rep E,23169.65,
ORD-0004334,C10906,2024-10-02 00:00:00,Fatima,Molefe,Pretoria,Consumer,Store,Keyboard,1.0,1160.13,0.2,216.15,0.15,963.05,Back to School,Mobile Wallet,Pending,Rep D,1283.47,
ORD-0002334,C12471,2024-12-12 00:00:00,Siyanda,Mthembu,Durban,Small Business, online ,Tablet,2.0,6577.05,0.0,130.83,0.15,4264.72,New Customer,Card,Completed,,15258.05,
ORD-0004888,C12067,2024-12-09 00:00:00,Zanele,Mthembu, johannesburg ,Small Business,Online,Tablet,7.0,9161.13,0.2,139.64,0.15,7198.3,Payday Promo,Card,Completed,,59137.29,
ORD-0001146,C11278,2024-09-15 00:00:00,Daniel,Pillay,Cape Town,Consumer,Marketplace,Laptop,2.0,7731.13,0.03,79.27,0.15,6258.02,Payday Promo,Card,Cancelled,,17327.42,15462.26
ORD-0000640,C11197,2024-02-09 00:00:00,Ryan,Mthembu,Bloemfontein,Consumer,Phone,Keyboard,5.0,439.42,0.08,120.72,0.15,355.26,None,Card,Completed,,2445.24,
ORD-0004402,C11114,2025-06-10 00:00:00,Zanele,Molefe,Durban,Consumer,Online,Monitor,1.0,6338.28,0.1,77.09,0.14,3859.62,None,Card,Completed,,6580.16,
ORD-0003645,C10392,2025-12-12 00:00:00,Siyanda,Williams,Benoni,Consumer,Online,Office Chair,1.0,7121.11,0.15,70.15,0.15,4619.61,None,EFT,Completed,,7031.03,
ORD-0005498,C11636,2024-07-20 00:00:00,Mpho,Williams,Johannesburg,Corporate,Online,Webcam,3.0,514.05,,100.42,0.14,317.63,None,Card,Pending,,1858.47,
ORD-0005688,C11265,2025-03-22 00:00:00,Ryan,Botha,Durban,Small Business,Online,Printer,6.0,3269.43,0.1,25.96,0.15,2366.17,Back to School,Card,Pending,,20329.09,
ORD-0003580,C11598,2024-11-23 00:00:00,Priya,Dlamini,Durban,Small Business,Online,Mouse,2.0,569.78,0.08,134.49,0.15,387.62,None,Card,Completed,,1340.15,
ORD-0002954,C12623,2025-12-26 00:00:00,Daniel,Nkosi,Polokwane,Consumer,Online,Router,2.0,985.97,0.0,186.19,0.15,682.0,None,Card, cancelled ,,2453.93,
ORD-0005362,C10119,2025-06-09 00:00:00,Fatima,Patel,Johannesburg,Corporate,Marketplace,Monitor,4.0,6564.23,0.15,45.51,0.0,4605.64,None,Cash,Completed,,22363.88,
ORD-0001454,C12816,2025-05-22 00:00:00,Mpho,Patel,Johannesburg,Consumer,Store,Printer,2.0,2303.53,0.0,92.28,0.15,1737.06,None,Card,Completed,Rep E,5390.4,
ORD-0005402,C10326,2024-08-17 00:00:00,Mpho,Dlamini,Johannesburg,Small Business,Marketplace,Router,2.0,"R 2,103.42",0.03,61.22,0.15,1658.12,None,Card,Cancelled,,4753.96,
ORD-0005792,C12134,2024-08-19 00:00:00,Fatima,Pillay,Gqeberha,Consumer,Phone,Keyboard,1.0,1522.43,0.0,69.73,0.15,1116.66,None,Card,Completed,,1820.52,
ORD-0004001,C12134,2024-03-17 00:00:00,Siyanda,Mthembu,Benoni,Consumer,Online,Keyboard,2.0,1747.84,0.25,160.83,0.15,1241.68,None,EFT,Completed,,3175.85,
ORD-0000890,C11784,2024-11-14 00:00:00,Ryan,Molefe,Johannesburg,Corporate,Online,Keyboard,1.0,1762.55,0.15,212.0,15%,1053.24,None,Mobile Wallet,Cancelled,,1934.9,
ORD-0004091,C10732,2025-03-12 00:00:00,Thabo,Dlamini,Benoni,Consumer,Online,SSD,3.0,2726.46,0.15,58.65,0.15,1907.95,None,EFT,Returned,,8053.99,
ORD-0002538,C11039,2024-12-22 00:00:00,Lerato,Dlamini,Pretoria,Consumer,Online,Laptop,1.0,16372.0,0.05,95.55,0.15,10417.07,None,,Completed,,17981.96,
ORD-0001481,C11208,2024-09-01 00:00:00,Zanele,Naidoo,Johannesburg,Small Business,Online,Printer,1.0,5944.31,0.05,176.43,0.15,4433.48,Back to School,EFT,Completed,,6670.6,
ORD-0003922,C10388,2024-02-03 00:00:00,Nomsa,Pillay,Johannesburg,Consumer,Marketplace,Keyboard,4.0,1850.06,0.05,36.16,0.15,1222.94,Summer Sale,EFT,Pending,,8120.91,
ORD-0001514,C11786,2025-05-29 00:00:00,Fatima,Pillay,Johannesburg,Corporate,Store,Printer,1.0,5212.75,0.15,119.66,0.0,4450.42,Black Friday,Card,Pending,Rep D,4550.5,
ORD-0000654,C11037,2024-06-08 00:00:00,Jason,Mokoena,Johannesburg,Consumer,Marketplace,Office Chair,1.0,7830.28,0.2,89.69,0.15,4563.4,Payday Promo,Card,Completed,,7293.55,
ORD-0003407,C12030,2025-04-13 00:00:00,Chloe,Khumalo,Cape Town,Consumer,Online,Router,2.0,2498.98,0.15,154.12,0.15,1855.6,None,Mobile Wallet,Completed,,5039.63,
ORD-0003373,C10318,2024-03-06 00:00:00,Kabelo,Molefe,Benoni,Consumer,Store,Mouse,1.0,977.66,0.0,135.51,0.15,599.79,None,EFT,Completed,Rep A,1259.82,
ORD-0000631,C10737,2025-05-17 00:00:00,Thabo,Nkosi,Nelspruit,Corporate,Online,Router,1.0,2925.77,0.15,67.41,0.15,2343.36,None,Card,Completed,,2927.34,
ORD-0002923,C10296,2025-07-08 00:00:00,Naledi,Dlamini,Polokwane,Consumer,Online,Tablet,6.0,3136.97,0.1,110.4,0.15,2517.18, clearance ,Mobile Wallet,Cancelled,,19591.01,
ORD-0004990,C10309,2025-10-21 00:00:00,Chloe,Williams,Cape Town,Consumer,Phone,Office Chair,3.0,7120.66,0.0,132.6,0.15,4659.15,None,Card,Completed,,24698.89,21361.98
ORD-0005205,C12070,2024-11-24 00:00:00,Zanele,Nkosi,Benoni,Corporate,Online,Laptop,2.0,12642.03,0.1,172.74,0.15,7954.42,None,Card,Pending,,26341.75,
ORD-0001804,C12029,2024-11-15 00:00:00,Megan,Mokoena,Johannesburg,Consumer, marketplace ,Mouse,2.0,1304.21,0.08,96.61,0.15,1090.07,None,EFT,Completed,,2856.31,
ORD-0004875,C11340,2024-07-09 00:00:00,Naledi,Botha,Benoni,Consumer,Online,Keyboard,2.0,1395.93,0.0,184.05,0.15,829.55,None,Cash,Completed,,3394.68,
ORD-0000786,C10169,2024-12-12 00:00:00,Lerato,Smith,Bloemfontein,Consumer,Online,Office Chair,5.0,3221.3,0.0,60.02,0.15,1983.36,Clearance,mobile wallet,Completed,,18582.5,
ORD-0004817,C11994,2025-07-14 00:00:00,Siyanda,Molefe,Nelspruit,Consumer,Online,Keyboard,6.0,1445.7,0.25,0.01,0.15,871.34,Payday Promo,Card,Completed,,7481.5,
ORD-0003061,C11433,2024-02-13 00:00:00,Aisha,Mthembu,Johannesburg,Corporate,Online,Headset,5.0,1960.0,0.0,72.25,0.15,1431.61,None,Card,Pending,,11342.26,
ORD-0003278,C10461,2025-08-25 00:00:00,Chloe,Naidoo,Pretoria,Small Business,Online,SSD,3.0,996.35,0.0,94.58,0.15,806.11,Back to School,Mobile Wallet,Completed,,3531.98,
ORD-0001104,C11540,2025-10-20 00:00:00,Naledi,Botha,Pretoria,Consumer,Online,SSD,3.0,933.27,0.15,56.51,0.15,647.37,Clearance,Card,Pending,,2793.32,
ORD-0004663,C12522,2024-10-31 00:00:00,Naledi,Pillay,Polokwane,Consumer,Online,Keyboard,1.0,1219.39,0.0,198.51,0.15,760.72,None,Card,Completed,,1600.8,
ORD-0003514,C12808,2024-08-02 00:00:00,Nomsa,Pillay,Johannesburg,Corporate,Phone,Printer,2.0,4780.28,0.15,72.94,0.15,3751.23,Payday Promo,Card,Cancelled,,9418.39,
ORD-0001165,C11114,2024-04-30 00:00:00,Kabelo,Dlamini,Gqeberha,Consumer,Online,Tablet,1.0,6758.25,0.0,187.21,0.15,5278.08,None,Card,Cancelled,,7959.2,
ORD-0001612,C11532,2024-05-06 00:00:00,Daniel,Molefe,Pretoria,Small Business,Marketplace,Headset,6.0,605.61,0.0,40.29,0.15,373.45,None,Card,Pending,,4218.97,
ORD-0005504,C10632,2024-06-05 00:00:00,Thabo,Williams,Benoni,Consumer,Phone,Webcam,1.0,1984.81,0.1,69.59,0.15,1362.1,Clearance,Cash,Completed,,2123.86,
ORD-0004665,C10595,2025-09-22 00:00:00,Priya,Mthembu,Durban, consumer ,Phone,Headset,6.0,1097.53,0.0,87.85,,671.22,None,Card,Completed,,7660.77,
ORD-0002038,C10066,2024-05-17 00:00:00,Priya,Khumalo,Durban,Corporate,Online,Mouse,2.0,R 691.68,0.03,96.43,0.0,549.24,New Customer,EFT,Completed,,813.9,
ORD-0000826,C11224,2024-06-26 00:00:00,Fatima,Naidoo,Durban,Consumer,Online,Keyboard,8.0,904.46,0.1,50.83,0.15,581.06,Payday Promo,Bank Transfer,Completed,,7539.77,
ORD-0000096,C10884,2025-05-12 00:00:00,Andile,Dlamini,Cape town,Corporate,Online,Docking Station,4.0,4756.51,0.2,68.0,0.15,3339.41,Payday Promo,Cash,Cancelled,,17571.96,
ORD-0001352,C12976,2024-10-27 00:00:00,Thabo,Nkosi,Benoni,Consumer,Marketplace,Laptop,3.0,13306.08,0.0,20.88,0.0,11069.63,None,Mobile Wallet,Completed,,39939.12,
ORD-0004319,C12606,2024-08-24 00:00:00,Aisha,Smith,Pretoria,Consumer,Online,Tablet,1.0,2926.21,0.1,132.78,0.15,1703.11,None,EFT,Returned,,3161.41,
ORD-0001143,C10897,2025-03-13 00:00:00,Andile,Patel,Durban,Corporate,Online,Mouse,1.0,1253.71,0.2,144.78,0.15,840.88,New Customer,Card,Cancelled,,1298.19,
ORD-0003245,C12827,2024-11-22 00:00:00,Daniel,Patel,Durban,Consumer,Marketplace,Monitor,2.0,8347.98,0.2,206.06,0.15,6439.71,None,Bank Transfer,Pending,,15566.34,
ORD-0002090,C11206,2024-06-14 00:00:00,Naledi,Mokoena,Pretoria,Consumer,Online,Laptop,3.0,16369.01,0.1,140.17,0.15,13526.92,None,EFT,Pending,,50965.95,
ORD-0000900,C10588,2024-02-24 00:00:00,Daniel,Mthembu,Johannesburg,Corporate,Marketplace,Laptop,4.0,10645.66,0.0,95.7,0.15,8862.31,Black Friday,Mobile Wallet,Completed,,49065.76,
ORD-0000250,C10171,2025-07-31 00:00:00,Fatima,Mokoena,Nelspruit,Small Business,Store,Printer,3.0,5297.25,0.0,68.96,0.0,3772.89,None,Card,Pending,Rep E,15960.71,
ORD-0003797,C12342,2025-04-11 00:00:00,Ryan,Smith,Durban,Small Business,Marketplace,Headset,6.0,703.8,0.15,124.33,0.15,456.83,None,Card,Returned,,4252.11,
ORD-0004558,C12830,2025-09-28 00:00:00,Priya,Molefe,Durban,Consumer,Phone,Monitor,1.0,7872.85,0.05,216.62,0.15,5485.69,Back to School,Cash,Completed,,8817.71,
ORD-0002683,C11213,2024-12-23 00:00:00,Priya,Khumalo,Polokwane,Small Business,Store,Mouse,3.0,554.99,0.1,70.91,0.15,362.83,Back to School,Bank Transfer,Completed,Rep B,1794.15,
ORD-0005383,C10808,2025-11-19 00:00:00,Mpho,Pillay,Pretoria,Consumer,Phone,Laptop,4.0,21837.2,0.08,8.18,0.15,13924.56,New Customer,Card,Pending,,92423.23,
ORD-0002232,C10277,2024-11-23 00:00:00,Andile,Pillay,Durban,Consumer,Phone,Monitor,2.0,6323.04,0.25,200.98,0.15,4369.34,New Customer,Cash,Completed,,11108.23,
ORD-0005359,C11847,2025-04-11 00:00:00,Mpho,Mokoena,Benoni,Corporate,Online,Docking Station,2.0,1573.62,0.1,211.27,0.15,1005.08,None,EFT,Completed,,3468.66,
ORD-0003957,C10860,2025-11-05 00:00:00,Thabo,Smith,Benoni,Consumer,Store,Keyboard,3.0,513.0,0.0,128.29,0.15,411.37,,Card,Completed,Rep E,1898.12,1539.0
ORD-0002342,C12403,2024-10-14 00:00:00,Chloe,,Cape Town,Consumer,Online,Keyboard,3.0,2038.85,0.15,74.84,0.15,1298.75,Clearance,Bank Transfer,Returned,,6053.76,
ORD-0000492,C10652,2025-02-06 00:00:00,Priya,Molefe,Johannesburg,Consumer, marketplace ,Tablet,1.0,9520.65,0.08,48.76,0.15,8017.69,New Customer,Card,Returned,,10121.61,
ORD-0003232,C12985,2024-03-17 00:00:00,Naledi,Molefe,Johannesburg,Consumer,Online,Headset,1.0,1813.2,0.08,37.01,0.15,1535.0,None,EFT,Completed,,1955.38,
ORD-0002776,C10366,2025-06-10 00:00:00,Mpho,Dlamini,Johannesburg,Consumer,Phone,Webcam,5.0,850.95,0.05,140.99,0.15,643.6,None,EFT,Pending,,4789.28,
ORD-0002973,C10146,2025-07-17 00:00:00,Lerato,Khumalo,Polokwane,Consumer,Online,Router,3.0,3182.52,0.15,35.92,0.15,2034.06,None,Card,Completed,,9368.66,
ORD-0004220,C10876,2025-06-04 00:00:00,Naledi,Nkosi,Durban,Consumer,Phone,Keyboard,10.0,1470.01,0.03,42.33,0.15,907.31,Back to School,Mobile Wallet,Completed,,16440.26,
ORD-0002333,C12596,2024-07-29 00:00:00,Chloe,Naidoo,Cape Town,Consumer,Store,Headset,1.0,1278.82,0.1,190.59,0.14,884.02,Payday Promo,EFT, completed ,Rep D,1502.66,
ORD-0001562,C12636,2024-11-06 00:00:00,Megan,Khumalo,Cape Town,Consumer,Online,Mouse,2.0,717.23,0.15,214.14,0.0,474.21,None,Bank Transfer,Pending,,1433.43,
ORD-0001150,C12429,2024-03-14 00:00:00,Fatima,Naidoo,Durban,Small Business,Online,Laptop,3.0,15974.32,0.05,29.52,0.0,12891.3,Black Friday,EFT,Returned,,45556.34,
ORD-0003919,C11165,2024-05-11 00:00:00,Priya,Naidoo,Johannesburg,Consumer,Store,Tablet,4.0,9291.91,0.25,78.71,0.15,6239.01,None,Card,Completed,Rep E,32135.8,
ORD-0004658,C12712,2025-04-07 00:00:00,Lerato,Dlamini,Durban,Consumer,Store,SSD,4.0,4079.11,0.03,42.94,0.15,3253.93,New Customer,Mobile Wallet,Completed,Rep C,18243.91,
ORD-0001698,C12677,2024-11-01 00:00:00,Kabelo,Khumalo,Durban,Corporate,Phone,Office Chair,4.0,8944.12,0.1,33.19,0.15,5753.73,None,EFT,Pending,,37061.85,
ORD-0002155,C10421,2024-09-15 00:00:00,Jason,Patel,Benoni,Small Business,Online,Laptop,5.0,8402.4,0.08,4.64,0.15,5819.98,None,EFT,Pending,,44453.34,
ORD-0000696,C10253,2024-12-05 00:00:00,Siyanda,Botha,Bloemfontein,Small Business,Store,,1.0,603.49,0.0,203.53,0.14,421.06,None,Card,Pending,Rep A,891.51,
ORD-0003525,C11722,2025-04-18 00:00:00,Siyanda,Smith,Johannesburg,Consumer,Online,Mouse,7.0,1174.59,0.08,18.36,0.14,874.85,None,Cash,Completed,,8641.73,
ORD-0001951,C11868,2025-08-18 00:00:00,Naledi,Patel,Pretoria,Corporate, online ,Laptop,1.0,13217.84,0.1,45.63,0.15,10252.05,Clearance,Card,Completed,,13726.08,
ORD-0004789,C10754,2024-12-12 00:00:00,Jason,Pillay,Johannesburg,Consumer,Marketplace,Laptop,4.0,8560.59,0.0,51.76,0.15,6016.92,None,Card,Completed,,39430.46,
ORD-0002109,C10209,2024-09-22 00:00:00,Naledi,Pillay,Johannesburg,Consumer,Online,SSD,1.0,2163.01,0.15,60.72,0.15,1745.62,New Customer,Bank Transfer,Completed,,2175.07,
ORD-0002299,C11662,2025-10-29 00:00:00,Naledi,Smith,Durban,Corporate,Online,Laptop,1.0,12604.1,0.05,65.23,0.15,7958.9, clearance ,Card,Completed,,13835.21,
ORD-0002203,C11746,2024-08-27 00:00:00,Megan,Williams,Gqeberha,Consumer,Marketplace,Monitor,2.0,5085.17,0.0,183.49,0.15,2994.55,None,Bank Transfer,Completed,,11879.38,
ORD-0002020,C11077,2025-12-12 00:00:00,Zanele,Patel,Cape Town,Consumer,Online,Mouse,1.0,349.89,0.1,40.84,0.14,274.17,None,Card,Cancelled,,399.82,
ORD-0004916,C11403,2025-06-02 00:00:00,Ryan,Pillay,Gqeberha,Consumer,Online,SSD,6.0,2088.18,0.15,5.9,15%,1367.17,None,EFT,Pending,,12253.07,
ORD-0005039,C10094,2024-10-02 00:00:00,Priya,Patel,Johannesburg,Small Business,Online,Monitor,2.0,2475.13,0.0,82.07,0.15,1918.09,None,Card,Completed,,5774.86,
ORD-0005408,C12631,2025-05-15 00:00:00,Chloe,Pillay,Durban,Small Business,Store,Monitor,6.0,5131.33,0.0,95.11,0.15,3009.61,New Customer,EFT,Completed,Rep C,35501.32,
ORD-0000358,C12942,2025-12-02 00:00:00,Priya,Khumalo,Pretoria,Consumer,Marketplace,Mouse,2.0,174.56,0.2,78.91,0.15,139.43,None,Card,Completed,,400.1,
ORD-0004903,C11682,2025-11-25 00:00:00,Fatima,Dlamini,Gqeberha,Corporate,Online,Monitor,1.0,4828.04,0.0,168.93,0.15,2992.28,Black Friday,Card,Completed,,5721.18,
ORD-0001559,C11549,2025-09-11 00:00:00,Aisha,Naidoo,Durban,Consumer,Marketplace,Keyboard,3.0,1798.58,0.03,36.81,0.15,1442.79,None,Card,Returned,,6055.75,
ORD-0000311,C10988,2024-02-02 00:00:00,Jason,Botha,Benoni,Corporate,Store,Tablet,2.0,10541.1,0.0,88.61,0.15,6429.12,None,EFT Transfer,Returned,Rep E,24333.14,
ORD-0001308,C11967,2024-01-27 00:00:00,Priya,Mokoena,Nelspruit,Small Business,Online,Docking Station,2.0,2694.69,0.08,50.56,0.15,1886.95,Payday Promo,Mobile Wallet,Completed,,5752.51,
ORD-0003320,C10136,2025-01-06 00:00:00,Megan,Pillay,Johannesburg,Consumer,Online,Mouse,2.0,585.72,0.0,200.37,0.15,358.48,New Customer,Card,Pending,,1547.53,
ORD-0000128,C11575,2025-02-14 00:00:00,Jason,Khumalo,Johannesburg,Corporate,Online,Mouse,1.0,1202.58,0.0,190.72,0.15,1012.91,Back to School,Mobile Wallet,Completed,,1573.69,
ORD-0005291,C11552,2025-03-20 00:00:00,Nomsa,Williams,Benoni,Consumer,Online,Mouse,1.0,1244.4,0.1,76.36,0.15,909.64,None,Bank Transfer,Pending,,1364.31,
ORD-0000104,C10377,2024-09-08 00:00:00,Kabelo,,Cape Town,Corporate,Phone,Tablet,6.0,3337.32,0.08,120.97,0.15,1952.6,Summer Sale,EFT,Pending,,28443.84,
ORD-0000660,C12675,2024-12-31 00:00:00,Thabo,Molefe,Pretoria,Consumer,Online,Headset,5.0,950.94,0.15,123.27,0.15,551.69,Payday Promo,Card,Completed,,5564.14,4754.7
ORD-0003687,C12207,2025-10-31 00:00:00,Lerato,Williams,Nelspruit,Corporate,Online,Monitor,2.0,6223.9,0.05,162.51,0.15,4455.82,None,Mobile Wallet,Completed,,13761.73,
ORD-0003566,C10287,2025-09-13 00:00:00,Siyanda,Khumalo,Cape Town,SMB,Phone,Mouse,2.0,1128.89,0.15,83.48,0.15,917.96,None,Bank Transfer, completed ,,2290.46,
ORD-0004003,C11922,2025-07-26 00:00:00,Kabelo,Smith,JHB,Consumer,Marketplace,Mouse,1.0,1341.92,0.2,53.93,0.15,970.71, new customer ,Mobile Wallet,Completed,,1288.49,
ORD-0004753,C11064,2024-06-09 00:00:00,Mpho,Khumalo,Durban,Consumer,Store,Tablet,1.0,9600.58,0.1,41.16,0.0,6645.81,Back to School,Card,Returned,Rep B,8681.69,
ORD-0001531,C11540,2024-04-28 00:00:00,Lerato,Patel,Bloemfontein,Small Business,Store,Mouse,1.0,521.0,0.2,128.96,0.15,443.43,None,EFT,Cancelled,Rep D,608.28,
ORD-0002713,C11501,2025-12-20 00:00:00,Megan,Naidoo,Benoni,Consumer,Phone,Mouse,1.0,1250.37,0.0,155.82,0.15,974.16,Black Friday,Card,Completed,,1593.74,
ORD-0004230,C12084,2025-12-13 00:00:00,Mpho,Naidoo,Durban,Corporate,Store,Headset,2.0,973.55,0.25,66.33,0.15,622.87,None,EFT,Pending,Rep D,1745.7,
ORD-0004140,C11457,2024-01-11 00:00:00,Kabelo,Nkosi,Johannesburg,Consumer,Online,Printer,1.0,3307.98,0.1,102.07,0.15,2714.23,None,Card,Completed,,3525.83,
ORD-0003980,C10630,2025-05-20 00:00:00,Sipho,Khumalo,Cape Town,Consumer,Online,Laptop,2.0,7752.92,0.2,180.43,0.0,4914.36,New Customer,Card,Pending,,12585.1,
ORD-0004010,C11301,2025-12-04 00:00:00,Ryan,Mokoena,Pretoria,Consumer,Online,SSD,4.0,3748.88,0.1,47.26,0.15,2798.22,None,Card,Returned,,15567.63,
ORD-0004317,C12482,2025-11-26 00:00:00,Mpho,Mokoena,Nelspruit,Consumer,Marketplace,Laptop,6.0,8048.07,0.0,51.45,0.15,5933.91,New Customer,Card,Completed,,55583.14,
ORD-0002262,C12417,2024-06-25 00:00:00,Naledi,Smith,Cape Town,Small Business,Phone,Docking Station,1.0,3418.86,0.1,158.19,0.15,1997.28,Summer Sale,Card,Completed,,3696.7,
ORD-0005648,C11194,2024-05-23 00:00:00,Mpho,Khumalo,Pretoria,Consumer,Phone,Docking Station,4.0,5103.46,0.05,123.48,0.15,3940.27,None,,Completed,,22425.59,
ORD-0001741,C12843,2025-05-27 00:00:00,Megan,Pillay,Durban,Consumer,Online,Keyboard,1.0,1876.42,0.08,67.24,0.15,1464.15,New Customer,Mobile Wallet,Returned,,2052.49,
ORD-0003401,C12467,2024-05-16 00:00:00,Fatima,Pillay,Nelspruit,Corporate,Marketplace,Printer,1.0,5457.95,0.05,54.68,0.15,4049.55,Summer Sale,Card,Cancelled,,6017.49,
ORD-0004029,C10610,2024-05-07 00:00:00,Jason,Naidoo,Johannesburg,Small Business,Phone,Laptop,1.0,17778.07,0.08,34.31,0.15,12469.09,New Customer,Card,Completed,,18843.5,
ORD-0003421,C12883,2025-01-25 00:00:00,Jason,Khumalo,Cape Town,Corporate,Online,Webcam,3.0,989.59,,4.21,0.15,702.14,None,Mobile Wallet,Pending,,2906.18,
ORD-0005149,C11643,2025-04-19 00:00:00,Megan,Pillay,Bloemfontein,Corporate,Online,Tablet,1.0,5047.88,,201.19,0.14,3316.06,None,Card,Completed,,5955.77,
ORD-0001004,C11794,2025-08-23 00:00:00,Kabelo,Nkosi,Durban,Consumer,Online,Printer,3.0,2295.81,0.25,14.53,0.15,1354.05,Black Friday,Card,Completed,,5954.94,
ORD-0001389,C10640,2025-01-29 00:00:00,Zanele,Williams,Johannesburg,Consumer,Online,Headset,4.0,1542.27,0.05,15.83,0.15,1084.24,,Cash,Pending,,4090.27,
ORD-0002496,C12499,2025-05-03 00:00:00,Daniel,Mokoena,Durban,SMB,Phone,Laptop,1.0,9407.13,0.1,176.42,0.15,6979.5,None,Bank Transfer,Completed,,9912.8,
ORD-0005584,C10696,2024-05-24 00:00:00,Aisha,Botha,Cape Town,Corporate,Online,Laptop,2.0,13170.15,0.0,61.53,0.15,9353.0,New Customer,Cash,Pending,,30352.86,
ORD-0005115,C12539,2025-01-15 00:00:00,Andile,Smith,Durban,Consumer,Phone,Laptop,2.0,21304.67,0.1,133.98,0.15,18253.02,None,Card,Completed,,44234.66,
ORD-0002042,C10850,2024-11-08 00:00:00,Chloe,Nkosi,Johannesburg,Corporate,Online,Laptop,2.0,17158.92,0.1,60.55,0.15,10774.99,Summer Sale,Card,Returned,,35579.52,
ORD-0001184,C10506,2025-08-15 00:00:00,Megan,Khumalo,Bloemfontein,Consumer,Marketplace, laptop ,2.0,18930.52,0.0,125.78,0.15,15540.99,Clearance,Mobile Wallet,Returned,,43665.99,
ORD-0004462,C10428,2025-05-10 00:00:00,Fatima,Molefe,Nelspruit,Consumer,Marketplace,Tablet,1.0,6281.08,0.2,64.32,0.15,4694.53,None,Card,Completed,,5842.91,
ORD-0002864,C12330,2025-07-19 00:00:00,Lerato,Dlamini,Benoni,Consumer,Online,Printer,2.0,4806.77,0.05,140.84,0.15,3789.15,New Customer,Card,Returned,,10643.63,
ORD-0005770,C10282,2024-09-19 00:00:00,Megan,Smith,Gqeberha,Consumer,Store,Tablet,4.0,7166.09,0.0,106.77,0.15,5672.9,None,EFT,Completed,Rep E,33070.78,
ORD-0001839,C12996,2024-09-28 00:00:00,Ryan,Pillay, gqeberha ,Small Business,Phone,Monitor,1.0,7954.7,0.03,52.52,0.15,6078.43,Back to School,Mobile Wallet,Cancelled,,8925.99,
ORD-0001917,C11812,2024-04-07 00:00:00,Ryan,Molefe,Cape Town,Corporate,Marketplace,Headset,7.0,1327.04,0.03,9.71,0.15,831.96,New Customer,Mobile Wallet,Pending,,10371.93,
ORD-0001495,C11904,2024-12-24 00:00:00,Aisha,Patel,Polokwane,Consumer,Store,Docking Station,1.0,4928.09,0.15,37.8,0.15,3614.99,Payday Promo,Bank Transfer,Completed,Rep B,4855.0,
ORD-0003855,C10033,2025-02-26 00:00:00,Chloe,Mthembu,Johannesburg,Small Business,Online,Laptop,1.0,15221.38,0.03,198.67,0.15,10081.36,Back to School,Card,Completed,,17178.12,
ORD-0001151,C10722,2024-01-14 00:00:00,Sipho,Patel,Pretoria,Consumer,Online, monitor ,2.0,4570.98,0.2,129.51,0.15,3072.71,Back to School,Card,Cancelled,,8540.1,
ORD-0001285,C12202,2025-09-13 00:00:00,Siyanda,Pillay,Benoni,Consumer,Phone,Keyboard,1.0,411.09,0.2,48.0,0.15,239.74,Clearance,Mobile Wallet,Pending,,426.2,
ORD-0001599,C11032,2024-09-11 00:00:00,Daniel,Williams,Nelspruit,Small Business,Online,Laptop,3.0,15483.38,0.0,26.73,0.15,9278.46,None,Mobile Wallet,Completed,,53444.39,
ORD-0005339,UNKNOWN-14,2025-08-14 00:00:00,Mpho,Pillay,Johannesburg,Small Business,Marketplace,Headset,1.0,2484.39,0.2,101.39,0.15,1846.65,None,EFT,Pending,,2387.03,
ORD-0001314,C10794,2024-09-21 00:00:00,Megan,Smith,Johannesburg,Consumer,Marketplace,Router,2.0,3358.98,0.0,82.65,0.15,2622.59,Black Friday,Card,Completed,,7808.3,
ORD-0005639,C12931,2024-01-12 00:00:00,Megan,Smith,Johannesburg,Consumer,Online,Laptop,10.0,15900.54,0.05,,0.15,12137.01,Clearance,Bank Transfer,Returned,,173719.19,
ORD-0001959,C10957,2024-12-24 00:00:00,Mpho,Mokoena,Benoni,Consumer,Store,Mouse,4.0,R 578.93,0.05,104.34,0.15,390.17,None,Card,Pending,Rep E,2634.26,
ORD-0003171,C10488,2025-01-20 00:00:00,Sipho,Molefe,Nelspruit,Consumer,Online,Laptop,3.0,21536.81,0.1,56.48,0.15,13131.26,None,EFT,Cancelled,,66928.28,
ORD-0004579,C12707,2025-06-07 00:00:00,Mpho,Nkosi,Johannesburg,Small Business,Online,Monitor,1.0,3551.11,0.08,114.0,0.15,2683.13,None,EFT,Completed,,3871.07,
ORD-0002595,C11206,2025-12-12 00:00:00,Lerato,Khumalo,Durban,Consumer,Online,Keyboard,5.0,1283.54,0.03,52.43,0.15,819.57,None,Card,Completed,,7211.35,
ORD-0002128,C10025,2024-08-26 00:00:00,Daniel,Mokoena,Bloemfontein,Consumer,Online,Monitor,7.0,8103.25,0.0,31.63,0.15,6805.33,New Customer,Cash,Completed,,65262.82,
ORD-0005820,C12737,2024-02-23 00:00:00,Naledi,Pillay,Pretoria,Corporate,Online,Keyboard,2.0,355.98,0.0,54.97,0.15,238.55,Back to School,Card, pending ,,873.73,
ORD-0005298,C11117,2025-12-30 00:00:00,Ryan,Patel,Cape Town,Consumer,Online,Laptop,2.0,13543.47,0.05,50.76,0.15,11595.8,None,Card,Completed,,29643.24,
ORD-0000903,C10594,2025-09-01 00:00:00,Priya,Mokoena,Cape Town,Consumer,Online,Keyboard,3.0,2190.33,0.0,20.7,0.15,1327.46,None,Card,Completed,,7577.32,
ORD-0004819,C10841,2025-11-17 00:00:00,Megan,Botha,Gqeberha,Small Business,Online,Webcam,1.0,1152.4,0.0,180.67,0.14,854.12,Black Friday, card ,Completed,,1494.4,
ORD-0001779,C12796,2025-02-24 00:00:00,Andile,Mthembu,Pretoria,Small Business,Store,Tablet,2.0,5408.21,0.08,32.03,0.15,4109.61,None,,Pending,Rep E,11475.8,
ORD-0003017,C10030,2025-06-25 00:00:00,Sipho,Patel,Gqeberha,Consumer,Store,Router,6.0,1662.66,0.1,48.72,0.15,1111.07,None,Mobile Wallet,Cancelled,Rep E,7085.29,
ORD-0001364,C10749,2024-05-10 00:00:00,Zanele,Nkosi,Durban,Consumer,Online,Headset,1.0,637.2,0.1,211.35,0.15,379.47,Back to School,Bank Transfer,Cancelled,,870.86,
ORD-0002180,C12926,2025-03-10 00:00:00,Priya,Nkosi,Cape Town,Consumer,Online,Headset,3.0,2384.5,0.1,93.71,0.15,1834.08,Payday Promo,Mobile Wallet,Completed,,7497.58,
ORD-0004016,C11715,08 Jul 2024,Daniel,Mthembu,Benoni,Corporate,Marketplace,Webcam,3.0,1961.59,0.1,122.6,0.15,1276.95,Payday Promo,EFT,Returned,,6213.35,
ORD-0005594,C10196,2025-02-01 00:00:00,Megan,Botha,Pretoria,Corporate,Phone,Monitor,1.0,5233.19,0.2,141.14,0.15,3809.67,None,EFT,Completed,,4955.67,
ORD-0000650,C12638,2025-04-24 00:00:00,Aisha,Dlamini,Durban,Consumer,Online,Monitor,3.0,3920.61,0.15,77.17,0.0,3046.21,None,Bank transfer,Completed,,10074.72,
ORD-0004424,C12827,2024-07-23 00:00:00,Megan,Nkosi,Pretoria,Consumer,Store,Printer,6.0,5733.23,0.0,85.73,0.15,3953.17,None,Mobile Wallet,Completed,Rep A,39645.03,
ORD-0002273,C12546,2024-02-16 00:00:00,Siyanda,Williams,Johannesburg,Corporate,Online,Headset,2.0,2482.49,0.1,157.55,0.15,1704.73,None,Cash,Cancelled,,5296.31,
ORD-0003849,C12818,2025-02-24 00:00:00,Chloe,Pillay,Nelspruit,Consumer,Store,Laptop,4.0,21219.94,0.1,65.17,0.15,17156.14,None,Mobile Wallet,Completed,Rep E,87915.73,84879.76
ORD-0005271,C10372,2025-12-23 00:00:00,Sipho,Mthembu,Cape Town,Corporate,Marketplace,Webcam,1.0,2237.07,0.2,35.85,0.15,1312.25,None,Mobile Wallet,Completed,,2093.95,
ORD-0000752,C10140,2025-06-29 00:00:00,Fatima,Dlamini,Johannesburg,Consumer,Online,Headset,1.0,2649.01,0.1,191.37,0.15,1783.96,New Customer,EFT,Pending,,2933.1,
ORD-0001126,C11226,2024-12-17 00:00:00,Sipho,Patel,Bloemfontein,Corporate,Online,Laptop,10.0,19095.55,0.05,80.58,0.15,14949.67,Back to School,EFT,Pending,,208699.52,
ORD-0004884,C11547,2025-02-23 00:00:00,Sipho,Smith,Benoni,Corporate,Online,Mouse,1.0,844.23,0.03,170.31,0.15,721.39,None,Card,Completed,,1112.05,
ORD-0004036,C10462,2025-08-30 00:00:00,Mpho,Mthembu,Gqeberha,Corporate,Online,Office Chair,1.0,6449.8,0.25,152.23,0.15,5238.82,None,EFT,Completed,,5715.18,
ORD-0003133,C11163,2024-08-30 00:00:00,Chloe,Pillay,Pretoria,Small Business,Online,Monitor,6.0,2196.27,0.08,141.57,0.0,1595.14,None,Card,Cancelled,,12264.99,
ORD-0000301,C12460,2025-09-10 00:00:00,Chloe,Dlamini,Johannesburg,Small Business,Store,Laptop,2.0,17819.32,0.08,75.9,0.15,11585.3,None,EFT,Completed,Rep E,37781.58,
ORD-0004357,C11645,2025-04-26 00:00:00,Nomsa,Dlamini,Johannesburg,Consumer,Marketplace,Keyboard,2.0,1368.77,0.2,159.24,0.15,1028.05,Black Friday,Mobile Wallet,Returned,,2677.78,
ORD-0002272,C10362,2025-10-12 00:00:00,Fatima,Mthembu,Durban,Consumer,Phone,SSD,1.0,3690.96,0.0,30.6,0.0,2478.11,Black Friday,EFT,Completed,,3721.55,
ORD-0002305,C10225,2024-05-09 00:00:00,Megan,Nkosi,Johannesburg,Consumer,Online,Laptop,7.0,16119.79,0.05,142.41,0.15,12318.65,Back to School,Card,Completed,,123418.54,
ORD-0001080,C10762,2024-08-11 00:00:00,Chloe,Williams,Durban,Consumer,Phone,SSD,2.0,3029.02,0.0,154.35,0.15,1865.4,Back to School,Card,Completed,,7121.11,
ORD-0005888,C10461,2024-11-26 00:00:00,Andile,Mthembu,Pretoria,Small Business,Store,Laptop,2.0,21986.0,0.25,102.25,0.15,14935.7,None,Card,Completed,Rep E,38028.11,
ORD-0000480,C10538,2024-04-29 00:00:00,Nomsa,Pillay,Gqeberha,Corporate,Online,Headset,3.0,1579.88,0.2,31.8,0.0,1151.75,Payday Promo,Mobile Wallet,Cancelled,,3823.5,
ORD-0003360,C11049,2025-10-15 00:00:00,Andile,Mthembu,Johannesburg,SMB,Online,Office Chair,5.0,2796.4,0.03,74.57,0.15,2211.24,None, mobile wallet ,Completed,,15671.48,
ORD-0000609,C11616,2025-08-15 00:00:00,Kabelo,Smith,Bloemfontein,Consumer,Store,Mouse,1.0,924.75,0.0,197.25,0.15,735.28,Clearance,EFT,Cancelled,Rep D,1260.71,
ORD-0001340,C10943,2025-02-16 00:00:00,Aisha,Dlamini,Benoni,Corporate,Phone, monitor ,3.0,7372.65,0.0,67.92,0.15,4895.3,,Cash,Completed,,25503.56,
ORD-0003260,C11722,2024-06-20 00:00:00,Thabo,Smith,Cape Town,Consumer,Online,Webcam,2.0,2143.97,0.0,198.13,0.15,1647.94,Payday Promo,EFT,Completed,,5129.25,
ORD-0005977,C10623,2024-10-30 00:00:00,Naledi,Mthembu,Polokwane,,Marketplace,Keyboard,2.0,679.11,0.2,186.0,0.15,450.27,None,Card,Pending,,1435.56,
ORD-0000513,C10116,2025-12-04 00:00:00,Nomsa,Patel,Benoni,Consumer,Online,Webcam,3.0,1450.98,0.05,134.73,0.15,1096.86,New Customer,EFT,Returned,,4890.31,
ORD-0002968,C10936,2024-02-08 00:00:00,Mpho,Pillay,Johannesburg,Small Business,Online,Tablet,4.0,9703.67,0.05,102.16,0.15,7414.87,None,Card,Completed,,42507.21,
ORD-0002460,C11558,2024-08-12 00:00:00,Sipho,,Benoni,Consumer,Marketplace,Mouse,1.0,160.64,20%,218.79,0.15,133.26,Back to School,,Pending,,366.57,
ORD-0001436,C11329,2025-06-07 00:00:00,Nomsa,Patel,Benoni,Consumer,Online,SSD,1.0,3485.88,0.1,103.86,0.15,2116.14,New Customer,Card,Cancelled,,3711.75,
ORD-0001900,C10318,2024-05-31 00:00:00,Ryan,Smith,Nelspruit,Consumer,Marketplace,Printer,4.0,3861.48,0.1,21.76,0.15,2344.93,None,Cash,Returned,,16008.27,
ORD-0001401,C10962,2025-09-26 00:00:00,Aisha,Molefe,Benoni,Corporate,Marketplace,Monitor,5.0,2386.06,0.1,102.57,0.15,1482.44,None,Bank Transfer,Pending,,12450.43,
ORD-0002311,C12949,2025-03-30 00:00:00,Jason,Botha,Nelspruit,Consumer,Online,Keyboard,2.0,1141.17,0.15,78.08,0.15,866.82,None,Card,Completed,,2309.06,
ORD-0003912,C11386,2025-02-04 00:00:00,Ryan,Botha,Pretoria,Consumer,Phone,Keyboard,2.0,856.68,0.1,149.4,0.15,539.97,None,EFT,Completed,,2198.28,
ORD-0003731,C11251,2024-05-09 00:00:00,Ryan,Mthembu,Pretoria,Consumer,Phone,Monitor,1.0,3099.49,0.15,96.96,0.15,2101.13,Payday Promo,Card,Completed,,3126.71,
ORD-0004261,C11259,2024-04-18 00:00:00,Lerato,Smith,Pretoria,Corporate,Online,Mouse,4.0,868.45,0.15,24.56,0.15,506.32,Payday Promo,EFT,Completed,,3420.22,
ORD-0002885,C10902,2024-12-07 00:00:00,Jason,Molefe,Johannesburg,Small Business,Online,Laptop,3.0,18556.8,0.08,120.8,0.15,11460.18,None,Mobile Wallet,Completed,,59020.09,
ORD-0004921,C12330,2025-10-21 00:00:00,Megan,Patel,Polokwane,Corporate,Marketplace,Tablet,8.0,9750.73,0.0,51.74,0.15,7965.86,Summer Sale,Cash,Pending,,89758.43,
ORD-0004093,C12617,2025-02-08 00:00:00,Aisha,Mokoena,Johannesburg,Consumer,Online,Monitor,7.0,5131.77,0.1,83.52,0.15,4012.29,None,Card,Completed,,37263.22,
ORD-0003053,C10487,2024-11-01 00:00:00,Sipho,Botha,Pretoria,Corporate,Online,Mouse,2.0,1073.5,0.03,82.51,0.0,803.88,None,Card,Completed,,2165.1,
ORD-0003439,C12238,2024-12-22 00:00:00,Lerato,Patel,Benoni,Corporate,Phone,Mouse,7.0,1042.93,0.03,73.55,0.0,859.83,None,Card,Cancelled,,7155.08,
ORD-0002178,C12660,2025-01-10 00:00:00,Siyanda,Dlamini,Durban,Consumer,Online,Tablet,4.0,8451.57,0.0,71.4,0.15,6334.54,None,EFT,Completed,,38948.63,
ORD-0001815,C11793,2025-01-31 00:00:00,Zanele,Mthembu,Cape Town,Consumer,Online,Webcam,3.0,1060.29,0.05,114.88,0.15,770.77,None,Mobile Wallet,Cancelled,,3589.97,
ORD-0005616,C12204,2024-07-28 00:00:00,Ryan,Naidoo, pretoria ,Consumer,Store,Headset,1.0,1868.73,0.03,96.39,0.14,1494.1,New Customer,Card,Pending,Rep D,2162.83,
ORD-0005932,C12954,2024-05-27 00:00:00,Daniel,Botha,Johannesburg,Corporate,Online,Headset,1.0,1356.38,0.08,100.22,0.15,1090.14,None,Card,Completed,,1535.28,
ORD-0000510,C11391,2025-02-09 00:00:00,Ryan,Smith,Gqeberha,Corporate,Phone,Laptop,6.0,19558.9,0.1,62.73,0.15,12153.39,None,Card,Completed,,121523.51,
ORD-0002504,C12101,2025-10-21 00:00:00,Aisha,Botha,Benoni,Small Business,Online,Tablet,4.0,2831.63,0.15,11.93,0.15,2141.4,New Customer,EFT,Completed,,8253.37,
ORD-0001856,C12818,2024-03-06 00:00:00,Zanele,Patel,Pretoria, consumer ,Marketplace,Laptop,6.0,21780.4,0.1,22.38,0.15,14012.92,None,Card,Completed,,135278.64,
ORD-0004610,C12016,2025-05-28 00:00:00,Naledi,Patel,Pretoria,Corporate,Store,Monitor,8.0,4063.39,0.1,69.27,0.15,2668.05,Payday Promo,Card,Completed,Rep E,33714.18,
ORD-0000067,C10517,2024-01-18 00:00:00,Zanele,Patel,Pretoria,Consumer,Online,Mouse,2.0,1072.01,0.0,146.1,0.15,683.52,None,EFT,Completed,,2611.71,
ORD-0000761,C11429,2024-06-19 00:00:00,Priya,Naidoo,Benoni,Consumer,Store,Monitor,2.0,8036.29,0.0,42.36,0.15,4727.33,Back to School,Card,Cancelled,Rep E,18525.82,
ORD-0001397,C10678,2024-11-27 00:00:00,Siyanda,Naidoo,Pretoria,Corporate,Store,Office Chair,2.0,2788.02,0.08,197.09,0.15,2095.29,Clearance,EFT,Returned,Rep E,6096.54,5576.04
ORD-0001622,C10153,2025-12-23 00:00:00,Sipho,Mokoena,Bloemfontein,Consumer,Online,Keyboard,4.0,1846.54,0.05,41.67,0.15,1381.58,None,Card,Returned,,8111.05,
ORD-0004707,C10749,2025-08-31 00:00:00,Zanele,Patel,Bloemfontein,Consumer,Online,Mouse,1.0,1031.53,0.25,99.27,0.15,872.38,New Customer,Card,Completed,,988.96,
ORD-0000679,C11863,2024-01-14 00:00:00,Sipho,Pillay,Johannesburg,Consumer,Online,Office Chair,2.0,6422.18,0.0,48.2,0.15,4677.95,Summer Sale,Cash,Completed,,14819.22,
ORD-0004469,C10120,2024-05-30 00:00:00,Kabelo,Pillay,Johannesburg,Consumer,Online,SSD,2.0,1452.76,0.03,203.61,0.0,860.02,None,Cash,Completed,,3021.97,
ORD-0002159,C12391,2025-08-21 00:00:00,Daniel,Dlamini,Benoni,Consumer,Marketplace,Tablet,5.0,10145.47,0.15,96.24,0.15,7636.11,None,EFT,Completed,,49682.22,
ORD-0004285,C10590,2025-10-29 00:00:00,Andile,Nkosi,Pretoria,Small Business, phone ,Laptop,2.0,11617.97,0.15,36.14,0.15,8732.49,None,Card,Completed,,22749.28,
ORD-0002125,C12289,2025-02-03 00:00:00,Fatima,Nkosi,Pretoria,Consumer,Online,Docking Station,1.0,1504.93,0.0,39.09,0.15,909.61,Payday Promo,Card,Completed,,1769.76,
ORD-0002119,C11355,2025-06-14 00:00:00,Andile,Williams,Gqeberha,Small Business,Marketplace,Laptop,1.0,14479.14,0.15,172.09,0.0,12098.7,None,Cash,Pending,,12479.36,
ORD-0005980,C11421,2024-02-03 00:00:00,Fatima,Botha,Cape Town,Corporate,Online,Office Chair,2.0,6095.54,15%,107.62,0.15,3843.95,None,Bank Transfer,Returned,,12024.41,
ORD-0005887,C10518,2025-07-28 00:00:00,Ryan,Pillay,Benoni,,Store,Laptop,2.0,15285.02,0.05,91.84,0.14,11528.16,None,Card,Completed,Rep E,33199.19,
ORD-0001153,C10430,2024-05-31 00:00:00,Zanele,Mokoena,Nelspruit,Corporate,Marketplace,Mouse,1.0,512.75,0.05,37.01,0.15,435.31,New Customer,Card,Completed,,597.19,
ORD-0001716,C10940,2024-09-14 00:00:00,Aisha,Mokoena,Durban,Corporate,Marketplace,Monitor,2.0,3261.96,0.0,43.27,0.15,1971.57,None,Bank Transfer,Completed,,7545.78,
ORD-0000243,C10201,2025-02-05 00:00:00,Andile,Nkosi,Polokwane,Small Business,Online,Router,2.0,3179.23,0.05,57.97,0.15,2508.06,None,Card,Returned,,7004.59,
ORD-0005313,C10001,2025-11-26 00:00:00,Megan,Patel,Nelspruit,Consumer,Marketplace,Laptop,2.0,20080.58,0.0,55.87,0.15,12866.92,None,EFT,Completed,,46241.19,
ORD-0000215,C10723,2025-04-19 00:00:00,Ryan,Khumalo,Pretoria,Small Business,Phone,Keyboard,2.0,953.51,0.0,118.48,0.15,697.82,None,Card,Completed,,2311.55,
ORD-0000453,C12290,2024-12-17 00:00:00,Daniel,Mthembu,Johannesburg,Corporate,Phone,Laptop,3.0,11711.56,0.05,8.8,0.15,8639.88,Black Friday,Mobile Wallet,Returned,,38393.45,
ORD-0005242,C10052,2024-12-27 00:00:00,Naledi,Pillay,Bloemfontein,Consumer,Store,Monitor,1.0,2119.99,0.0,122.64,0.15,1270.18,Payday Promo,Card,Completed,,2560.62,
ORD-0001380,C10022,2025-06-27 00:00:00,Andile,Mthembu,Cape Town,Consumer,Marketplace,Router,2.0,3143.28,0.1,82.94,0.15,2004.97,None,Card,Completed,,6589.52,
ORD-0000424,C12883,2025-05-10 00:00:00,Daniel,Botha,Nelspruit,Corporate,Store,Headset,7.0,1444.99,0.0,113.2,0.15,875.34,None,Card,Returned,Rep E,11745.34,
ORD-0002149,C12276,2024-06-17 00:00:00,Nomsa,Smith,Johannesburg,Small Business,Phone,Tablet,3.0,9787.03,0.0,1.91,0.15,7248.0,New Customer,EFT,pending,,33767.15,
ORD-0004058,C11548,2024-02-08 00:00:00,Lerato,Molefe,Benoni,Corporate,Phone,Head set,2.0,5134.17,0.1,60.07,0.15,3043.13,None,Card,Returned,,10687.79,
ORD-0005101,C10602,2025-06-19 00:00:00,,Williams,Johannesburg,Consumer,Online,Laptop,1.0,14803.0,0.0,78.41,0.15,12280.35,Payday Promo,EFT,Pending,,17101.86,
ORD-0002677,C10352,2024-07-01 00:00:00,Jason,Molefe,Johannesburg,Consumer,Online,Docking Station,5.0,2484.56,0.0,11.05,0.0,1994.03,None,Bank Transfer,Returned,,12433.86,
ORD-0001720,C10304,2025-09-13 00:00:00,Siyanda,Naidoo,Johannesburg,Consumer,Phone,Headset,5.0,2745.64,0.05,73.58,0.15,2094.28,Summer Sale,EFT,Pending,,15071.61,
ORD-0004172,C11389,2024-10-15 00:00:00,Mpho,Molefe,Pretoria,Consumer,Store,Laptop,3.0,13940.41,0.08,88.36,0.15,8883.36,None,EFT,Completed,Rep C,44335.21,
ORD-0000684,C12312,2024-07-03 00:00:00,Mpho,Botha,Polokwane,Consumer,Online,Mouse,1.0,282.34,0.0,54.98,0.15,204.93,None,Card,Completed,,379.68,
ORD-0001506,C11374,2025-11-07 00:00:00,Chloe,Molefe,Pretoria,Corporate,Online,Mouse,1.0,737.11,0.0,195.47,0.15,475.48,None,Card,Returned,,1043.14,
ORD-0002179,C11365,2024-02-26 00:00:00,Aisha,Dlamini,Johannesburg,Corporate,Online,SSD,5.0,3667.8,0.05,9.3,0.15,2306.42,None,Card,Cancelled,,20044.64,
ORD-0001994,C10301,2025-06-14 00:00:00,Mpho,Nkosi,Johannesburg,Small Business,Store,Keyboard,3.0,1847.68,0.15,67.94,0.15,1554.06,Back to School,Card, completed ,Rep A,5486.28,
ORD-0000666,C12208,2025-09-05 00:00:00,Kabelo,Pillay,Pretoria,Consumer,Phone,Keyboard,8.0,1362.62,0.03,133.65,0.15,857.14,None,EFT,Completed,,12293.69,
ORD-0001446,C12659,2025-02-26 00:00:00,Zanele,Nkosi,Pretoria,Corporate,Phone,Mouse,5.0,403.56,0.2,54.67,0.15,258.84,Payday Promo,Card,Cancelled,,1911.03,
ORD-0001727,C10756,2024-01-18 00:00:00,Lerato,Dlamini,Nelspruit,Corporate,Phone,Headset,3.0,2058.03,0.0,145.55,0.15,1562.68,Back to School,Cash,Pending,,7245.74,
ORD-0001231,C11313,2024-04-18 00:00:00,Andile,Molefe,Bloemfontein,Small Business,Store,Keyboard,2.0,714.08,0.0,215.02,0.15,534.69,None,Card,Pending,Rep C,1857.41,
ORD-0003673,C12411,2024-12-25 00:00:00,Megan,Williams,Johannesburg,Corporate, online ,Printer,1.0,4296.11,0.05,74.07,0.15,3445.76,None,Mobile Wallet,Completed,,4767.57,
ORD-0002556,C12742,2025-03-16 00:00:00,Naledi,Smith,Pretoria,Corporate,Online,Keyboard,3.0,2077.74,0.03,6.85,0.15,1596.93,Back to School,Card,Completed,,6959.99,6233.22
ORD-0005478,C10640,2024-08-17 00:00:00,Thabo,Molefe,Pretoria,Consumer,Phone,Laptop,3.0,17463.69,0.1,28.45,0.15,12986.19,None,Cash,Cancelled,,54253.22,
ORD-0002219,C12760,2025-06-05 00:00:00,Lerato,Mokoena,Benoni,Corporate,Online,Headset,2.0,1655.76,0.05,92.81,0.15,1310.74,Black Friday,Card,Completed,,3710.65,
ORD-0000356,C10933,2024-10-22 00:00:00,Aisha,Patel,Durban,Small Business,Phone,Monitor,1.0,4833.35,0.1,38.09,0.15,3419.61,None,EFT,Completed,,5040.61,
ORD-0001320,C10683,2024-05-11 00:00:00,Daniel,,Polokwane,Consumer,Online,Office Chair,4.0,5236.25,0.0,139.9,0.15,3841.03,None,Card,Completed,,24226.64,
ORD-0001980,C12344,2024-03-15 00:00:00,Priya,Smith,Benoni,Consumer,Phone,Monitor,3.0,5473.08,0.0,4.8,0.15,4463.47,None,Mobile Wallet,Completed,,18886.92,
ORD-0000448,C10478,2025-12-29 00:00:00,Mpho,Pillay,Cape Town,Consumer,Store,Mouse,4.0,412.22,0.0,131.3,0.15,263.87,New Customer,Mobile Wallet,Completed,Rep B,2027.51,
ORD-0002008,C11116,2024-03-27 00:00:00,Nomsa,Molefe,Durban,Consumer,Store,Laptop,1.0,16917.37,0.03,118.84,0.15,13946.7,None,Card,Completed,Rep D,18990.16,
ORD-0003708,C12332,2025-01-26 00:00:00,Zanele,Pillay,Benoni,Consumer,Store,Laptop,7.0,18579.13,0.0,35.29,0.15,11182.03,New Customer,Mobile Wallet,Completed,Rep A,149597.28,
ORD-0000815,C11381,2025-02-28 00:00:00,Priya,Williams,Pretoria,Consumer,Online,Keyboard,4.0,302.04,0.1,138.96,0.15,224.09,None,Bank Transfer,Completed,,1389.43,
ORD-0002685,C10871,2024-03-07 00:00:00,Megan,Dlamini,,Consumer,Online,Laptop,4.0,11230.43,0.1,137.59,0.15,6913.84,Black Friday,Mobile Wallet,Cancelled,,46631.58,
ORD-0004153,C10351,2024-08-12 00:00:00,Thabo,Mokoena,Johannesburg,Consumer,Online,Webcam,6.0,1482.09,,129.31,0.15,1254.7,Payday Promo,EFT,Completed,,9537.61,
ORD-0002964,C10528,2025-05-30 00:00:00,Mpho,Mokoena,Polokwane,Corporate,Online,Mouse,1.0,844.59,0.1,,0.0,650.59,None,Bank Transfer,Cancelled,,1027.63,
ORD-0000932,C10371,2024-02-24 00:00:00,Daniel,Mthembu,Johannesburg,Corporate,Phone,Webcam,2.0,2320.51,0.03,134.29,0.15,1900.35,None,Card,Completed,,5311.34,
ORD-0005483,C12418,2024-03-31 00:00:00,Chloe,Molefe,,Small Business,Online,Keyboard,1.0,1461.78,0.1,199.86,0.15,1017.6,None,EFT,Pending,,1712.8,
ORD-0005689,C10680,2025-03-03 00:00:00,Chloe,Khumalo,Johannesburg,Corporate,Phone,Laptop,2.0,17396.9,0.05,193.55,0.15,11025.64,New Customer, card ,Completed,,38205.77,
ORD-0005681,C12335,2025-04-19 00:00:00,Siyanda,Botha,Cape Town,Consumer,Marketplace,SSD,2.0,1794.39,0.15,96.17,0.15,1357.6,New Customer,Card,Completed,,3604.2,
ORD-0003991,C12288,2025-10-08 00:00:00,Siyanda,Mokoena,Nelspruit,Corporate,Store,Office Chair,3.0,2599.9,0.05,139.8,0.15,1631.24,None,Bank Transfer,Completed,Rep A,8660.98,
ORD-0002080,C12590,2024-03-28 00:00:00,Priya,Mokoena,Cape Town,Consumer,Online,Laptop,1.0,12093.53,0.15,46.51,0.15,7158.55,None,Mobile Wallet,Cancelled,,11867.93,
ORD-0001603,C12178,2024-08-11 00:00:00,Naledi,Mthembu,Johannesburg,Consumer,Online,Headset,6.0,2006.83,0.1,149.17,0.15,1309.0,None,Card,Returned,,12611.58,
ORD-0002170,C11215,2024-04-16 00:00:00,Ryan,Williams,Cape Town,Corporate,Online,SSD,6.0,2895.54,0.05,111.28,0.15,2145.55,None,Card,Completed,,19091.52,
ORD-0000743,C10478,2024-08-09 00:00:00,Jason,Dlamini,Durban,Small Business,Online,Keyboard,4.0,1513.48,0.0,23.62,0.15,972.08,None,Mobile Wallet,Cancelled,,6985.65,
ORD-0005459,C12662,2024-02-12 00:00:00,Lerato,Mthembu,Gqeberha,Corporate,Online,Tablet,2.0,4471.72,0.0,127.66,0.15,3142.36,None,Card,Cancelled,,10412.61,
ORD-0002886,C11106,2024-02-12 00:00:00,Aisha,Nkosi,Cape Town,Consumer, phone ,Headset,1.0,889.68,0.03,192.93,0.15,715.17,Black Friday,Mobile Wallet,Pending,,1185.36,
ORD-0000810,C10367,2025-03-30 00:00:00,Siyanda,Khumalo,Gqeberha,Consumer,Phone,Keyboard,3.0,1448.21,0.1,20.58,0.15,921.32,None,Bank Transfer,Completed,,4517.28,
ORD-0000595,C11941,2024-06-03 00:00:00,Chloe,Smith,Nelspruit,Small Business,Phone,Monitor,5.0,5292.73,0.08,10.35,0.15,3600.91,None,EFT,Completed,,28008.89,
ORD-0001510,C12939,2025-10-16 00:00:00,Sipho,Naidoo,Nelspruit,Consumer,Phone,Mouse,1.0,1182.15,0.1,158.26,0.15,746.11,Clearance,Mobile Wallet,Completed,,1381.78,
ORD-0000381,C10294,2024-01-19 00:00:00,Nomsa,Mokoena,Johannesburg,Consumer,Online,Tablet,2.0,10757.2,0.15,123.25,0.15,6502.82,None,EFT,Pending,,21153.59,
ORD-0001884,C11583,2024-01-13 00:00:00,Sipho,Patel,Johannesburg,Consumer,Online,Laptop,2.0,11578.6,0.05,48.56,0.15,7068.17,Black Friday,Card,Completed,,25347.8,
ORD-0003686,C12244,2025-02-22 00:00:00,Mpho,Pillay,Nelspruit,Consumer,Store,Laptop,10.0,13617.04,0.08,5.37,0.15,8125.64,None,Mobile Wallet,Completed,Rep E,144073.67,
ORD-0002534,C10865,2025-08-09 00:00:00,Lerato,Smith,Johannesburg,Consumer,Store, office chair ,3.0,7082.73,0.0,36.23,0.15,5403.74,Payday Promo,Card,Completed,Rep B,24471.66,
ORD-0001827,C11124,2025-05-27 00:00:00,Aisha,Naidoo,Cape Town,Small Business,Marketplace,Keyboard,7.0,2130.28,0.1,79.0,0.15,1519.29,None,Bank Transfer,Pending,,15512.9,14911.96
ORD-0001220,C10517,2024-03-14 00:00:00,Mpho,Botha,Nelspruit,Corporate,Online,Laptop,1.0,8803.92,0.1,205.51,0.15,5626.71,None,Card,Completed,,9317.57,
ORD-0000307,C11348,2025-01-01 00:00:00,Zanele,Mthembu,Pretoria,Corporate,Online,Mouse,3.0,733.54,0.05,80.05,0.14,436.44,None,Card,Completed,,2463.34,
ORD-0005385,C10005,2024-05-22 00:00:00,Priya,Smith,Johannesburg,Small Business,Online,Tablet,5.0,6747.01,0.0,88.59,0.15,4121.98,None,Card,Completed,,28923.52,
ORD-0002104,C11464,2024-09-14 00:00:00,Fatima,Williams,Pretoria,Consumer,Online,Mouse,8.0,630.18,0.15,122.45,0.15,407.86,Summer Sale,Card,Pending,,5050.49,
ORD-0004603,C11972,2025-04-07 00:00:00,Sipho,Khumalo,Johannesburg,Consumer,Online,Tablet,6.0,10002.15,0.03,138.66,0.15,5997.97,New Customer, eft ,Returned,,67083.03,
ORD-0004577,C12344,2024-04-09 00:00:00,Chloe,Nkosi,Nelspruit,Consumer,Marketplace,Docking Station,2.0,2227.84,0.08,35.23,0.15,1469.49,Payday Promo,Cash,Completed,,4749.33,
ORD-0004705,C10640,2024-02-28 00:00:00,Thabo,Patel,Pretoria,Consumer,Online,Office Chair,2.0,5967.94,0.15,35.32,0.15,3785.52,Payday Promo,Cash,Completed,,11702.65,
ORD-0001282,C12334,2024-09-22 00:00:00,Aisha,Naidoo,Durban,Corporate,Online,Keyboard,3.0,1058.25,0.15,20.05,0.15,814.23,Summer Sale,Card,Completed,,3123.36,
ORD-0001240,C12150,2025-04-07 00:00:00,Chloe,Smith,Cape Town,Consumer,Marketplace,Laptop,2.0,20069.37,0.05,207.76,0.15,12621.71,None,Bank Transfer,Returned,,44059.33,
ORD-0005663,C12073,2024-08-18 00:00:00,Lerato,Patel,Johannesburg,Corporate,Online,Keyboard,4.0,767.61,0.25,98.3,0.15,490.48,None,EFT,Completed,,2746.55,
ORD-0005874,C11024,2024-06-27 00:00:00,Zanele,Patel,Johannesburg,Small business,Phone,Laptop,5.0,21177.92,0.0,141.09,0.15,16117.63,None,EFT,Completed,,121914.12,
ORD-0004421,C11643,2024-06-26 00:00:00,Daniel,Dlamini,Johannesburg,Consumer,Store,Webcam,3.0,1107.14,0.0,40.82,0.15,788.21,None,Mobile Wallet,Completed,Rep C,3860.46,
ORD-0004556,C12774,2025-07-14 00:00:00,Fatima,Botha,Pretoria,Consumer,Phone,Router,1.0,2609.66,0.08,45.62,0.15,2038.52,Summer Sale,Cash,Completed,,2806.65,
ORD-0002352,C12420,2025-02-24 00:00:00,Sipho,Dlamini,Johannesburg,Small Business,Online,Router,5.0,854.13,0.05,96.45,0.15,686.09,None,Mobile Wallet,Completed,,4762.12,
ORD-0004133,C11097,2025-04-30 00:00:00,Andile,Khumalo,Cape Town,Consumer, online ,Webcam,10.0,1234.18,0.03,75.21,0.15,806.3, none , mobile wallet ,Returned,,13842.49,
ORD-0001796,C10841,2025-08-15 00:00:00,Sipho,Dlamini,Pretoria,Small Business,Store,Printer,1.0,3104.39,0.0,37.17,0.15,2443.59,Payday Promo,EFT,Pending,Rep D,3607.22,
ORD-0001799,C10831,2025-06-08 00:00:00,Andile,Naidoo,Johannesburg,Small Business,Store,Router,1.0,2467.94,0.15,188.0,0.0,2079.21,,Mobile Wallet,Pending,Rep E,2285.75,
ORD-0000454,C12543,2025-07-01 00:00:00,Priya,Dlamini,Port Elizabeth,Consumer,Marketplace,Router,1.0,2894.14,0.1,143.05,0.15,2451.05, none ,Mobile Wallet,Pending,,3138.49,
ORD-0001617,C12799,2024-03-25 00:00:00,Lerato,Molefe,Cape Town,Consumer,Online,Docking Station,2.0,2255.37,0.0,69.24,0.15,1736.15, none ,Card,Pending,,5256.6,
ORD-0005552,C11918,2025-12-25 00:00:00,Fatima,Williams,Johannesburg,Consumer, phone ,Printer,6.0,3818.82,0.1,116.52,0.15,2604.04,Summer Sale,Card,Completed,,23831.36,
ORD-0002974,C12632,2025-10-27 00:00:00,Jason,Smith,Johannesburg,Consumer,Online,Office Chair,3.0,4061.82,0.2,6.74,0.15,3130.13,None,Mobile Wallet,Completed,,9836.67,
ORD-0004682,C10980,2025-10-19 00:00:00,Priya,Patel,Bloemfontein,Corporate,Online,Laptop,10.0,13482.88,0.0,133.66,0.14,9289.09,None,Mobile Wallet,Completed,,153838.43,
ORD-0001707,C10836,2024-05-24 00:00:00,Fatima,Mthembu,Pretoria,Consumer,Online,Mouse,4.0,1335.28,0.25,122.83,0.0,782.15,None,Card,Returned,,4128.69,
ORD-0004176,C12732,2024-02-17 00:00:00,Andile,Nkosi,Nelspruit,Corporate,Phone,Office Chair,5.0,4064.18,0.05,141.99,0.15,3443.58,None,Card,Cancelled,,22342.6,
ORD-0000066,C12930,2024-07-01 00:00:00,Aisha,Molefe,Nelspruit,Consumer,Online,Docking Station,2.0,3139.88,0.2,172.4,0.15,2181.51,None,Card,Completed,,5949.78,
ORD-0002751,C10139,2024-12-08 00:00:00,Nomsa,Naidoo,Polokwane,Corporate,Online,Webcam,2.0,1581.04,0.0,180.74,0.15,1255.16,None,Card,Cancelled,,3817.13,
ORD-0005541,C11360,2024-09-25 00:00:00,Zanele,Nkosi,Johannesburg,Small Business,Marketplace,Tablet,4.0,3592.72,0.05,125.59,0.15,2129.31,None,Cash,Completed,,15825.77,
ORD-0003620,C10791,2025-03-31 00:00:00,Daniel,Williams,Johannesburg,Consumer,Store,Keyboard,1.0,1645.0,0.05,205.75,0.15,1110.75,,Cash,Pending,Rep C,2002.91,
ORD-0003939,C12574,2024-10-03 00:00:00,Thabo,Mthembu,Johannesburg,Consumer,Store,Printer,2.0,5186.13,0.1,92.36,0.0,3666.55,None,Card,Completed,Rep C,9427.39,
ORD-0005959,C11394,2024-05-10 00:00:00,Chloe,Mokoena,Johannesburg,Consumer,Online,Keyboard,1.0,498.39,0.2,152.37,0.14,302.23,None,Bank Transfer, returned ,,606.9,
ORD-0002107,C12468,2024-11-04 00:00:00,Naledi,Nkosi,Nelspruit,Consumer,Online,Docking Station,1.0,4220.34,0.1,136.08,0.15,3309.44,None,mobile wallet,Completed,,4504.13,
ORD-0002043,C12799,2025-11-28 00:00:00,Andile,Nkosi,Benoni,Consumer,Marketplace,Monitor,3.0,5343.77,0.1,32.18,0.15,4483.14,None,Card,Completed,,16624.58,
ORD-0005588,C12278,2025-05-11 00:00:00,Lerato,Williams,Johannesburg,Consumer,Online,Headset,2.0,2585.11,0.05,180.33,0.15,1797.22, none ,Card,Completed,,5828.8,
ORD-0000451,C11971,2025-02-07 00:00:00,Naledi,Mthembu,Durban,Consumer,Online,Printer,5.0,5919.02,0.2,53.04,0.15,4266.76,Black Friday, card ,Completed,,27280.53,
ORD-0002614,C12708,2024-12-17 00:00:00,Ryan,Nkosi,Johannesburg,Consumer,Marketplace,Headset,2.0,1609.25,0.1,91.8,0.15,1163.55,None,EFT,Completed,,3422.94,
ORD-0005940,C12595,2025-05-08 00:00:00,Naledi,Pillay,Bloemfontein,Small Business,Online,Webcam,5.0,856.89,0.1,9.72,0.15,636.41,None,Card,Cancelled,,4444.12,
ORD-0000869,C11601,2024-03-21 00:00:00,Mpho,Pillay,Johannesburg,Consumer,Store,Printer,4.0,5966.94,0.0,39.26,0.15,4600.53,None,Card,Completed,Rep B,27487.19,
ORD-0000255,C11305,2025-08-22 00:00:00,Andile,Mokoena,Durban,Consumer,Online,Office Chair,2.0,4971.76,0.1,95.44,0.15,3829.58,Summer Sale,EFT,Pending,,10386.98,
ORD-0002276,C12772,2025-04-25 00:00:00,Chloe,Khumalo,Durban,Corporate,Marketplace,SSD,1.0,3322.21,0.15,115.32,0.15,2197.67,None,Mobile Wallet,Returned,,3362.78,
ORD-0003090,C10940,2024-06-20 00:00:00,Nomsa,Khumalo,Pretoria,Small Business,Online,Mouse,2.0,358.02,0.1,63.88,0.15,272.64,Back to School,Card,Cancelled,,804.98,
ORD-0003917,C11832,2025-11-23 00:00:00,Ryan,Patel,Gqeberha,Corporate,Marketplace,Keyboard,2.0,1572.39,0.1,56.79,0.15,1120.33,Summer Sale,Card,Pending,,3311.63,
ORD-0002498,C11040,2024-11-22 00:00:00,Nomsa,Naidoo,Cape Town,Consumer,Phone,Laptop,1.0,12960.93,0.05,101.69,0.15,9358.26,None,EFT,Completed,,14261.51,
ORD-0003203,C12424,2024-01-13 00:00:00,Priya,Patel,Pretoria,Small Business,Online,Tablet,2.0,9969.61,0.03,219.05,0.15,7892.99,New Customer,,Pending,,22461.25,
ORD-0000100,C12684,07-20-2024,Chloe,Khumalo,Gqeberha,Small Business,Online,Mouse,2.0,1152.15,0.0,193.55,0.14,721.16,None,Cash,Completed,,2820.45,
ORD-0003422,C12094,2024-01-14 00:00:00,Daniel,Khumalo,Johannesburg,Consumer,Store,Headset,1.0,725.01,,30.77,0.15,584.25,None,Card,Cancelled,Rep D,739.47,
ORD-0002054,C12343,2024-02-19 00:00:00,Naledi,Botha,Johannesburg,Corporate,Online,Printer,1.0,4291.42,0.08,79.07,0.15,3036.98,New Customer,EFT,Pending,,4619.39,
ORD-0004310,C12783,2024-06-18 00:00:00,Zanele,Mthembu,Durban,Consumer,Phone,Webcam,1.0,830.01,0.2,112.51,0.15,687.78,None,Card,Cancelled,,876.12,
ORD-0002085,C10933,2025-02-22 00:00:00,Chloe,Smith,Benoni,Consumer,Store,Printer,1.0,4292.35,0.1,75.8,0.15,3042.41,Back to School,EFT,Completed,Rep C,4518.38,
ORD-0005613,UNKNOWN-15,2024-03-17 00:00:00,Fatima,Smith,Benoni,Consumer,Online,Monitor,4.0,3116.02,0.0,143.74,0.14,1815.73,Clearance,,Completed,,14352.81,
ORD-0002402,C11374,2025-11-30 00:00:00,Fatima,Naidoo,Pretoria,Consumer,Marketplace,Monitor,1.0,3380.62,0.0,157.86,0.15,2299.02,None,Card,Completed,,4045.57,
ORD-0005753,C10051,2024-03-12 00:00:00,Jason,Dlamini,Durban,Consumer,Store,Headset,1.0,2600.39,0.08,70.42,0.0,1633.58,None, card ,Cancelled,Rep E,2462.78,
ORD-0002598,C12004,2025-08-26 00:00:00,Fatima,Patel,Pretoria,Corporate,Marketplace,Router,43.0,3270.86,0.15,40.55,0.15,2045.73,Payday Promo,Cash,Cancelled,,16026.9,
ORD-0001304,C11727,2025-01-22 00:00:00,Daniel,Smith,Pretoria,Consumer,Online,Docking Station,1.0,1969.45,0.05,112.6,0.15,1662.14,Clearance,Card,Pending,,2264.23,
ORD-0001932,C11636,2024-03-30 00:00:00,Fatima,Mthembu,Cape Town,,Phone,Laptop,2.0,16359.88,0.05,109.61,0.15,11050.17,None,Card,Completed,,35855.96,
ORD-0004337,C11982,2025-07-23 00:00:00,Andile,Molefe,Bloemfontein,Consumer,Store,Keyboard,2.0,1831.41,0.0,103.68,0.15,1067.54,Back to School,Card,Returned,Rep B,4315.92,
ORD-0001923,C12372,2024-03-19 00:00:00,Zanele,Molefe,Durban,Consumer,Online,Printer,2.0,6468.47,0.03,168.25,0.15,4700.23,None,EFT,Completed,,14599.41,
ORD-0002896,C10487,2024-09-01 00:00:00,Lerato,Nkosi,Johannesburg,Consumer,Online,SSD,4.0,3259.41,0.0,112.14,0.15,2366.25,None,Card,Pending,,15105.43,
ORD-0005622,C12524,2025-05-13 00:00:00,Naledi,Botha,Pretoria,Consumer,Marketplace,Laptop,1.0,14273.15,0.08,188.2,0.15,12099.31,None,EFT,Cancelled,,15289.19,
ORD-0003357,C10161,2025-08-11 00:00:00,Ryan,Khumalo,Benoni,Consumer,Marketplace,Printer,2.0,2939.72,0.05,71.41,0.15,1714.22,None,EFT,Completed,,6494.7,
ORD-0003296,C10757,07-12-2025,Aisha,Nkosi,Johannesburg,Consumer,Online,Printer,5.0,3218.2,0.0,38.6,0.15,2683.88,Summer Sale,Card,Completed,,18543.23,
ORD-0000394,C10436,2025-07-04 00:00:00,Zanele,Khumalo,Johannesburg,Consumer,Online,SSD,3.0,1562.7,0.05,11.79,0.14,1098.57,None,Card,Cancelled,,5088.99,
ORD-0004986,C10483,2024-02-07 00:00:00,Priya,Dlamini,Pretoria,Corporate,Online,Headset,4.0,1450.91,0.15,139.56,15%,978.44,None,Card,Cancelled,,5812.63,
ORD-0004497,C10411,2025-05-23 00:00:00,Kabelo,Nkosi,Pretoria,Small Business,Online,Mouse,1.0,1041.73,0.1,209.95,0.15,680.49,None,Mobile Wallet,Cancelled,,1288.14,
ORD-0000706,C12992,2024-04-10 00:00:00,Zanele,Patel,Cape Town,Consumer,Online,Headset,3.0,1307.27,0.15,96.26,0.15,1075.4,None,EFT,Completed,,3929.82,
ORD-0005419,C11612,2024-02-14 00:00:00,Zanele,Botha,Johannesburg,Small Business,Online,Keyboard,3.0,491.41,0.03,106.95,0.15,324.02,None,Cash,Returned,,1751.44,
ORD-0003644,C12346,2025-06-08 00:00:00,Thabo,Botha,Bloemfontein,Corporate,Online,Headset,7.0,2658.12,0.1,145.85,0.15,1885.98,None,Card,Returned,,19403.94,
ORD-0004696,C11680,2025-10-22 00:00:00,Kabelo,Nkosi,Polokwane,Consumer,Online,Laptop,2.0,21468.29,0.03,79.16,0.15,15776.4,None,Mobile Wallet,Cancelled,,47974.91,
ORD-0001537,C11361,2025-10-25 00:00:00,Daniel,Molefe,Pretoria,Consumer,Marketplace,Keyboard,1.0,1386.92,0.05,143.15,0.15,1054.03,None,Bank Transfer,Returned,,1658.37,
ORD-0002665,C12257,2025-04-15 00:00:00,Andile,Mthembu,Durban,Consumer,Online,Printer,1.0,5851.12,0.05,68.72,0.15,4834.88,Clearance,Cash,Completed,,6461.06,
ORD-0000616,C12233,2024-11-30 00:00:00,Chloe,Dlamini,Johannesburg, consumer ,Store,Tablet,7.0,3110.19,0.03,145.49,0.15,2639.18,None,Mobile Wallet,Completed,Rep B,24431.39,
ORD-0004466,C12965,2025-03-13 00:00:00,Kabelo,Pillay,Cape Town,Corporate,Store,Keyboard,1.0,2060.23,0.0,36.6,0.15,1602.08,None,Card,Completed,Rep B,2405.86,
ORD-0000680,C10660,2024-04-27 00:00:00,Aisha,Mthembu,Johannesburg,Corporate,Online,Monitor,1.0,4366.92,0.05,117.89,0.0,3629.92,None,Cash,Completed,,4266.46,
ORD-0004878,C12701,2024-11-13 00:00:00,,Smith,Pretoria,Small Business,Online,Headset,5.0,2781.7,0.08,90.18,0.15,1752.4,None,Card,Cancelled,,14805.36,
ORD-0005691,C12694,2025-01-24 00:00:00,Thabo,Williams,Polokwane,Small Business,Marketplace, ssd ,3.0,2684.01,0.0,1.7,0.15,2055.76,None,Bank Transfer,Completed,,9261.55,
ORD-0003096,C11567,2025-05-20 00:00:00,Daniel,Williams,Benoni,Consumer,Online,Mouse,1.0,589.12,0.1,67.75,0.15,483.28,Payday Promo,Card,Returned,,677.49,
ORD-0002248,C10150,2024-01-24 00:00:00,Siyanda,Patel,Polokwane,Consumer,Marketplace,Keyboard,2.0,893.41,0.05,141.14,0.15,762.16,None,Card,Pending,,2093.23,
ORD-0005011,C12896,2025-02-14 00:00:00,Andile,Smith,Cape Town,Consumer,Online,Monitor,1.0,6894.96,0.05,38.38,0.15,5663.74,Summer Sale,Card,Completed,,7571.13,
ORD-0004564,C11938,2025-06-03 00:00:00,Daniel,Pillay,Cape Town,Corporate,Marketplace,Keyboard,5.0,458.6,0.2,132.59,0.15,346.5,Payday Promo,Card,Returned,,2242.13,
ORD-0002704,C10629,2025-05-14 00:00:00,Jason,Dlamini,Johannesburg,Consumer,Marketplace,Webcam,3.0,1687.97,0.05,22.73,0.15,1357.85,None,Mobile Wallet,Pending,,5555.07,
ORD-0002952,C10193,2024-12-01 00:00:00,Andile,Mokoena,Polokwane,Consumer,Online,SSD,2.0,2200.29,0.0,123.57,0.15,1480.72,None,MobileWallet,Returned,,5184.23,
ORD-0001601,C12231,2025-05-09 00:00:00,Daniel,Mokoena,PTA,Consumer,Online,Laptop,6.0,19832.96,0.05,117.56,0.15,13840.97,None,Mobile Wallet,Pending,,130122.63,
ORD-0002003,C12321,2025-11-25 00:00:00,Ryan,Mokoena,Johannesburg,Consumer,Store,Monitor,7.0,5176.67,0.0,102.28,0.0,3919.44,None,Bank Transfer,Completed,Rep D,49535.66,
ORD-0001402,C11128,2025-04-25 00:00:00,Sipho,Smith,Cape Town,Consumer,Online,Headset,1.0,2549.55,0.1,49.79,0.15,1722.67,None,Bank Transfer,Returned,,2688.57,
ORD-0004419,C11234,2025-03-31 00:00:00,Daniel,Nkosi,Durban,Consumer,Online,Monitor,2.0,7854.06,0.15,165.24,0.15,5233.8,None,EFT,Completed,,15519.93,
ORD 0002452,C10558,2025-04-05 00:00:00,Thabo,Molefe,Benoni,Consumer,Online,SSD,2.0,2396.59,0.15,46.26,0.15,1992.83,Back to School,Card,Returned,,4731.58,
ORD-0000226,C12956,2025-03-11 00:00:00,Zanele,Smith,Johannesburg,Consumer,Marketplace,Tablet,3.0,8327.71,0.03,23.34,0.15,5004.35,None,Card,Completed,,27892.01,24983.13
ORD-0000535,C11822,2024-12-13 00:00:00,Mpho,Williams,Johannesburg,Consumer,Online,Tablet,1.0,9976.48,0.15,48.81,0.15,7101.77,None,Card,Completed,,9800.82,
ORD-0002832,C11175,2024-10-15 00:00:00,Andile,Smith,Gqeberha,Consumer,Online,Keyboard,2.0,1643.71,0.2,175.83,0.0,1307.38,Summer Sale,EFT,Cancelled,,2805.76,
ORD-0003249,C11626,2024-09-17 00:00:00,Megan,Khumalo,Durban,Consumer,Online,Tablet,1.0,4394.63,0.05,95.11,0.15,3134.54,Summer Sale,Card,Completed,,4896.24,
ORD-0004710,C10045,2025-07-09 00:00:00,Andile,Smith,Gqeberha,Consumer,Online,Tablet,1.0,4605.03,0.1,164.53,0.15,3288.77,None,Card,Completed,,4930.74,
ORD-0001642,C12356,2024-02-21 00:00:00,Andile,Patel,Pretoria,Small Business,Phone,Mouse,4.0,994.59,0.0,44.96,0.15,687.94,Clearance,Card,Completed,,4620.08,
ORD-0002133,C11399,2024-06-29 00:00:00,Sipho,Pillay,Cape Town,Consumer,Marketplace,Laptop,2.0,8979.9,0.0,45.83,0.15,6160.35,Back to School,Bank Transfer,Completed,,20699.61,
ORD-0002809,C11017,2025-11-06 00:00:00,Nomsa,Dlamini,Gqeberha,Corporate,Store,Mouse,1.0,640.79,0.03,53.22,0.15,530.4,Payday Promo,Card,Completed,Rep E,768.02,
ORD-0001074,C10495,2024-07-12 00:00:00,Priya,Naidoo,Johannesburg,Consumer,Phone,Laptop,7.0,9412.27,0.03,9.45,0.15,6364.29,None, card ,Completed,,73505.16,
ORD-0001413,C10761,2025-01-19 00:00:00,Zanele,Patel,Cape Town,Consumer,Online, printer ,3.0,4545.0,0.03,110.82,0.0,3075.65,None,Mobile Wallet,Completed,,13336.77,
ORD-0002866,C10502,2025-01-17 00:00:00,Lerato,Nkosi,Pretoria,Consumer,Online,Docking Station,5.0,3376.15,0.2,26.41,0.15,2007.06,None,Bank Transfer,Completed,,15556.72,
ORD-0005854,C10100,2025-12-31 00:00:00,Naledi,Naidoo,Cape Town,Consumer,Store,Mouse,1.0,180.59,0.15,100.47,0.15,154.82,New Customer,Bank Transfer,Returned,Rep A,277.0,
ORD-0003065,C10781,2024-01-02 00:00:00,Kabelo,Mthembu,Benoni,Consumer,Online,Mouse,1.0,961.43,0.05,53.79,0.14,594.75,Summer Sale,EFT, completed ,,1095.02,
ORD-0001504,C11803,2024-06-07 00:00:00,Andile,Mthembu,Polokwane,Consumer,Online,Keyboard,7.0,368.14,0.08,135.93,0.15,219.7,Black Friday,Card,Completed,,2862.36,
ORD-0005368,C10063,2024-03-17 00:00:00,Siyanda,Dlamini,Pretoria,Corporate,Online,Router,3.0,3412.52,0.0,15.16,0.15,2127.67,Back to School,Card,Cancelled,,11788.36,
ORD-0003961,C12485,2024-07-04 00:00:00,Daniel,Smith,Cape Town,Consumer,Online,Mouse,1.0,201.39,0.08,103.25,0.15,135.7,None,Cash,Cancelled,,316.33,
ORD-0000214,C10655,2025-10-06 00:00:00,Kabelo,Nkosi,Gqeberha,Corporate,Phone,Headset,8.0,1671.53,0.0,123.28,0.15,1135.22,Payday Promo,Mobile Wallet,Returned,,15501.34,
ORD-0001032,C10357,2024-10-02 00:00:00,Zanele,Williams,Polokwane,Consumer,Store,Office Chair,,8943.13,0.05,145.12,0.14,6517.06,New Customer,Card,Completed ,Rep A,29201.34,
ORD-0004899,C10320,2024-04-24 00:00:00,Andile,Botha,,Consumer,Phone,Printer,1.0,3183.26,0.1,192.24,0.15,1865.0,None,Mobile Wallet,Cancelled,,3486.91,
ORD-0003435,C10556,2024-07-19 00:00:00,Mpho,Nkosi,Cape Town,Corporate,Store,SSD,2.0,2682.48,0.1,62.11,0.15,2176.67,None,Card,Pending,Rep C,5614.85,
ORD-0002146,C10398,2024-05-05 00:00:00,Jason,Mthembu,Pretoria,Small Business,Online,Monitor,5.0,2428.09,5%,113.73,0.0,1901.47,Black Friday,Mobile Wallet,Completed,,11647.15,
ORD-0001517,C11695,2025-10-24 00:00:00,Priya,Khumalo,Gqeberha,Corporate,Marketplace,Monitor,2.0,3638.48,0.1,216.88,0.15,2324.67,None,Mobile Wallet,Completed,,7748.53,
ORD-0004656,C10965,2025-02-27 00:00:00,Ryan,Patel,Johannesburg,Consumer,Phone,Printer,2.0,4607.88,0.1,171.3,0.15,3541.21,None,Card,Completed,,9709.61,
ORD-0001638,C10938,2024-12-27 00:00:00,Chloe,Molefe,Pretoria,Small Business,Store,Mouse,1.0,1055.18,0.1,58.54,0.15,616.58,None,Card, pending ,Rep E,1150.65,
ORD-0005098,C10376,2024-10-15 00:00:00,Zanele,Smith,Cape Town,Consumer,Store,Webcam,5.0,1563.63,0.03,20.38,0.15,1092.37,None,Mobile Wallet,Returned,Rep B,8741.56,
ORD-0002045,C11876,2025-06-09 00:00:00,Andile,Williams,Cape Town,Corporate,Store,Mouse,1.0,744.4,0.0,168.37,0.15,550.64,Black Friday,Card,Completed,Rep D,1024.43,
ORD-0004793,C12221,2025-11-02 00:00:00,Nomsa,Mthembu,Johannesburg,Consumer,Marketplace,Headset,4.0,1210.68,0.05,82.76,0.15,949.91,Back to School,Card,Completed,,5373.41,
ORD-0002655,C11486,2025-09-12 00:00:00,Thabo,Williams,Benoni,Corporate,Phone,Mouse,4.0,1052.28,0.08,10.39,0.15,675.03,Black Friday,Card,Pending,,4463.64,
ORD-0003495,C11765,2024-07-03 00:00:00,Thabo,Molefe,Pretoria,Small Business,Online,Webcam,2.0,1278.92,0.05,202.51,0.15,969.98,None,EFT,Completed,,2996.96,
ORD-0005582,C10742,2025-07-17 00:00:00,Mpho,Mokoena,Johannesburg,Small Business,Online,Mouse,3.0,454.86,0.15,39.25,0.15,349.86,New Customer,EFT,Completed,,1373.13,
ORD-0004333,C10875,2024-05-07 00:00:00,Siyanda,Dlamini,Johannesburg,Consumer,Online,Laptop,2.0,14553.14,0.05,170.97,0.15,9578.99,None,EFT,Returned,,31969.57,
ORD-0001528,C10650,2025-07-29 00:00:00,Fatima,Naidoo,Cape Town,Small Business,Online,Laptop,6.0,8213.09,0.05,141.48,0.15,6411.39,Clearance,EFT,Completed,,53978.26,
ORD-0001715,C12203,2024-01-28 00:00:00,Ryan,Mokoena,Gqeberha,Consumer,Online,Printer,2.0,2328.62,25%,104.12,0.15,1753.24,Back to School,Card,Returned,,4120.98,
ORD-0005328,C12964,2024-06-21 00:00:00,Naledi,Naidoo,Johannesburg,Corporate,Online,Docking Station,2.0,1316.82,0.05,108.89,0.15,1109.16,None,Card,Completed,,2986.14,
ORD-0001708,C12801,2024-07-09 00:00:00,Ryan,Mokoena,Johannesburg,Small Business,Marketplace,Printer,8.0,4159.64,0.03,57.52,0.15,2774.94,None,Mobile Wallet,Pending,,37178.14,
ORD-0000407,C12838,2025-11-19 00:00:00,Lerato,Botha,Johannesburg,Consumer,Marketplace,Headset,3.0,1767.63,0.15,135.07,0.15,1355.78,Payday Promo,Card,Completed,,5318.63,
ORD-0005050,C12471,2024-08-15 00:00:00,Chloe,Mokoena,Johannesburg,Small Business,Phone,Printer,2.0,2890.76,0.15,119.77,0.15,1858.28,None,EFT,Completed,,5771.21,
ORD-0004276,C12454,2024-02-05 00:00:00,Priya,Khumalo,Pretoria,Small Business,Phone,SSD,5.0,1108.92,0.0,8.31,0.0,870.46,None, eft ,Completed,,5552.92,
ORD-0000579,C10748,2024-10-09 00:00:00,Priya,Naidoo,Johannesburg,Consumer,Phone,Docking Station,2.0,3259.73,0.0,94.47,0.15,2708.72,None,Mobile Wallet,Returned,,7591.85,
ORD-0004915,C12638,2024-06-07 00:00:00,Ryan,Naidoo,Johannesburg,Consumer,Phone,Headset,7.0,2268.97,10%,5.71,0.15,1406.75,New Customer,Card,Completed,,16444.39,
ORD-0005592,C10506,2024-06-24 00:00:00,Thabo,Molefe,Johannesburg,Corporate,Online,SSD,,3502.01,0.05,57.45,0.15,2636.13,None,Card,Returned,,7709.33,
ORD-0000368,C11941,2025-11-14 00:00:00,Priya,Mokoena,Pretoria,Small Business,Store,Headset,2.0,1730.01,0.03,86.28,0.15,1164.93,None,Card,Completed,Rep E,3945.92,
ORD-0002993,C10673,2024-05-31 00:00:00,Thabo,Khumalo,Cape Town,Consumer,Online,Head set,3.0,7172.14,0.0,141.94,0.15,4996.17,None,Card,Returned,,24885.81,
ORD-0000537,C11780,2025-03-21 00:00:00,Andile,Khumalo,Johannesburg,Consumer,Online,Monitor,2.0,7537.29,0.0,113.82,0.15,4800.47,New Customer,Card,Completed,,17449.58,
ORD-0000148,C12352,2025-10-18 00:00:00,Megan,Patel,Johannesburg,Consumer,Store,SSD,2.0,1632.59,0.08,88.87,0.15,1304.68,Back to School,Card,Completed,Rep E,3543.43,
ORD-0004743,C12936,2024-11-23 00:00:00,Nomsa,Dlamini,Pretoria,Consumer,Online,Router,6.0,1812.32,0.03,6.95,0.14,1461.85,Summer Sale,Card,Pending,,12031.31,
ORD-0003543,C12054,2025-02-28 00:00:00,Siyanda,Naidoo,Cape Town,Consumer,Store,Mouse,5.0,945.29,0.0,120.08,0.15,594.5,Summer Sale,Card,Completed,Rep C,5555.49,
ORD-0004840,C12868,2024-03-15 00:00:00,Kabelo,Botha,Pretoria,Small Business,Marketplace,Webcam,6.0,631.77,0.05,74.38,0.15,443.43,New Customer,EFT,Cancelled,,4215.63,
ORD-0002001,C10606,2024-07-10 00:00:00,Mpho,Nkosi,Pretoria,Small Business,Online,Headset,2.0,724.67,0.1,64.14,0.15,584.28,Payday Promo,Card,Cancelled,,1564.2,
ORD-0002427,C10393,2024-12-28 00:00:00,Jason,Dlamini,Durban,Corporate,Online,Keyboard,5.0,1631.7,0.1,12.39,0.15,1179.31,None,Card,Completed,,8456.41,
ORD-0000651,C11778,2025-07-08 00:00:00,Chloe,Molefe,Johannesburg,Consumer,Store,Laptop,6.0,12056.34,0.08,43.45,0.15,7194.69,Payday Promo,EFT,Completed,Rep D,76577.1,
ORD-0000194,C10622,2024-02-09 00:00:00,Mpho,Nkosi,Pretoria,Small Business,Online,Keyboard,2.0,2169.84,0.0,67.15,0.15,1670.19,Back to School,Bank Transfer,Cancelled,,5057.78,
ORD-0001944,C10398,2025-02-24 00:00:00,Siyanda,Khumalo,Johannesburg,Consumer,Online,Webcam,5.0,1479.74,0.1,95.81,0.15,1263.49,None,Card,Cancelled,,7753.45,
ORD-0000939,C12270,2025-07-21 00:00:00,Fatima,Patel,Benoni,Consumer,Online,Laptop,1.0,,0.1,172.03,0.15,11387.71,None,Card,Completed,,17554.48,
ORD-0000167,C10225,2024-05-25 00:00:00,Ryan,Nkosi,Pretoria,Consumer,Store,Router,1.0,3060.38,0.25,68.84,0.15,1858.94,Black Friday,Mobile Wallet,Completed,Rep E,2708.41,
ORD-0000543,C10021,2024-07-24 00:00:00,Kabelo,Naidoo,Cape Town,Consumer,Marketplace,Tablet,2.0,5273.16,0.08,163.77,0.14,4053.46,None,Card,Completed,,11224.75,
ORD-0003588,C12498,08/12/2025,Kabelo,Smith,Johannesburg,Consumer,Online,Router,7.0,2503.8,0.08,27.86,0.15,1542.45,Back to School,Card,Returned,,18570.99,
ORD-0004745,C11709,2024-07-26 00:00:00,Thabo,Khumalo,Johannesburg,Corporate,Online,Printer,1.0,3369.38,0.0,54.13,0.15,2518.14,None,Bank Transfer,Cancelled,,3928.92,
ORD-0003804,C11626,2024-04-19 00:00:00,Mpho,Botha,Bloemfontein,Consumer,Marketplace,Monitor,2.0,3211.78,0.05,79.74,0.15,1877.23,None,Mobile Wallet,Completed,,7097.48,
ORD-0005001,C12594,2024-09-26 00:00:00,Chloe,Khumalo,Benoni,Consumer,Online,Office Chair,1.0,8186.06,0.03,196.22,0.15,5620.77,New Customer,Card,Completed,,9327.77,
ORD-0000628,C10232,2024-08-23 00:00:00,Fatima,Mokoena,Gqeberha,Consumer,Online,Monitor,3.0,8419.01,0.1,145.52,0.15,6172.87,None,Bank Transfer,Returned,,26286.53,
ORD-0002592,C11548,2025-12-31 00:00:00,Megan,Botha,Polokwane,Consumer,Online,Mouse,5.0,1011.42,0.15,104.13,0.15,639.03,None,Card,Completed,,5047.44,
ORD-0004536,C11010,2025-04-04 00:00:00,Zanele,Mthembu,Benoni,Consumer,Online,Monitor,2.0,6601.9,0.05,66.18,0.15,5226.19,None,Card, returned ,,14491.33,
ORD-0001102,C10995,2024-09-12 00:00:00,Jason,Williams,Benoni,Corporate,Online,Docking Station,1.0,1685.53,0.0,30.58,0.15,1073.88,None,Bank Transfer, returned ,,1968.93,
ORD-0005498,C11636,2024-07-20 00:00:00,Mpho,Williams,Johannesburg,Corporate,Online,Webcam,,514.05,0.0,100.42,0.14,317.63,None,Card,Pending,,1858.47,
ORD-0004400,C11696,2025-01-09 00:00:00,Ryan,Patel,Johannesberg,Small Business,Online,Monitor,1.0,6729.44,0.15,58.49,0.15,4215.26,None,Card,Returned,,6636.51,
ORD-0000586,C11843,2024-08-21 00:00:00,Aisha,Smith,Pretoria,Consumer,Phone,Router,6.0,1575.33,0.05,74.69,0.15,1169.4,None,Card,Returned,,10400.98,
ORD-0002766,C10005,2025-11-15 00:00:00,Naledi,Mokoena,Johannesburg,Consumer,Store,Tablet,4.0,8850.73,0.1,33.38,0.15,7365.65,Payday Promo,Cash,Completed,Rep B,36675.39,
ORD-0000372,C10579,2024-03-15 00:00:00,Daniel,Botha,Pretoria,Consumer,Marketplace,Monitor,1.0,4531.15,0.1,201.49,0.15,2933.5,Clearance,Bank Transfer,Returned,,4891.22,
ORD-0005204,C12572,2024-08-30 00:00:00,Fatima,Nkosi,Cape Town,Small Business,Online,Monitor,1.0,8375.7,0.15,132.67,0.14,5779.16,None,EFT,Cancelled,,8248.72,
ORD-0003618,C10620,2024-01-19 00:00:00,Aisha,Botha,Durban, corporate ,Online,Laptop,3.0,15961.48,0.2,94.52,0.15,11326.86,None,Card,Completed,,44148.2,
ORD-0001553,C12391,2025-03-06 00:00:00,Daniel,Pillay,Benoni,Small Business,Phone,Monitor,6.0,3824.46,0.05,21.77,0.15,3035.25,None,Card,Completed,,25091.09,
ORD-0005202,C11431,2025-02-12 00:00:00,Zanele,Mokoena,Benoni,Consumer,Marketplace,Monitor,2.0,5224.05,0.05,203.54,0.15,3488.49,None,Mobile Wallet,Pending,,11618.09,
ORD-0001272,C12849,2024-03-31 00:00:00,Kabelo,Mokoena,Benoni,Corporate,Online,SSD,2.0,4112.73,0.2,100.95,0.15,2707.69,Summer Sale,EFT,Completed,,6866.47,
ORD-0005300,C10892,2025-06-05 00:00:00,Ryan,Pillay, johannesburg ,Consumer,Store,Mouse,2.0,839.45,8%,96.21,0.15,693.58,New Customer,Bank Transfer,Completed,Rep C,1872.48,
ORD-0004386,C12991,2024-09-30 00:00:00,Daniel,Nkosi,Johannesburg,Corporate,Online,Printer,2.0,4846.72,0.1,216.35,0.15,3413.15,Summer Sale,Card,Completed,,10249.05,
ORD-0003175,C10985,2025-04-11 00:00:00,Daniel,Dlamini,Nelspruit,Consumer,Store,SSD,4.0,1538.0,0.08,146.96,0.15,922.1,None,Card,Pending,Rep C,6655.8,
ORD-0005110,C11302,2025-05-25 00:00:00,Sipho,Botha,Polokwane,Corporate,Phone,Office Chair,1.0,5830.74,0.0,132.99,0.15,4244.66,None,EFT,Pending,,6838.34,
ORD-0002661,C11476,2025-09-16 00:00:00,Andile,Molefe,Gqeberha,Small Business,Store,Laptop,1.0,8628.1,0.0,172.55,0.15,5494.33,None,Bank Transfer,Completed,Rep E,10094.86,
ORD-0002211,C12126,2025-07-17 00:00:00,Sipho,Nkosi,Johannesburg,Consumer,Online,SSD,1.0,2584.55,0.15,124.86,0.15,1671.47,Back to School,Mobile Wallet,Completed,,2651.26,
ORD-0003186,C10561,2024-08-27 00:00:00,Andile,Naidoo,Cape Town,Corporate,Marketplace,SSD,8.0,1330.31,0.0,122.47,0.15,812.66,None,EFT,Completed,,12361.31,
ORD-0002768,C12404,2025-10-08 00:00:00,Priya,Mokoena,Nelspruit,Consumer,Online,Keyboard,4.0,1292.87,0.0,6.27,0.15,848.14,Summer Sale,Bank Transfer,Completed,,5953.46,
ORD-0000904,C12383,2025-09-05 00:00:00,Mpho,Williams,Cape Town,Small Business,Store,Mouse,6.0,678.8,0.15,1.93,0.15,429.3,New Customer,Card,Returned,Rep B,3983.09,
ORD-0004422,C10284,2025-07-05 00:00:00,Priya,Nkosi,Pretoria,Consumer,Online,Headset,1.0,360.73,0.25,213.3,0.0,264.51,Back to School,Cash,Completed,,483.85,
ORD-0001635,C11028,2024-07-10 00:00:00,Daniel,Patel,Benoni,Corporate,Online,Tablet,4.0,9370.48,0.15,35.63,0.15,5579.78,Summer Sale,Card,Completed,,36674.21,
ORD-0000556,C10686,2024-03-05 00:00:00,Naledi,Nkosi,Durban,Consumer,Online,Laptop,1.0,21071.73,0.2,39.85,0.15,15312.13,None,Bank Transfer,Completed,,19425.84,
ORD-0003603,C11901,2024-04-02 00:00:00,Sipho,Mthembu,Johannesburg,Corporate,Marketplace,Head set,4.0,924.81,0.15,97.48,0.15,772.39,None, card ,Completed,,3713.47,
ORD-0005319,C11136,2025-06-18 00:00:00,Andile,Pillay,Polokwane,Corporate,Online,Mouse,1.0,1081.61,0.0,78.03,0.15,728.3,None,Cash,Completed,,1321.87,
ORD-0005758,C12465,2025-05-25 00:00:00,Mpho,Khumalo,Johannesburg,Corporate,Online,Webcam,6.0,2371.95,0.03,60.56,0.14,1648.34,None,Card,Returned,,15797.95,
ORD-0003527,C12662,2025-04-05 00:00:00,Aisha,Khumalo,Johannesburg,Consumer,Online,Headset,2.0,2624.84,0.1,149.42,0.15,1839.15,None,Card,Completed,,5582.85,
ORD-0002479,C11459,2025-10-17 00:00:00,Naledi,Molefe,Johannesburg,Corporate,Online,Laptop,2.0,12532.07,0.08,141.14,0.14,7868.42,None,Card,Completed,,26428.41,
ORD-0005355,C10294,2025-12-20 00:00:00,Jason,Smith,Polokwane,Consumer,Online,Tablet,6.0,4964.71,0.0,128.45,0.15,3346.6,New Customer,Card,Completed,,34384.98,
ORD-0001650,C11940,2025-09-23 00:00:00,Lerato,Dlamini,Johannesburg,Consumer,Phone,Monitor,3.0,7107.67,,7.55,0.15,5712.02,Payday Promo,Bank Transfer,Completed,,24529.02,
ORD-0003416,C12854,2024-01-06 00:00:00,Fatima,Botha,Johannesburg,Consumer,Online,Router,2.0,1973.65,0.0,120.35,0.15,1181.36,Summer Sale,Card,Completed,,4659.74,
ORD-0000284,C11072,2024-11-16 00:00:00,Kabelo,Nkosi,Polokwane,Corporate,Online, tablet ,1.0,5036.14,0.25,211.54,0.0,3804.47,None,Card,Completed,,3988.65,
ORD-0004102,C11221,2025-07-23 00:00:00,Zanele,Molefe,,Consumer,Store,Docking Station,1.0,1466.35,0.1,72.3,0.15,1059.92,New Customer,Mobile Wallet,Cancelled,Rep D,1589.97,
ORD-0001445,C10135,2024-05-23 00:00:00,Priya,Patel,Pretoria,Consumer,Online,Monitor,3.0,6454.19,0.25,10.66,0.15,3972.68,None,Cash,Cancelled,,16710.88,
ORD-0005765,C10361,2024-12-11 00:00:00,Zanele,Pillay,Durban,Corporate,Phone,Mouse,1.0,1208.09,0.2,64.08,0.14,838.87,Summer Sale,Card,Pending,,1165.85,
ORD-0002017,C10687,2024-11-09 00:00:00,Kabelo,Pillay,Pretoria,Corporate,Marketplace,Headset,2.0,2504.54,0.1,170.23,0.15,1648.42,None,Card,Completed,,5354.64,
ORD 0003403,C11700,2025-03-17 00:00:00,Nomsa,Smith,Johannesburg,Small Business,Marketplace,Mouse,1.0,734.66,0.15,40.52,0.15,427.06,None,Mobile Wallet,Cancelled,,758.65,734.66
ORD-0000676,C11087,2025-03-08 00:00:00,Sipho,Botha,Gqeberha,Consumer,Phone,Laptop,10.0,8206.36,0.15,115.42,0.15,5231.13,None,Card,Returned,,80332.55,
ORD-0005311,C12238,2025-10-29 00:00:00,Priya,Mthembu,Durban,Corporate,Store, keyboard ,4.0,1569.89,0.08,15.11,0.15,1204.19,New Customer,EFT,Cancelled,Rep E,6658.88,
ORD-0003348,C10089,2025-11-29 00:00:00,Priya,Patel,Cape Town,Consumer,Online,Laptop,2.0,8427.64,0.05,69.52,0.15,5777.1,Black Friday,EFT,Pending,,18637.55,
ORD-0002849,C12372,2024-06-21 00:00:00,Mpho,Smith,Cape Town,Consumer,Store,Router,2.0,3097.36,0.05,108.26,0.15,2495.94,Back to School,Mobile Wallet,Completed,Rep E,6876.0,
ORD-0001378,C11467,2024-08-18 00:00:00,Megan,Molefe,Durban,Consumer,Online,Keyboard,1.0,570.49,0.03,175.52,0.15,380.1,Summer Sale,Card,Completed,,811.9,
ORD-0001350,C11598,2024-12-16 00:00:00,Thabo,Williams,Durban,Corporate,Marketplace,Monitor,4.0,4882.29,0.1,76.15,0.0,3714.93,Payday Promo,Card,Cancelled,,17652.4,
ORD-0004593,C11876,2024-09-28 00:00:00,Naledi,Dlamini,Cape Town,Corporate,Online,Printer,3.0,5645.39,3%,92.29,0.15,3313.54,Summer Sale,Bank Transfer,Completed,,18984.6,
ORD-0000843,C12775,2025-11-22 00:00:00,Zanele,Khumalo,Polokwane,Consumer,Phone,Keyboard,1.0,1415.16,0.1,84.67,0.0,998.4,Summer Sale,EFT,Returned,,1358.31,
ORD-0001969,C12745,2025-08-24 00:00:00,Nomsa,Naidoo,Johannesburg,Consumer,Marketplace,Laptop,5.0,19377.46,0.08,148.85,0.0,16178.72,None,Bank Transfer,Returned,,89285.15,
ORD-0000071,C12820,2025-07-21 00:00:00,Megan,Naidoo,Bloemfontein,Corporate,Phone,Laptop,3.0,20868.64,0.05,131.94,0.15,16413.36,Clearance,Card,Cancelled,,68528.91,
ORD-0004563,C10632,2025-10-04 00:00:00,Daniel,Naidoo,Johannesburg, small business ,Online,Mouse,10.0,514.58,0.05,118.43,0.15,319.46,None,Card,Completed,,5740.19,
ORD-0001664,C12770,2025-05-23 00:00:00,Nomsa,Patel,Johannesburg,Small Business,Online,Webcam,2.0,2321.93,0.25,142.33,0.15,1494.21,None,Mobile Wallet,Completed,,4147.67,
ORD-0000047,C11809,2024-01-24 00:00:00,Ryan,Pillay,Cape Town,Consumer,Phone,Docking Station,2.0,5193.37,0.0,90.54,0.15,3935.21,None,Bank Transfer,Cancelled,,12035.28,
ORD-0001164,C11617,2024-04-13 00:00:00,Ryan,Pillay,Bloemfontein,Consumer,Phone,Laptop,4.0,18246.55,0.25,45.02,0.15,12609.15,None,Card,Completed,,-1000.0,
ORD-0004494,C12714,2024-06-20 00:00:00,Ryan,Nkosi,Johannesburg,Consumer,Marketplace,Mouse,2.0,358.93,0.15,210.49,0.15,276.22,None,Card,Cancelled,,912.19,
ORD-0002874,C11268,2025-07-29 00:00:00,Nomsa,Pillay,Pretoria,Corporate,Online,Mouse,5.0,970.77,0.0,14.72,0.15,590.04,None,Card,Returned,,5596.66,
ORD-0002932,C11452,2025-11-21 00:00:00,Siyanda,Williams,Durban,Consumer,Store,Monitor,3.0,2646.3,0.1,20.84,0.15,2195.86,None,Card,Completed,Rep B,8237.62,
ORD-0000785,C12010,2024-01-10 00:00:00,Lerato,Mokoena,Pretoria,Consumer,Marketplace,Laptop,7.0,17086.62,0.0,123.5,0.15,14164.21,None,Mobile Wallet, completed ,,137670.8,
ORD-0004798,C12631,2025-03-29 00:00:00,Sipho,Dlamini,Durban,Consumer,Online,SSD,2.0,2435.59,0.05,113.45,0.15,2053.1,New Customer,Cash,Returned,,5435.22,
ORD-0000423,C12247,2024-08-23 00:00:00,Kabelo,Naidoo,Johannesburg,Consumer,Online,SSD,3.0,3949.6,0.15,63.99,0.0,3055.54,Payday Promo,Card,Completed,,10135.46,
ORD-0000925,C12544,2024-05-05 00:00:00,Ryan,Naidoo,Johannesburg,Corporate,Online,Laptop,2.0,19002.98,0.0,74.05,0.15,11820.08,Clearance,Bank Transfer,Completed,,43780.91,
ORD-0000926,C11955,2025-06-24 00:00:00,Priya,Khumalo,Durban,Consumer,Phone,Tablet,2.0,3131.1,0.0,179.04,0.15,1953.79,None,Card,Cancelled,,7380.56,
ORD-0001695,C10812,2024-08-11 00:00:00,Jason,Dlamini,Polokwane,Consumer,Online,Monitor,5.0,4846.66,0.03,70.14,0.14,3388.83,None,EFT,Completed,,26867.3,
ORD-0000817,C12401,2025-10-04 00:00:00,Daniel,Nkosi,Johannesburg,Corporate,Store,SSD,2.0,3997.9,0.1,81.3,0.15,3043.43, none ,Card,Pending,Rep B,8356.96,
ORD-0004614,C11273,2025-11-02 00:00:00,Lerato,Smith,Cape Town,Consumer,Store,SSD,1.0,2469.12,0.0,178.91,0.15,1447.24,Black Friday,Bank Transfer,Completed,Rep E,3018.4,
ORD-0000865,C12887,2024-02-02 00:00:00,Ryan,Dlamini,Cape Town,Corporate,Store,Tablet,3.0,7938.2,0.0,61.13,0.15,5573.92,None,Card,Cancelled,Rep B,27447.93,
ORD-0003605,C11082,2024-12-16 00:00:00,Sipho,Mthembu,Benoni,Consumer,Online,Monitor,4.0,4699.53,0.03,45.39,0.0,3322.5,Payday Promo,Mobile Wallet,Completed,,18279.55,
ORD-0005394,C10630,2024-08-23 00:00:00,Lerato,Dlamini,Benoni,Consumer,Phone,Router,1.0,2726.2,0.1,40.88,0.15,2278.42,None,Mobile Wallet,Completed,,2862.49,
ORD-0002121,C10314,2024-07-22 00:00:00,Kabelo,Pillay,Durban,Corporate,Marketplace,Laptop,2.0,12396.36,0.03,193.94,0.15,10239.93,Payday Promo,Card,Pending,,27850.23,
ORD-0003067,C10734,2025-10-02 00:00:00,Jason,Patel,Johannesburg,Corporate,Online,Monitor,1.0,7802.9,0.0,142.22,0.15,6198.05,Summer Sale,Mobile Wallet,Completed,,9115.55,
ORD-0002084,C12476,2024-12-12 00:00:00,Daniel,Mokoena,Johannesburg,Small Business,Marketplace,SSD,4.0,4184.57,0.1,118.9,0.14,2840.63,Payday Promo,Mobile Wallet,Completed,,17292.37,
ORD-0002407,C10778,2025-09-28 00:00:00,Naledi,Pillay,Polokwane,Consumer,Online,Office Chair,1.0,2425.55,0.1,182.78,0.15,1837.38,None,EFT,Completed,,2693.22,
ORD-0001459,C10911,2025-02-12 00:00:00,Ryan,Mthembu,Cape Town,Small Business,Store,Laptop,6.0,17331.09,0.05,61.14,0.0,13589.18,None,Card,Returned,Rep A,98848.36,
ORD-0001717,C12031,2025-08-29 00:00:00,Lerato,Nkosi,Bloemfontein,Consumer,Store,Laptop,3.0,11348.78,0.15,20.88,0.15,8668.56,Clearance,Mobile Wallet,Completed,Rep B,33301.16,
ORD-0003968,C10576,2025-09-08 00:00:00,Ryan,Mthembu,Polokwane,Consumer,Online,Docking Station,2.0,3122.45,0.2,163.28,0.0,2263.17,None,Bank Transfer,Completed,,5159.21,
ORD-0003928,C11479,2024-04-26 00:00:00,Zanele,Pillay,Pretoria,Small Business,Phone,Laptop,2.0,19757.81,0.05,121.53,0.15,14328.54,None,Card,Completed,,43292.34,
ORD-0001379,C11907,2024-03-12 00:00:00,Siyanda,Dlamini, pretoria ,Corporate,Phone,Mouse,1.0,943.54,0.15,212.1,0.0,743.86,None,Mobile Wallet,Cancelled,,1014.11,
ORD-0005889,C12996,2024-11-13 00:00:00,Daniel,Molefe,Johannesburg,Corporate,Online,Keyboard,3.0,1268.85,0.08,32.32,0.15,774.25,Black Friday,Bank Transfer,Pending,,4059.66,
ORD-0000989,C11817,2025-08-13 00:00:00,Fatima,Patel,Pretoria,Corporate,Online,Mouse,4.0,712.61,0.0,73.98,0.15,455.93,Summer Sale,Mobile Wallet,Returned,,3351.97,
ORD-0004025,C12723,2024-01-20 00:00:00,Kabelo,Pillay,Johannesburg,Corporate,Store,Mouse,4.0,1270.4,0.15,82.81,0.0,1059.78,Payday Promo,Card,Completed,Rep D,4402.16,
ORD-0002078,C12819,2024-05-30 00:00:00,Aisha,Smith,Johannesburg,Small Business,Online,Monitor,1.0,5004.1,0.1,203.39,0.15,3264.19,None,EFT,Completed,,5382.63,
ORD-0000269,C12541,2024-04-07 00:00:00,Nomsa,Williams,Bloemfontein,Small Business,Online,Printer,1.0,"R 6,357.12",0.0,202.92,0.15,3960.25,None,Bank Transfer,Pending,,7513.61,
ORD-0001484,C10765,2024-11-03 00:00:00,Jason,Mokoena,Pretoria,Consumer, store ,Mouse,2.0,527.22,0.03,198.66,0.15,321.8,None,Cash,Returned,Rep C,1374.89,
ORD-0005411,C11510,2025-08-03 00:00:00,Chloe,Williams,Pretoria,Consumer,Marketplace,Mouse,1.0,153.02,0.0,132.12,0.15,109.27,New Customer,Mobile Wallet,Returned,,308.09,
ORD-0000189,C12500,2025-04-05 00:00:00,Megan,Mthembu,Polokwane,Consumer,Marketplace,Keyboard,1.0,1108.82,0.0,180.78,0.15,665.81,Summer Sale,EFT,Completed,,1455.92,
ORD-0000285,C11403,2025-06-27 00:00:00,Zanele,Dlamini,Johannesburg,Corporate,Phone,Monitor,6.0,1918.54,0.1,61.09,0.15,1220.67,None,Cash,Pending,,11975.22,
ORD-0005506,C10927,2024-11-09 00:00:00,Jason,Williams,Johannesburg,Consumer,Marketplace,Keyboard,4.0,2083.18,0.25,100.84,0.15,1671.7,Summer Sale,Mobile Wallet,Completed,,7287.81,
ORD-0004440,C12870,2025-09-04 00:00:00,Sipho,Mthembu,Johannesburg,Consumer,Online,Monitor,3.0,5205.29,0.0,22.32,0.15,3710.13,None,Card,Completed,,17980.55,
ORD-0003606,C11740,2025-02-21 00:00:00,Naledi,Williams,Johannesburg,Small Business,Store,Monitor,1.0,3139.62,0.2,59.96,0.15,2209.67,None,Card,Pending,Rep B,2948.41,
ORD-0004104,C10590,2025-01-20 00:00:00,Fatima,Dlamini,Johannesburg,Consumer,Marketplace,SSD,1.0,1082.93,,60.44,0.15,725.76,None,Card,Cancelled,,1243.54,
ORD-0000760,C10102,2025-10-31 00:00:00,Andile,Mokoena,Johannesburg,Consumer,Online,Router,4.0,1364.67,0.0,115.01,0.0,993.3,Summer Sale,Mobile Wallet,Completed,,5573.69,
ORD-0002062,C11369,2025-11-03 00:00:00,Andile,Mokoena,Johannesburg,Consumer,Marketplace,Laptop,4.0,10085.58,0.05,30.03,0.0,6325.3,Black Friday,Mobile Wallet,Completed,,38355.21,
ORD-0003949,C10065,2025-12-06 00:00:00,Priya,Patel,Bloemfontein,Corporate,Marketplace,Router,2.0,2524.47,0.1,37.32,,1486.92,None,Mobile Wallet,Completed,,5262.97,
ORD-0005495,C10637,2025-10-27 00:00:00,Sipho,Pillay, pretoria ,Consumer,Store,Keyboard,3.0,2042.28,0.2,118.37,0.15,1225.22,None,Mobile Wallet,Cancelled,Rep E,5755.06,
ORD-0002158,C10160,13/05/2024,Lerato,Mokoena,Polokwane,Small Business,Store,Printer,5.0,4312.33,0.15,52.85,0.15,3500.1,Payday Promo,Card,Completed,Rep C,21129.36,
ORD-0000055,C12508,2025-10-01 00:00:00,Priya,Naidoo,Bloemfontein,Consumer,Online,Laptop,1.0,21330.92,0.2,73.78,0.0,14315.1,Summer Sale,Card,Cancelled,,17138.52,
ORD-0005177,C10523,2024-02-19 00:00:00,Andile,Khumalo,Gqeberha,Consumer,Online,Keyboard,3.0,2131.47,0.15,15.11,0.15,1802.27,Payday Promo,Mobile Wallet,Completed,,6265.64,
ORD-0005682,C10010,2025-05-19 00:00:00,Jason,Pillay,Cape Town,Corporate,Store,Mouse,7.0,424.48,0.1,118.93,0.15,275.76,Black Friday,Card,Completed,Rep B,3194.26,
ORD-0002279,C12127,2024-12-08 00:00:00,Thabo,Pillay,Johannesburg,Small Business,Online,Headset,2.0,1056.38,0.15,77.8,0.14,897.68,None,Card,Cancelled,,2125.07,
ORD-0002555,C10199,2024-01-23 00:00:00,Jason,Williams,Bloemfontein,Consumer,Online,Monitor,1.0,8240.45,0.1,160.23,0.15,5874.26,None,EFT,Completed,,8689.09,
ORD-0003125,C11643,2024-12-24 00:00:00,Jason,Mokoena,Johannesburg,Consumer,Online,Monitor,1.0,2662.67,0.0,120.1,0.15,1781.19,None,Mobile Wallet,Returned,,3182.17,
ORD-0005461,C12188,2024-05-16 00:00:00,Daniel,Dlamini,Pretoria,Consumer,Online,Docking Station,6.0,4338.3,0.1,18.75,0.15,3444.73,None,Card,Completed,,26959.57,
ORD-0004978,C12205,2024-03-27 00:00:00,Nomsa,Botha,Gqeberha,Corporate,Online,Laptop,2.0,10139.26,0.0,91.16,0.15,6412.48,Summer Sale,Cash,Cancelled,,23411.46,
ORD-0001780,C11648,2024-07-10 00:00:00,Megan,Nkosi,Polokwane,Consumer,Store,Docking Station,2.0,2916.74,0.0,191.12,0.14,2112.06,None,Mobile Wallet,Returned,Rep D,6841.3,
ORD-0001611,C12713,2025-12-14 00:00:00,Megan,Dlamini,Pretoria,Small Business,Online,Router,2.0,673.99,0.05,132.39,0.15,520.99,Payday Promo,Card,Pending,,1605.07,
ORD-0002012,C11373,2025-06-12 00:00:00,Ryan,Pillay,Durban,Consumer,Phone,Docking Station,2.0,1371.63,0.05,119.32,0.15,883.41,None,EFT,Completed,,3116.33,
ORD-0000376,C10416,2024-01-17 00:00:00,Zanele,Botha,Polokwane,Consumer,Online,Headset,5.0,2609.9,0.05,28.83,0.15,2061.76,Clearance,Mobile Wallet,Completed,,14285.41,
ORD-0004040,C11833,2025-01-12 00:00:00,Jason,Nkosi,Durban,Consumer,Online,Keyboard,2.0,1360.6,0.05,87.11,0.15,1163.96,None,,Completed,,3060.02,
ORD-0001583,C12516,2024-12-02 00:00:00,Thabo,Botha,Johannesburg,Consumer, online ,SSD,2.0,1751.04,0.15,53.64,0.15,1246.23,None,Cash,Completed,,3476.93,
ORD-0002245,C12265,2024-05-09 00:00:00,Kabelo,Naidoo,Johannesburg,Corporate,Store,Laptop,1.0,8580.81,0.08,48.72,0.15,6143.67,None,Card,Completed,Rep C,13224.67,
ORD-0005703,C10390,2025-11-07 00:00:00,Naledi,Mthembu,Cape Town,Small Business,Marketplace,Mouse,1.0,1193.5,0.05,173.0,0.15,967.89,None,Cash,Pending,,1476.89,
ORD-0001663,C10726,2024-10-15 00:00:00,Fatima,Dlamini,Johannesburg,Consumer,Store,Printer,3.0,4291.34,0.2,30.0,0.15,3329.23,None,Card,Returned,Rep C,11874.11,
ORD-0004161,C10302,2024-05-16 00:00:00,Kabelo,Pillay,Polokwane,Consumer,Online,Router,6.0,2824.07,0.08,77.03,0.15,2055.4,None,Card,Completed,,18004.2,
ORD-0003672,C10152,2024-02-03 00:00:00,Aisha,Mthembu,Polokwane,Consumer,Marketplace,Webcam,10.0,1529.83,0.03,99.87,0.15,966.73,None,Mobile Wallet,Completed,,17165.13,
ORD-0003168,C10913,2025-12-08 00:00:00,Priya,Mokoena,Bloemfontein,Corporate,Online,Headset,3.0,1510.11,0.1,145.14,0.15,1281.53,None,Bank Transfer,Completed,,4834.04,
ORD-0000848,C11724,2025-11-17 00:00:00,Mpho,Nkosi,Polokwane,Consumer,Online,Headset,1.0,949.36,0.05,38.07,0.15,758.71,None,Card,Returned,,1075.24,
ORD-0003340,C10677,2025-01-27 00:00:00,Ryan,Pillay,Johannesburg,Consumer,Phone,Monitor,5.0,7208.72,0.25,60.58,0.15,6100.36,Back to School,Card,Completed,,31148.18,
ORD-0000846,C10698,2024-10-19 00:00:00,Priya,Smith,Benoni,Consumer,Online,Router,1.0,2816.09,0.08,183.85,0.15,2376.62,None,EFT,Completed,,3163.27,
ORD-0004779,C11947,2024-03-24 00:00:00,Sipho,Patel,Gqeberha,Small Business,Store,Office Chair,3.0,2889.05,0.2,12.58,0.15,2431.61,None,Card,Returned,Rep B,7986.35,
ORD-0004649,C10508,2025-03-03 00:00:00,Zanele,Khumalo,Cape Town,Consumer,Store,Laptop,1.0,14556.43,0.1,75.64,0.15,8681.55,Clearance,EFT,Completed,Rep D,15141.55,
ORD-0004235,C11755,2025-03-03 00:00:00,Priya,Molefe,Pretoria,Small Business,Marketplace,Office Chair,1.0,4201.16,0.08,69.88,0.15,2861.91,None,Card,Completed,,4514.71,
ORD-0000484,C11386,2025-04-29 00:00:00,Naledi,Nkosi,Johannesburg,Corporate,Store,Mouse,1.0,780.05,0.0,143.32,0.15,512.54,Payday Promo,Card,Completed,Rep B,1040.38,
ORD-0000236,C12175,2025-05-18 00:00:00,Siyanda,Naidoo,Benoni,Consumer,Online,Keyboard,3.0,1736.06,0.03,9.61,0.15,1146.44,Black Friday,EFT,Completed,,5819.32,
ORD-0003624,C11128,2024-03-23 00:00:00,Andile,Patel,Bloemfontein,Consumer,Online,SSD,1.0,2978.71,0.05,165.94,0.15,2544.41,New Customer,Card,Pending,,3420.18,
ORD-0003705,C11754,2024-07-31 00:00:00,Mpho,Molefe,Bloemfontein,Consumer,Online,Mouse,6.0,414.97,0.05,17.23,0.15,275.78,Clearance,Card,Pending,,3688.83,
ORD-0003453,C10568,2025-07-02 00:00:00,Zanele,Williams,Gqeberha,Consumer,Online,Laptop,3.0,12593.83,0.08,147.64,0.15,8476.98,None,EFT,Pending,,40120.45,
ORD-0005397,C12169,2024-09-04 00:00:00,Ryan,Botha,Benoni,Consumer,Online,Docking Station,1.0,4091.15,0.15,100.71,0.15,3371.72,New Customer,Card,pending,,4099.8,4091.15
ORD-0002433,C12164,2025-06-02 00:00:00,Andile,Mokoena,Pretoria,Corporate,Online,Printer,4.0,5940.56,0.05,148.57,0.15,3954.9,None,Card,Completed,,26108.81,
ORD-0001125,C10411,2024-01-11 00:00:00,Priya,Mthembu,Cape Town,Corporate,Online,Headset,1.0,2358.43,0.0,215.01,0.15,1850.74,None,Card,Returned,,2927.2,
ORD-0002639,C12396,2024-06-14 00:00:00,Ryan,Williams,Gqeberha,Consumer,Online, office chair ,3.0,2985.93,0.2,124.15,0.15,1732.95,Back to School,EFT,Cancelled,,8365.3,
ORD-0004791,C12251,2024-04-26 00:00:00,Priya,Patel,Pretoria,Corporate,Phone,Tablet,2.0,"R 8,266.02",0.0,149.72,0.15,5803.73,None,Mobile Wallet,Cancelled,,19161.56,
ORD-0005041,C10303,2025-09-11 00:00:00,Ryan,Patel,Johannesburg,Consumer,Online,Router,1.0,2827.19,0.0,47.42,0.0,2106.6,Back to School,Card,Completed,,2874.61,
ORD-0001357,C11595,2024-12-24 00:00:00,Aisha,Botha,Polokwane,Small Business,Marketplace,Tablet,2.0,9052.63,0.2,187.41,0.15,6938.86,Payday Promo,EFT,Pending,,16844.24,
ORD-0002224,C12621,2025-02-14 00:00:00,Zanele,Naidoo,Durban,Small Business,Store,Laptop,2.0,18692.51,0.0,203.44,0.15,14048.62,Summer Sale,Bank Transfer,Cancelled,Rep D,43196.21,
ORD-0002484,C11237,2025-06-03 00:00:00,Naledi,Williams,Durban,Corporate,Online,Keyboard,3.0,1715.53,0.2,96.64,0.0,1373.66,None,EFT,Completed,,4213.9,
ORD-0000823,C10145,2024-12-31 00:00:00,Kabelo,Williams,Durban,Corporate,Online,Laptop,8.0,11767.74,0.05,137.79,0.15,9358.46,Back to School,Mobile Wallet,Completed,,102987.81,
ORD-0000557,C12505,2024-09-12 00:00:00,Naledi,Smith,Polokwane,Consumer,Store, webcam ,5.0,2173.58,0.08,31.06,0.15,1420.49,None,Cash,Completed,Rep E,11529.29,
ORD-0001283,C11410,2024-02-16 00:00:00,Kabelo,Molefe,Polokwane,Corporate,Online,Mouse,7.0,346.0,0.15,147.28,0.15,271.22,New Customer,Card,Completed,,2514.76,
ORD-0003723,C11977,2024-07-29 00:00:00,Fatima,Molefe,Polokwane,Corporate,Marketplace,Printer,1.0,2723.03,0.1,92.62,0.14,1749.48,Clearance,Mobile Wallet,Completed,,2886.45,
ORD-0004471,C11097,2024-11-09 00:00:00,Kabelo,Mthembu,Johannesburg,Consumer,Online,SSD,8.0,4123.06,0.08,18.49,0.15,3184.06,None,Card,Returned,,34916.09,
ORD-0000824,C10783,2025-01-21 00:00:00,Daniel,Mokoena,Durban,Corporate,Marketplace,Headset,6.0,2419.25,,31.01,0.15,1411.13,None,Card, completed ,,15388.39,
ORD-0005819,C10896,2025-01-15 00:00:00,Zanele,Williams,Pretoria,,Online,SSD,2.0,3693.1,0.03,183.15,0.15,3006.88,Black Friday,Card,Returned,,8422.47,
ORD-0002851,C11540,2024-11-16 00:00:00,Nomsa,Smith,Johannesburg,Corporate,Store,Docking Station,1.0,1372.45,0.0,88.29,0.15,1123.26,None,Card,Completed,Rep C,1666.61,
ORD-0004179,C11344,2024-07-10 00:00:00,Lerato,Khumalo,Benoni,Corporate,Marketplace,Mouse,3.0,663.6,0.15,135.66,0.15,465.69,None,EFT,Pending,,2081.67,
ORD-0003262,C10887,2024-01-25 00:00:00,Fatima,Nkosi,Polokwane,Small Business,Phone,Monitor,6.0,8027.78,0.0,22.43,0.15,5748.82,None,Card,Pending,,55414.11,
ORD-0004534,C11536,2025-07-27 00:00:00,Chloe,Mthembu,Gqeberha,Corporate,Online,Mouse,2.0,1321.44,0.1,198.67,0.15,1003.13,Summer Sale,Card,Completed,,2934.05,
ORD-0004640,C10977,2024-12-01 00:00:00,Daniel,Mokoena,Benoni,Corporate,Online,Tablet,4.0,10337.52,0.05,92.47,0.0,8558.59,Clearance,Bank Transfer,Completed,,53499.16,
ORD-0005950,C11007,2025-08-25 00:00:00,Jason,Mthembu,Johannesburg,Consumer,Online,Laptop,6.0,10209.92,0.05,101.29,0.14,8442.32,Back to School,Card,Pending,,66445.33,
ORD-0001845,C12396,2024-01-17 00:00:00,Naledi,Molefe,Pretoria,Consumer,Phone,Monitor,3.0,8255.42,0.2,110.56,0.15,5041.83,New Customer,EFT,Completed,,22895.53,
ORD-0001252,C12979,2024-12-22 00:00:00,Nomsa,Nkosi,Gqeberha,Consumer,Online,Mouse,2.0,793.45,0.05,198.86,0.15,490.9,None,Card,Pending,,1932.56,
ORD-0000211,C12630,2025-06-22 00:00:00,Aisha,Williams,Bloemfontein,Consumer,Marketplace,Monitor,2.0,4905.64,0.1,143.03,0.15,3162.3,Back to School,EFT,Returned,,10297.71,
ORD-0001532,C12953,2024-06-02 00:00:00,Lerato,Smith,Pretoria,Consumer,Store,Laptop,2.0,18378.83,0.15,137.72,0.15,15304.63,None,Card,Returned,Rep C,36068.33,
ORD-0001616,C10553,2025-11-08 00:00:00,Mpho,Khumalo,Pretoria,Consumer,Phone,Headset,1.0,1927.43,0.05,,0.15,1599.81,None,Mobile Wallet,Completed,,2213.72,
ORD-0003776,C11121,2024-06-27 00:00:00,Andile,Botha,Nelspruit,Consumer,Online,Laptop,10.0,15963.54,0.2,16.59,0.15,11822.83,None,Card,Completed,,146881.18,
ORD-0004252,C10259,2024-07-10 00:00:00,Lerato,Pillay,Johannesburg,Consumer,Online,Printer,6.0,5610.14,0.15,51.99,0.15,3527.42,Clearance,Card,Cancelled,,32955.49,
ORD-0000140,C11454,2025-03-13 00:00:00,Priya,Mthembu,Polokwane,Consumer,Online, laptop ,4.0,15257.11,0.1,95.36,0.15,12536.2,None,MobileWallet,Pending,,63259.78,
ORD-0004283,C12519,2025-02-28 00:00:00,Kabelo,Molefe,Polokwane,Consumer,Online,Printer,4.0,5294.35,0.1,54.96,0.0,4462.07,None,Mobile Wallet,Completed,,19114.61,
ORD-0004065,C11068,2024-01-03 00:00:00,Aisha,Nkosi,Benoni,Small Business,Marketplace,Laptop,2.0,17372.52,0.03,88.95,0.15,14497.08,None,Card,Completed,,38847.03,
ORD-0002417,C11195,2024-09-17 00:00:00,Priya,Patel,Johannesburg,Consumer,Store,Mouse,3.0,284.11,0.0,89.73,0.15,177.03,Black Friday,Card,Completed,Rep D,1069.93,
ORD-0002499,C10216,2024-04-21 00:00:00,Thabo,Botha,Johannesburg,Consumer,Online,Docking Station,7.0,1361.45,0.0,98.43,0.15,834.07,Payday Promo,Card,Completed,,11058.09,
ORD-0002326,C12566,2024-03-04 00:00:00,Megan,Molefe,Cape Town,Consumer,Online,Monitor,3.0,999999,0.03,148.89,0.15,6086.8,Payday Promo,EFT,Completed,,23937.18,
ORD-0003371,C10777,2024-05-03 00:00:00,Nomsa,Williams,Nelspruit,Small Business,Online,Mouse,2.0,957.75,0.05,181.32,0.15,651.64,None,Card,Completed,,2274.01,
ORD-0005579,C12970,2024-02-10 00:00:00,Megan,Mthembu,Cape Town,Consumer,Online,Docking Station,4.0,5091.17,0.08,62.69,0.15,3373.4,Clearance,Mobile Wallet,Completed,,21608.54,
ORD-0001054,C11210,2025-02-04 00:00:00,Zanele,Williams,Polokwane,Consumer,Store,Office Chair,3.0,6493.94,0.0,17.96,0.15,5162.65,None,Mobile Wallet,Pending,Rep D,22422.06,
ORD-0003655,C10975,2024-01-03 00:00:00,Jason,Naidoo,Johannesburg,Consumer,Online,Keyboard,2.0,868.86,0.1,185.78,0.15,692.45,None,Card,Pending,,1984.31,
ORD-0002620,C10105,13/11/2024,Kabelo,Mokoena,Johannesburg,Consumer,Online,Docking Station,1.0,1719.39,0.0,115.46,0.14,1454.05,Back to School,EFT,Completed,,2075.56,
ORD-0005658,C10261,2024-04-17 00:00:00,Chloe,Naidoo,Cape Town,Consumer,Store,Office Chair,3.0,5606.1,0.1,128.6,0.15,3594.76,Clearance,EFT,Pending,Rep C,17535.55,
ORD-0004232,C12745,2025-08-02 00:00:00,Kabelo,Khumalo,Johannesburg,Consumer,Online,Headset,1.0,1791.09,0.05,107.55,0.15,1135.47,None,Card,Completed,,2064.32,
ORD-0004968,C12466,2025-04-24 00:00:00,Zanele,Dlamini, johannesburg ,Corporate,Online,SSD,1.0,1210.12,0.03,139.5,0.0,795.11,None,Cash,Completed,,1313.31,
ORD-0002015,C12555,2025-07-10 00:00:00,Aisha,Mokoena,Johannesburg,Small Business,Online,Mouse,1.0,279.61,0.1,107.96,0.15,223.54,None,Cash,Completed,,397.36,
ORD-0004811,C11002,2024-12-14 00:00:00,Aisha,Smith,Bloemfontein,Consumer,Store,Laptop,1.0,13236.98,0.0,167.42,0.15,9818.3,None,Card,Completed,,15389.95,
ORD-0005747,C12630,2024-05-19 00:00:00,Kabelo,Molefe,Durban,Corporate,Online,Tablet,2.0,4430.41,0.08,143.1,0.15,3159.8, none ,Card,Completed,,9517.84,
ORD-0000594,C10831,2024-11-19 00:00:00,Mpho,Botha,Pretoria,Consumer,Phone,Router,2.0,2149.31,0.05,181.29,0.15,1388.0,Clearance,EFT,Completed,,4877.53,
ORD-0002883,C11253,2025-10-08 00:00:00,Naledi,Khumalo,Pretoria,Consumer,Store,Webcam,1.0,842.12,0.05,90.45,0.14,711.51,Summer Sale,Cash,Completed,Rep B,1002.46,
ORD-0000880,C10010,2024-02-14 00:00:00,Daniel,Patel,Gqeberha, consumer ,Phone,Laptop,1.0,16341.93,0.1,167.06,0.15,10266.25,Payday Promo,Mobile Wallet, completed ,,17080.96,
ORD-0003636,C10473,2025-07-01 00:00:00,Aisha,Mthembu,Johannesburg,Consumer,Online,Tablet,1.0,8727.34,0.08,143.55,0.15,5297.06,Clearance,Card,Cancelled,,9377.08,
ORD-0001033,C10909,2025-05-28 00:00:00,Thabo,Mthembu,Durban,Consumer,Online,SSD,1.0,,0.0,178.89,0.15,840.89,None,Mobile Wallet,Completed,,1499.78,
ORD-0000345,C11337,2024-02-21 00:00:00,Priya,Nkosi,Johannesburg,Consumer,Online,Office Chair,2.0,5581.14,0.1,219.48,0.15,4487.39,None,Card,Returned,,11772.44,
ORD-0000842,C10615,2025-03-27 00:00:00,Megan,Patel,Bloemfontein,Consumer,Online,Printer,6.0,5197.49,0.2,41.86,0.14,3950.87,None,EFT,Cancelled,,28482.5,
ORD-0005349,C10798,2025-12-11 00:00:00,Megan,Mokoena,Polokwane,Consumer,Online,Docking Station,3.0,4376.17,0.1,49.79,0.15,3604.45, none ,Card,Completed,,13637.78,
ORD-0002474,C12886,2024-10-09 00:00:00,Lerato,Smith,Pretoria,Consumer,Store,Mouse,4.0,534.57,0.05,97.79,15%,454.72,None,Bank Transfer,Completed,Rep B,2433.86,
ORD-0005181,C10988,2025-08-18 00:00:00,Ryan,Mthembu,Pretoria,Consumer,Online,Headset,2.0,376.34,0.03,187.66,0.14,313.42,None,Mobile Wallet,Completed,,1019.97,
ORD-0004148,C12469,2025-07-12 00:00:00,Mpho,Molefe,Cape Town,Corporate,Phone,Tablet,1.0,6527.66,0.03,44.47,0.15,4247.32,Payday Promo,EFT,Pending,,7326.08,
ORD-0003253,C12391,2025-03-17 00:00:00,Andile,Pillay,Benoni,Consumer,Online,Tablet,3.0,4963.95,0.0,144.18,0.15,3155.01,None,Bank Transfer,Cancelled,,17269.81,
ORD-0001864,C10664,2024-10-01 00:00:00,Kabelo,Khumalo,Benoni,Small Business,Online,Mouse,3.0,952.55,0.15,22.71,0.15,742.22,Black Friday,Card,Pending,,2816.06,
ORD-0004021,C10320,2025-08-06 00:00:00,Thabo,Botha,Johannesburg, corporate ,Online,Office Chair,2.0,8915.75,0.08,86.18,0.15,6530.65,None,Card,Completed,,18951.91,
ORD-0003394,C10671,2024-11-01 00:00:00,Lerato,Mthembu,Pretoria,Consumer,Store,SSD,1.0,3596.85,0.15,164.0,0.15,2108.48,None,Card,Pending,Rep B,3679.91,
ORD-0005070,C12667,2024-09-17 00:00:00,Thabo,Khumalo,Benoni,Consumer,Store,Mouse,2.0,561.5,0.15,42.99,0.15,403.92,None,Card,Pending,Rep A,1140.73,
ORD-0003720,C10346,2025-05-02 00:00:00,Lerato,Mokoena,Cape Town,Consumer,Marketplace,Headset,6.0,1606.8,0.1,54.99,0.15,1043.05, none ,Card,Cancelled,,10033.2,
ORD-0005970,C11440,2025-07-10 00:00:00,Fatima,Pillay,Johannesburg,Consumer,Phone,Laptop,1.0,17381.03,0.0,90.42,0.15,10482.3,None,Card,Pending,,20078.61,
ORD-0003179,C12189,2024-10-05 00:00:00,Mpho,Mokoena,Durban,Consumer,Online,Docking Station,2.0,1628.06,0.03,179.81,0.15,1190.86,None,Mobile Wallet,Returned,,3812.01,
ORD 0003789,C11071,2024-11-23 00:00:00,Nomsa,Pillay,Johannesburg,Consumer,Online,Monitor,10.0,2760.01,0.08,112.22,0.15,2369.29,Payday Promo,Card,Pending,,29313.1,
ORD-0004615,C11429,2024-04-07 00:00:00,Nomsa,Molefe,Pretoria, corporate ,Store,Docking Station,5.0,4548.1,0.0,50.02,0.15,3274.71,New Customer,Card,Completed,Rep C,26201.62,
ORD-0004976,C10548,2025-11-30 00:00:00,Siyanda,Naidoo,Durban,Consumer,Online,Monitor,2.0,3402.74,0.08,201.46,0.14,2781.55,Payday Promo,Card,Completed,,7339.05,
ORD-0003448,C11887,2024-07-26 00:00:00,Priya,Botha,Cape Town,Small Business,Online,Printer,4.0,5264.7,0.0,91.33,0.15,4328.94,Payday Promo,Card,Completed,,24308.96,
ORD-0005049,C12567,2025-09-11 00:00:00,Naledi,Nkosi,Pretoria,Consumer,Online,Webcam,10.0,2075.41,0.03,147.67,0.15,1530.75,None,EFT,Completed,,23298.83,
ORD-0000961,C11822,2024-03-22 00:00:00,Ryan,Dlamini,Johannesburg,Consumer,Online,Headset,7.0,543.71,0.0,83.61,0.15,400.69,None,Cash,Completed,,4460.44,
ORD-0003208,C11947,2024-09-01 00:00:00,Lerato,Smith,Pretoria,Corporate,Online,Docking Station,1.0,4689.96,0.15,62.24,0.15,4014.8,None,EFT,Completed,,4646.67,
ORD-0003099,C12575,2024-05-07 00:00:00,Daniel,Patel,Cape Town,Corporate,Online,Router,6.0,3022.63,0.15,89.97,0.15,1756.37,None,Cash,Pending,,17817.7,
ORD-0001810,C11803,2025-08-11 00:00:00,Chloe,Molefe,Johannesburg,Consumer,Store,Office Chair,1.0,6751.07,0.1,160.78,0.15,4262.26,None,Bank Transfer,Completed,Rep D,7148.14,
ORD-0004039,C12471,2024-07-06 00:00:00,Sipho,Molefe,Pretoria,Consumer,Marketplace,Printer,1.0,3468.92,0.03,194.32,0.15,2345.07,None,EFT,Completed,,4063.9,
ORD-0002910,C12574,2025-02-12 00:00:00,Jason,Mokoena,Johannesburg,Consumer,Phone,Mouse,2.0,1028.77,0.0,194.11,0.15,717.2,Back to School,Card,Cancelled,,2560.28,
ORD-0003356,C10823,2025-09-14 00:00:00,Priya,Mthembu,Johannesburg,Small Business,Online,Office Chair,4.0,3595.68,0.15,98.64,0.15,2885.91,None,Card,Returned,,14157.74,
ORD-0001190,C10811,2024-09-01 00:00:00,Daniel,Khumalo,Benoni,Corporate,Online,Monitor,1.0,5289.68,0.15,56.1,0.15,3761.28,Back to School,Card,Completed,,5226.77,
ORD-0002235,C12498,2024-01-03 00:00:00,Mpho,Mthembu,Gqeberha,Consumer,Marketplace,Office Chair,1.0,7776.31,0.1,39.1,0.15,5838.8,None,Card,Returned,,8087.58,
ORD-0005150,C10022,2024-05-04 00:00:00,Chloe,Patel,Johannesburg,Small Business,Online,Mouse,3.0,1152.94,0.08,7.9,0.0,912.19,None,Card,Returned,,3190.0,
ORD-0004170,C10721,2025-02-24 00:00:00,Fatima,Dlamini,Pretoria,Consumer,Online,Printer,2.0,5379.04,0.05,129.8,0.0,4012.39,None,Card,Pending,,10349.97,
ORD-0005094,C10744,2024-05-23 00:00:00,Sipho,Mthembu,Johannesburg,Corporate,Online,Mouse,5.0,1285.96,0.1,114.95,0.15,1042.32,None,EFT,Completed,,6769.81,
ORD-0001359,C11762,2025-06-10 00:00:00,Megan,Williams,Johannesburg,Consumer,Store,Monitor,1.0,4809.74,0.15,127.72,0.15,3094.27,None,EFT,Completed,Rep E,4829.24,
ORD-0001490,C12999,2024-04-24 00:00:00,Chloe,Khumalo,Cape Town,Corporate,Marketplace,Tablet,3.0,7801.79,0.08,103.95,0.15,6538.6,Clearance,Mobile Wallet,Completed,,34636.42,
ORD-0003639,C12424,2025-04-25 00:00:00,Priya,Botha,Benoni,Consumer,Store,Office Chair,2.0,4099.51,0.1,41.57,0.15,3403.97,Back to School,Mobile Wallet,Completed,Rep E,8527.56,
ORD-0001565,C11964,2025-08-13 00:00:00,Mpho,Mokoena,Johannesburg,Consumer,Online,Keyboard,4.0,447.58,0.05,31.8,0.15,360.15,None,Card,Returned,,1987.71,
ORD-0003859,C10368,2024-06-07 00:00:00,Fatima,Dlamini,Cape Town,Consumer,Store,Headset,1.0,"R 1,042.51",0.08,110.16,0.15,810.76,None,EFT,Completed,Rep E,1213.14,
ORD-0005452,C10455,2024-05-28 00:00:00,Nomsa,Dlamini,Gqeberha,Consumer,Online,Laptop,3.0,9906.49,0.0,142.72,0.15,6769.98,None,Card,Completed,,34320.12,
ORD-0003531,C10510,2024-06-19 00:00:00,Fatima,Dlamini,Pretoria,Consumer,Store,Headset,5.0,2145.73,0.05,133.92,0.15,1515.99,None,EFT,Completed,Rep E,11854.95,
ORD-0004385,C12175,2024-11-08 00:00:00,Priya,Mokoena,Polokwane,Consumer,Online,Webcam,2.0,1915.34,0.05,129.2,0.15,1141.46,None,Bank Transfer,Returned,,4314.21,
ORD-0005117,C11830,2024-06-17 00:00:00,Zanele,Pillay,Nelspruit,Corporate,Marketplace,Laptop,3.0,18761.31,0.03,143.58,0.15,12570.76,Back to School,Mobile Wallet,Returned,,62928.3,
ORD-0002519,C11564,2024-02-23 00:00:00,Thabo,Dlamini,Nelspruit,Consumer,Marketplace,Keyboard,1.0,688.61,0.2,201.25,0.15,460.87,None,EFT,Completed,,834.77,
ORD-0000126,C10577,2025-02-22 00:00:00,Thabo,Dlamini,Cape Town,Consumer,Marketplace,Office Chair,2.0,5747.68,0.0,96.95,0.15,4768.11,None,Card,Pending,,13316.62,
ORD-0000365,C11297,2025-01-28 00:00:00,Daniel,Naidoo,Johannesburg,Consumer,Store,Monitor,5.0,7525.46,0.05,72.46,0.15,5198.72,Back to School,Card,Completed,Rep D,41180.27,
ORD-0000118,C12397,2025-06-26 00:00:00,Priya,Williams,Pretoria,Consumer,Marketplace,Headset,2.0,2372.7,0.1,212.98,0.15,1636.65,Back to School,Card,Pending,,5124.47,
ORD-0005406,C11443,2024-11-14 00:00:00,Sipho,Nkosi,Johannesburg,Consumer,Online,Webcam,2.0,1765.57,0.05,47.71,0.15,1363.02,None,Cash,Pending,,3905.48,
ORD-0005082,C11843,2024-05-28 00:00:00,Fatima,Mokoena,Bloemfontein,Consumer,Phone,Webcam,1.0,553.63,0.05,159.02,0.15,441.02,New Customer,EFT,Returned,,763.86,
ORD-0004973,C12469,2025-01-10 00:00:00,Jason,Mthembu,Benoni, small business ,Online,Printer,1.0,2927.0,0.2,143.34,0.15,2430.44,None,Mobile Wallet,Pending,,2836.18,
ORD-0005199,C11757,2025-03-18 00:00:00,Siyanda,Molefe,Cape Town,Corporate,Online,Webcam,1.0,1234.03,0.05,31.31,0.15,848.55,Summer Sale,EFT,Completed,,1379.49,
ORD-0000630,C11634,2024-06-11 00:00:00,Siyanda,Smith,Benoni,Consumer,Online,Webcam,2.0,2141.38,0.03,203.5,0.15,1441.52,None,Card,Cancelled,,4980.92,
ORD-0002576,C10944,2025-08-25 00:00:00,Fatima,Williams,Cape Town,Consumer,Online,Keyboard,10.0,406.6,0.0,100.72,0.0,348.2,None,Card,Cancelled,,4166.71,
ORD-0005156,C10024,2024-10-02 00:00:00,Lerato,Pillay,Nelspruit,Small Business,Online,Headset,2.0,621.66,0.25,162.47,0.15,507.82,New Customer,Bank Transfer,Completed,,1234.84,
ORD-0005791,C12461,2024-02-15 00:00:00,Kabelo,Mokoena,Pretoria,Consumer,Online,Monitor,6.0,8485.13,0%,44.49,0.15,5780.4,None,Card,Completed,,58591.89,
ORD-0004685,C11862,2025-12-31 00:00:00,Mpho,Botha,Gqeberha,Consumer,Marketplace,SSD,1.0,"R 1,685.93",0.0,91.69,0.15,1360.86,None,EFT,Returned,,2030.51,
ORD-0001686,C10013,2024-09-27 00:00:00,Thabo,Naidoo,Benoni,Corporate,Online,Laptop,1.0,20606.16,0.03,75.41,0.15,16782.91,Back to School, card ,Completed,,23061.59,
ORD-0002013,C10200,2025-10-28 00:00:00,Sipho,Naidoo,Pretoria,Consumer,Store,Keyboard,4.0,870.22,0.05,124.36,0.15,566.28,Clearance,Card,Completed,Rep A,3927.24,
ORD-0001989,C11711,2025-04-04 00:00:00,Siyanda,Mokoena,Pretoria,Consumer,Phone,Mouse,1.0,793.72,0.1,111.06,0.15,561.29,None,Mobile Wallet,Cancelled,,932.57,
ORD-0001519,C10597,2024-11-11 00:00:00,Zanele,Williams,Johannesburg,Small Business,Online,Tablet,2.0,2831.84,0.0,84.03,0.15,1917.18,New Customer,EFT,Returned,,6597.25,
ORD-0005755,C11970,2025-06-21 00:00:00,Ryan,Williams,Bloemfontein,Consumer,Store,Monitor,1.0,2586.4,0.1,82.89,0.15,1921.83,None,Card,Completed,Rep C,2759.81,
ORD-0001513,C10210,2024-02-03 00:00:00,Mpho,Botha,Pretoria,Consumer,Online,Tablet,2.0,3339.52,0%,168.82,0.15,2410.42,Summer Sale,Card,Completed,,7849.71,
ORD-0003178,C12520,2025-06-22 00:00:00,Jason,Mthembu,Durban,Corporate,Online,Webcam,3.0,778.88,0.0,84.62,0.15,488.36,Black Friday,Card,Completed,,1919.46,
ORD-0004583,C11882,2025-12-10 00:00:00,Sipho,Pillay,Polokwane,Consumer,Online,Webcam,3.0,910.18,0.0,54.11,0.15,771.99,None,EFT,Completed,,3194.24,
ORD-0005246,C12493,2024-08-28 00:00:00,Mpho,Pillay,Pretoria,,Online,SSD,1.0,1661.12,0.0,118.32,0.15,1319.8,None,Bank Transfer,Returned,,2028.61,
ORD-0000976,C12995,2024-08-31 00:00:00,Naledi,Molefe,Pretoria,Corporate,Online,Mouse,69.0,1131.75,0.1,88.56,0.15,730.16,None,Mobile Wallet,Pending,,1259.92,
ORD-0005428,C12193,2025-11-15 00:00:00,Chloe,Smith,Nelspruit,Consumer,Marketplace,Mouse,5.0,793.33,0.05,109.34,0.15,612.7,None,Cash,Completed,,4442.88,
ORD-0003750,C11866,2024-10-10 00:00:00,Ryan,Smith,Gqeberha,Consumer,Online,SSD,4.0,1239.59,0.03,17.9,0.0,768.38,None,EFT,Cancelled,,4827.49,
ORD-0004481,C10364,2024-11-15 00:00:00,Chloe,Smith,Johannesburg,Consumer,Store,Webcam,4.0,1859.22,0.0,35.55,0.15,1357.27,Back to School,Card,Completed,Rep A,8587.96,
ORD-0004258,C10211,2025-08-29 00:00:00,Megan,Nkosi,Polokwane,Consumer,Phone,Mouse,2.0,1128.87,0.1,201.0,0.15,776.33,Payday Promo,Cash,Cancelled,,2537.77,
ORD-0003059,C12888,2024-04-28 00:00:00,Zanele,Mokoena,Pretoria,Corporate,Online,Keyboard,2.0,849.69,0.05,32.37,0.15,522.84,New Customer,Mobile Wallet,Completed,,1888.95,
ORD-0001736,C10719,2024-02-10 00:00:00,Mpho,Patel,Cape Town,Consumer,Marketplace,Webcam,1.0,1399.22,0.0,173.73,0.15,1014.02,Back to School,Cash,Completed,,1782.84,
ORD-0000478,C12376,2025-12-01 00:00:00,Megan,Naidoo,Johannesburg,Corporate,Phone,Tablet,5.0,7538.25,0.0,82.52,0.15,5128.28,None,Card,Completed,,43427.44,
ORD-0001798,C11066,2025-01-20 00:00:00,Nomsa,Nkosi,Cape Town,Consumer,Online,Monitor,7.0,8303.54,0.15,39.28,0.15,5487.23,None,Card,Completed,,56856.26,
ORD-0001006,C10942,2025-06-29 00:00:00,Mpho,Mokoena,Polokwane,Consumer,Online,Tablet,3.0,6778.81,0.0,24.4,0.15,5104.15,Summer Sale,Mobile Wallet,Cancelled,,23411.3,
ORD-0000632,C11094,2024-02-08 00:00:00,Siyanda,Mokoena,Benoni,Consumer,Marketplace,Printer,5.0,3118.69,0.1,57.87,0.15,1826.53,None,Mobile Wallet,Completed,,16197.06,
ORD-0005166,C11794,2025-07-10 00:00:00,Fatima,Williams,Johannesburg,Corporate,Phone,Mouse,1.0,739.3,0.05,204.7,0.15,592.32,Payday Promo,Card,Completed,,1012.38,
ORD-0002641,C11505,2024-05-04 00:00:00,Fatima,Mthembu,Nelspruit,Corporate,Marketplace,Laptop,2.0,,0.05,176.5,0.15,9063.0,None,Bank Transfer,Completed,,27334.58,
ORD-0004736,C10150,2024-04-29 00:00:00,Mpho,Botha,Benoni,Consumer,Store,Router,1.0,2659.27,0.05,159.41,0.15,1611.53,None,Card,Returned,Rep D,3064.66,
ORD-0001521,C11359,2024-05-29 00:00:00,Thabo,Naidoo,Nelspruit,Consumer,Online,Mouse,4.0,455.76,0.05,88.22,0.15,351.81,Clearance,Mobile Wallet,Cancelled,,2079.88,
ORD-0005629,C10290,2025-10-17 00:00:00,Kabelo,Nkosi,Cape Town,Consumer, store ,SSD,1.0,2248.44,0.2,68.64,0.15,1460.09,None,Mobile Wallet,Completed,Rep B,2137.21,
ORD-0001399,C12194,2024-07-09 00:00:00,Thabo,Nkosi,Cape Town,Corporate,Online,Headset,5.0,954.74,0.05,44.59,0.14,761.07,Summer Sale,Card,Completed,,5214.51,
ORD-0005805,C10094,2025-05-06 00:00:00,Siyanda,Naidoo,Nelspruit,Consumer,Online,SSD,5.0,3077.83,15%,95.73,0.15,2189.85,None,Card,Completed,,15138.62,
ORD-0004590,C12191,2025-02-26 00:00:00,Priya,Botha,Cape Town,Small Business,Online,Dock station,2.0,1273.97,0.1,122.94,0.15,863.39,None,Card,Returned,,2760.05,
ORD-0004215,C11894,2025-11-29 00:00:00,Kabelo,Smith,Cape Town,Corporate,Marketplace,Keyboard,2.0,265.73,0.05,183.75,0.15,161.96,None,Card,Cancelled,,764.36,
ORD-0002329,C10417,2024-06-15 00:00:00,Sipho,Williams,Pretoria,Consumer,Phone,Keyboard,2.0,1074.48,0.0,129.25,0.0,870.52,Black Friday,Mobile Wallet,Completed,,2278.2,
ORD-0005334,C12816,2025-10-29 00:00:00,Nomsa,Smith,Johannesburg,Consumer,Online,Tablet,4.0,4367.8,0.0,52.48,0.15,3436.89,Black Friday,Mobile Wallet,Cancelled,,20144.34,
ORD-0004723,C12932,2024-03-02 00:00:00,Aisha,Molefe,Pretoria,Consumer,Online,SSD,3.0,1360.76,0.15,47.05,0.15,1046.44,Back to School,Card,Completed,,4037.5,
ORD-0005187,C11308,2024-10-08 00:00:00,Thabo,Patel,Gqeberha,Consumer,Online,Laptop,7.0,14315.52,0.1,36.16,0.15,8632.96,Back to School,Bank Transfer,Returned,,103752.08,
ORD-0002938,C11866,2025-03-26 00:00:00,Zanele,Williams,Cape Town,Corporate,Marketplace,Keyboard,2.0,1461.22,0.03,69.57,0.15,1073.83,None,Card,Completed,,3329.55,
ORD-0005583,C12078,2025-07-15 00:00:00,Chloe,Smith,Cape Town,Consumer,Online,Headset,3.0,877.87,0.15,143.75,0.14,559.78,Black Friday,Card,Cancelled,,2695.72,
ORD-0002463,C11888,2024-02-07 00:00:00,Zanele,Khumalo,Cape Town,Consumer,Marketplace,Monitor,1.0,7189.51,0.05,116.19,0.15,5628.37,None,Card,Completed,,7970.73,
ORD-0004867,C12053,2025-07-21 00:00:00,Lerato,Molefe,Bloemfontein,Consumer,Online,Headset,1.0,1994.12,0.05,178.22,0.15,1498.33,New Customer,Mobile Wallet,Completed,,2356.8,
ORD-0005709,C10677,2025-07-17 00:00:00,Megan,Mokoena,Benoni,Consumer,Marketplace,SSD,1.0,3549.5,0.1,149.21,0.15,2664.53,Back to School,Card,Completed,,3822.94,
ORD-0005248,C11355,2024-03-29 00:00:00,Mpho,Williams,Johannesburg,Consumer,Online,Laptop,2.0,16786.62,0.1,139.3,0.15,10818.61,None,Mobile Wallet,Completed,,34887.61,
ORD-0002997,C12784,2024-12-06 00:00:00,Sipho,Mokoena,Pretoria,Corporate,Online,Laptop,2.0,16861.43,0.15,152.75,0.15,12779.83, none ,Bank Transfer,Pending,,33116.85,
ORD-0002918,C11940,2025-09-23 00:00:00,Chloe,Pillay,Durban,Small Business,Online,Monitor,1.0,2644.92,0.0,125.31,0.15,2073.01,Payday Promo,EFT,Completed,,3166.97,
ORD-0003324,C10377,2025-02-08 00:00:00,Ryan,Mthembu,Cape Town,Consumer,Online,Printer,2.0,2023.96,0.0,215.81,0.15,1189.63,None,Bank Transfer,Pending,,4870.92,
ORD-0002621,C12389,2025-10-25 00:00:00,Kabelo,Naidoo,Durban,Small Business,Store,Webcam,2.0,2317.46,0.05,40.53,0.15,1493.67,None,EFT,Completed,Rep E,5104.17,
ORD-0001998,C12482,2025-12-05 00:00:00,Nomsa,Patel,Polokwane,Consumer,Online,Laptop,1.0,15427.81,0.0,166.12,0.15,13181.74,Clearance,Card,Completed,,17908.1,
ORD-0004302,C10371,2024-09-10 00:00:00,Daniel,Patel,Nelspruit,Consumer,Online,Mouse,1.0,743.17,0.1,208.97,0.15,602.57,Summer Sale,Card,Completed,,978.15,
ORD-0005097,C10584,2025-04-16 00:00:00,Jason,Khumalo,Gqeberha,Consumer,Online,SSD,1.0,2025.29,0.1,171.0,0.15,1604.43,None,Card,Completed,,2267.18,
ORD-0003118,C10902,2025-04-01 00:00:00,Mpho,Pillay,Benoni,Consumer, online ,Webcam,2.0,462.7,0.0,40.47,0.15,289.85,Back to School,Cash,Completed,,1104.69,
ORD-0001807,C11231,2025-12-19 00:00:00,Sipho,Naidoo,Cape Town,Consumer,Online,Headset,1.0,1394.72,0.05,79.27,0.15,1176.9,New Customer,EFT,Cancelled,,1603.0,
ORD-0004496,C12301,2025-11-26 00:00:00,Thabo,Mthembu,Durban,Consumer,Marketplace,Monitor,1.0,3320.96,0.15,30.07,0.0,2767.72,Clearance,Card,Cancelled,,2852.89,
ORD-0001990,C12326,2025-08-15 00:00:00,Jason,Nkosi,Benoni,Corporate,Marketplace,Router,1.0,776.25,0.15,98.61,0.15,538.16,None,Card,Completed,,857.4,
ORD-0001576,C11187,2025-07-20 00:00:00,Lerato,Williams,Polokwane,Consumer,Online,Webcam,4.0,583.77,0.1,72.1,0.15,390.63,None,Card,Cancelled,,2488.9,
ORD-0002600,C10064,2024-12-04 00:00:00,Lerato,Khumalo,Gqeberha,Consumer,Marketplace,Laptop,1.0,17072.42,0.15,30.72,0.15,11015.62,Black Friday,Bank Transfer,Completed,,16719.01,
ORD-0003951,C12861,2024-09-15 00:00:00,Ryan,Khumalo,Benoni,Consumer,Marketplace,Tablet,2.0,7281.93,0.08,56.96,0.15,6205.1,None,EFT,Completed,,15465.52,
ORD-0001199,C10559,2025-04-09 00:00:00,Kabelo,Nkosi,Durban,Consumer,Store,SSD,3.0,1351.35,0.0,99.8,0.15,1041.28,Payday Promo,Card,Cancelled,Rep E,4761.94,
ORD-0002369,C10218,2024-10-31 00:00:00,Siyanda,Naidoo,Johannesburg,Corporate,Online,SSD,2.0,2607.26,0.1,55.93,0.15,1935.8,Black Friday,EFT,Completed,,5452.95,
ORD-0003597,C10234,2025-11-22 00:00:00,,Nkosi,Benoni,Consumer,Marketplace,SSD,4.0,2152.26,0.1,35.02,0.15,1279.77,Summer Sale,Mobile Wallet,Completed,,8945.36,
ORD-0000470,C11712,2025-10-08 00:00:00,Andile,Botha,Pretoria,Consumer,Marketplace,Monitor,3.0,7911.23,0.0,69.67,0.15,6752.85,Summer Sale,Card,Completed,,27363.43,
ORD-0005534,C12609,2025-04-24 00:00:00,Siyanda,Patel,Johannesburg,Consumer,Marketplace,Tablet,1.0,,0.03,144.25,0.15,6340.7,Summer Sale,Mobile Wallet,Returned,,9024.83,
ORD-0005968,C11528,2025-05-01 00:00:00,Sipho,Mokoena,Polokwane,Consumer,Online,SSD,1.0,1591.16,0.05,152.67,0.0,1157.71,None,Card,Cancelled,,1664.27,
ORD-0004957,C10763,2025-09-18 00:00:00,Mpho,Mthembu,Pretoria,Corporate,Online,Mouse,8.0,841.12,0.0,49.71,0.15,586.27,None,Card,Returned,,7788.05,
ORD-0000867,C12237,2025-11-29 00:00:00,Chloe,Smith,,Consumer,Online,Keyboard,7.0,1498.5,0.1,118.66,0.15,1278.12,Back to School,Card,Completed,,10975.26,
ORD-0000080,C10766,2025-02-15 00:00:00,Mpho,Williams,Bloemfontein,Consumer,Online,Tablet,2.0,5623.63,0.08,106.46,0.15,4224.34,None,Mobile Wallet,Completed,,12006.06,
ORD-0000534,C12788,2024-01-12 00:00:00,Chloe,Nkosi,Polokwane,Consumer,Online,Headset,1.0,2549.21,0.08,120.47,0.15,1802.84,Clearance,EFT,Completed,,2817.53,
ORD-0001110,C11032,2024-06-06 00:00:00,Aisha,Mokoena,Johannesburg,Small Business,Marketplace, mouse ,1.0,469.51,0.08,141.03,0.15,359.44,New Customer,EFT,Returned,,637.77,
ORD-0002339,C11215,2025-10-31 00:00:00,Kabelo,Khumalo, bloemfontein ,Consumer,Phone,Mouse,1.0,1130.32,0.15,152.57,0.15,709.59,Summer Sale,Cash,Returned,,1257.46,
ORD-0004467,C12108,2024-01-05 00:00:00,Jason,Smith,Pretoria,Consumer,Online,Printer,1.0,4296.7,0.15,187.73,0.15,3641.67,None,Card,Cancelled,,4387.76,
ORD-0004362,C11281,2024-12-12 00:00:00,Chloe,Pillay,Johannesburg,Consumer,Online,Mouse,2.0,975.08,0.1,60.22,0.15,754.02,None,Bank Transfer,Completed,,2078.64,
ORD-0000165,C11225,2024-12-29 00:00:00,Andile,Smith,Johannesburg,Consumer,Online,Webcam,8.0,627.69,0.0,137.13,0.15,410.9,Clearance,EFT,Cancelled,,5911.9,
ORD-0004015,C11126,2024-11-21 00:00:00,Aisha,Naidoo,Pretoria,Consumer,Marketplace,Laptop,3.0,7647.58,0.05,19.6,0.15,4987.26,None,Card,Completed,,25084.55,
ORD-0005474,C10497,2025-06-10 00:00:00,Megan,Smith,Cape Town,Consumer,Online,SSD,1.0,2888.7,0.05,40.59,0.15,2327.79,New Customer,Mobile Wallet,Completed,,2851.34,
ORD-0004570,C12821,2025-02-08 00:00:00,Ryan,Molefe,Johannesburg,Consumer,Phone,Tablet,6.0,4913.25,0.1,64.23,0.15,3457.57,None,Card,Returned,,30575.52,
ORD-0000876,UNKNOWN-38,2025-11-07 00:00:00,Lerato,Smith,Johannesburg,Consumer,Online,Headset,2.0,1040.43,0.15,169.19,0.15,656.96,None,Card,Pending,,2203.24,
ORD-0000186,C11363,2024-09-26 00:00:00,Jason,Mthembu,Gqeberha,Small Business,Marketplace,Webcam,1.0,1462.51,0.0,33.38,0.0,1180.83,None,Bank Transfer,Completed,,1495.89,
ORD-0002166,C11867,2024-08-13 00:00:00,Daniel,,Johannesburg,Consumer,Store,Keyboard,3.0,2086.14,0.0,109.7,0.15,1545.78, none ,Card,Cancelled,Rep B,7306.89,
ORD-0002470,C12066,2025-08-26 00:00:00,Sipho,Botha,Pretoria,Consumer,Store,Tablet,3.0,8033.86,0.08,80.04,0.15,6540.9,None,Card,Cancelled,Rep E,25579.52,
ORD-0001476,C10721,2024-11-30 00:00:00,Fatima,Mthembu,Cape Town,Consumer,Marketplace,Monitor,2.0,4243.59,0.05,177.95,0.15,3015.24,Clearance,Mobile Wallet,Cancelled,,9450.2,
ORD-0000136,C10936,2024-07-03 00:00:00,Thabo,Pillay,Johannesburg,Consumer,Online,Mouse,2.0,237.71,0.2,88.18,0.15,182.93,None,EFT,Completed,,525.58,
ORD-0002420,C10196,2024-05-19 00:00:00,Ryan,Mthembu,Johannesburg,Consumer, online ,Tablet,1.0,7483.5,0.0,192.33,0.15,5761.18,None,,Returned,,8798.36,
ORD-0003937,C12453,2025-11-17 00:00:00,Ryan,Smith,Johannesburg,Consumer,Online,Headset,1.0,1562.11,0.03,40.99,0.15,952.97,None,Card,Completed,,1783.52,
ORD-0005398,C12811,2025-07-25 00:00:00,Lerato,Mthembu,Durban,Corporate,Store,Webcam,3.0,2006.8,0.05,23.84,0.15,1512.42,None,Bank Transfer,Completed,Rep C,6601.11,
ORD-0004423,C10111,2024-10-01 00:00:00,Jason,Nkosi,Pretoria,Consumer,Store,Router,2.0,664.64,0.15,32.19,0.15,453.24,None,Card,Returned,Rep B,1331.57,
ORD-0003656,C10730,2024-11-15 00:00:00,Daniel,Khumalo,Johannesburg,Corporate,Online,Headset,1.0,835.13,0.0,74.3,0.15,586.26,New Customer,Card,Cancelled,,1034.7,
ORD-0004415,C10233,2025-04-14 00:00:00,Andile,Naidoo,CapeTown,Consumer,Phone,SSD,4.0,3492.09,0.15,129.65,,2889.59,None,EFT,Pending,,13783.71,
ORD-0002892,C10405,2025-10-04 00:00:00,Jason,Dlamini,Johannesburg,Consumer,Online,Laptop,1.0,21137.26,0.05,139.88,0.15,14549.64,Summer Sale,Mobile Wallet,Pending,,23232.33,
ORD-0002098,C12544,2025-03-31 00:00:00,Kabelo,Smith,Benoni,Corporate,Store,Docking Station,3.0,2517.62,0.1,94.19,0.0,1474.78,None,Card,Completed,Rep B,6891.78,
ORD-0005686,C12355,2024-10-17 00:00:00,Thabo,Mokoena,Cape Town,Consumer,Online,Office Chair,1.0,4295.38,0.1,201.47,0.15,3071.54,None,Cash,Completed,,4647.19,
ORD-0003870,C10816,2025-08-13 00:00:00,Aisha,Khumalo,Cape Town,Consumer,Online,Laptop,7.0,9781.93,0.0,110.84,0.15,5735.18,None,Cash,Cancelled,,78855.34,
ORD-0002575,C11758,2025-08-30 00:00:00,Naledi,Pillay,Cape Town,Corporate,Online,Monitor,2.0,6756.45,0.0,181.9,0.15,5564.45,None,Mobile Wallet,Returned,,15721.73,
ORD-0002501,C12103,2025-10-08 00:00:00,Mpho,Williams,Nelspruit,Consumer,Online,Monitor,5.0,8353.55,0.08,62.37,0.15,6833.32,None,Card,Completed,,44252.63,
ORD-0005572,C11753,2025-05-01 00:00:00,Daniel,Mthembu,Cape Town,Consumer,Phone,Office Chair,6.0,8864.85,0.15,55.73,,6351.42,None,Bank Transfer,Pending,,40487.52,
ORD-0002731,C10387,2025-03-06 00:00:00,Fatima,Nkosi,Gqeberha,Small Business,Store,Webcam,4.0,1028.21,0.08,23.21,0.15,803.45,None,Mobile Wallet,Completed,Rep E,4374.59,
ORD-0004559,C10936,2025-08-31 00:00:00,Fatima,Smith,Pretoria,Consumer,Online,SSD,3.0,1015.09,0.05,109.27,0.15,720.4,Clearance,EFT,Cancelled,,3436.23,
ORD-0001229,C12855,2025-01-04 00:00:00,Jason,Williams,Johannesburg,Consumer,Online,Router,2.0,1768.16,0.08,68.01,0.15,1088.86,Payday Promo,Mobile Wallet,Completed,,3809.44,
ORD-0004646,C12237,2025-04-30 00:00:00,Nomsa,Patel,Gqeberha,Corporate,Online,Monitor,7.0,8289.75,0.0,34.89,0.15,5771.47,None,EFT,Completed,,66767.38,
ORD-0000648,C10239,2025-07-10 00:00:00,Chloe,Molefe,Johannesburg,Consumer,Phone,Monitor,1.0,1909.41,0.0,219.11,0.15,1124.13,None,EFT,Completed,,2414.93,
ORD-0005627,C12571,2024-02-17 00:00:00,Jason,Patel,Durban,Consumer,Online,Docking Station,3.0,5080.79,0.03,53.09,0.15,3095.59,None,Cash,Returned,,17055.95,
ORD-0003106,C10864,2025-08-22 00:00:00,Fatima,Patel,Durban,Small Business,Marketplace,Tablet,1.0,5209.43,0.0,139.76,0.15,4116.4,None,Bank Transfer,Completed,,6130.6,
ORD-0004956,C10590,2025-12-28 00:00:00,Mpho,Dlamini,Gqeberha,Corporate,Store,Laptop,2.0,19130.23,0.08,159.21,0.15,11347.13,None,Bank Transfer,Completed,Rep C,40638.78,
ORD-0002296,C12408,2025-11-04 00:00:00,Naledi,Botha,Pretoria,Consumer,Online,Laptop,7.0,18712.53,0.15,120.7,0.15,12617.11,Summer Sale,Mobile Wallet,Completed,,128161.2,
ORD 0003039,C11314,2024-12-30 00:00:00,Zanele,Mokoena,Durban,Consumer,Marketplace,SSD,2.0,3554.96,0.03,63.8,0.15,2958.56,None,EFT,Returned,,7994.91,
ORD-0005961,C11753,2024-06-15 00:00:00,Nomsa,Khumalo,Nelspruit,Consumer,Phone,Mouse,3.0,504.35,0.08,49.58,0.15,335.2,Black Friday,Mobile Wallet,Cancelled,,1650.39,
ORD-0000692,C12032,2024-06-18 00:00:00,Zanele,Patel,Cape Town,Consumer,Online, keyboard ,2.0,693.09,0.08,78.95,0.15,573.3,None,Card,Pending,,1545.52,
ORD-0001464,C10752,2024-01-14 00:00:00,Chloe,Khumalo,Benoni,Consumer,Phone,SSD,1.0,1949.12,0.2,96.01,0.15,1425.28,None,Mobile Wallet,Completed,,1889.2,
ORD-0005880,C10832,2024-04-10 00:00:00,Daniel,Dlamini,Durban,Corporate,Store,Headset,1.0,554.68,0.08,149.84,0.14,323.89,Summer Sale,Card,Cancelled,Rep E,731.6,
ORD-0002029,C10092,2025-02-12 00:00:00,Naledi,Pillay,Gqeberha,Small Business,Online,Webcam,4.0,648.71,0.0,3.26,15%,424.82,None,Card,Pending,,2987.33,
ORD-0004313,C10534,2025-02-27 00:00:00,Kabelo,Molefe,Gqeberha,Consumer,Online,Monitor,2.0,6523.12,0.25,86.4,0.15,4631.3,None,EFT,Completed,,11338.78,
ORD-0001277,C10561,2024-01-04 00:00:00,Andile,Smith,Johannesburg,Consumer,Online,Router,4.0,685.2,0.05,13.60,0.15,559.42,New Customer,,Completed,,3007.91,
ORD-0000544,C11515,2025-03-03 00:00:00,Priya,Mokoena,Polokwane,Consumer,Store,Printer,1.0,5356.46,0.25,199.4,0.15,3155.73,None,Card,Pending,Rep C,4819.34,
ORD-0002759,C11971,2025-10-20 00:00:00,Chloe,Williams,Johannesburg,Consumer,Store,Router,1.0,1816.59,0.08,211.09,0.15,1350.09,New Customer,Bank Transfer,Cancelled,Rep A,2133.04,
ORD-0004067,C10582,2024-07-23 00:00:00,Daniel,Khumalo,Johannesburg,Corporate,Online,Monitor,1.0,4355.07,0.2,53.78,0.0,3068.96,None,Card,Cancelled,,3537.83,
ORD-0002487,C10585,2025-05-27 00:00:00,Ryan,Khumalo,Pretoria,Small Business,Online,Monitor,2.0,4446.38,0.1,215.8,0.15,3255.86,Summer Sale, card ,Cancelled,,9419.8,
ORD-0005577,C12558,2025-05-17 00:00:00,Nomsa,Williams,Polokwane,Consumer,Store,Printer,3.0,2243.86,0.05,47.49,0.15,1569.55,Back to School,Card,Returned,Rep C,4503.97,
ORD-0001986,C10767,2025-09-01 00:00:00,Nomsa,Naidoo,Johannesburg,Small Business,Online,Office Chair,2.0,4661.13,0.08,145.31,0.0,2839.46,None,Bank Transfer,Completed,,8721.79,
ORD-0005365,C12476,2024-09-18 00:00:00,Ryan,Nkosi,Cape Town,Consumer,Online,Laptop,3.0,12796.9,0.0,143.76,0.15,8374.91,None,EFT,Completed,,44293.07,
ORD-0002909,C12672,2025-04-11 00:00:00,Thabo,Smith,Johannesburg,Corporate,Online,Webcam,2.0,476.8,0.0,37.09,0.15,374.57,Payday Promo,Card,Pending,,1133.72,
ORD-0002999,C10337,2024-02-13 00:00:00,Lerato,Smith,Benoni,Consumer,Store,SSD,1.0,1738.1,0.0,116.31,0.15,1137.5,Black Friday,EFT,Completed,Rep B,2115.13,
ORD-0002375,C11443,2024-05-08 00:00:00,Priya,Molefe,Cape Town,Consumer,Marketplace,Mouse,2.0,602.42,0.2,71.14,0.15,481.92,Clearance,Card,Completed,,1179.6,
ORD-0000227,C10236,2024-07-02 00:00:00,Kabelo,Molefe,Johannesburg,Corporate,Phone,SSD,1.0,1510.6,0.05,42.2,0.15,1078.64,None,Card,Completed,,1692.53,
ORD-0005788,C12054,2024-07-27 00:00:00,Megan,Nkosi,Gqeberha,Consumer,Online,SSD,4.0,2825.51,0.15,43.17,0.15,1996.73,Payday Promo,Cash,Pending,,11090.92,
ORD-0000554,C11896,2025-02-11 00:00:00,Priya,Patel,Johannesburg,Consumer,Online,,4.0,1312.74,0.05,110.34,0.15,1002.94,None,Mobile Wallet,Completed,,5847.02,
ORD-0004158,C10639,2025-07-21 00:00:00,Naledi,Smith,Pretoria,Corporate,Store,Headset,4.0,2435.62,0.03,105.31,0.15,1940.11,None,EFT,Completed,Rep E,10973.06,
ORD-0002933,C12492,2025-10-11 00:00:00,Naledi,Patel,Bloemfontein,Consumer,Phone,Printer,4.0,2926.63,0.05,47.88,0.15,2002.53,Black Friday,Card,Completed,,12837.25,
ORD-0001733,C10757,2024-06-10 00:00:00,Jason,Mokoena,,Consumer,Phone,Router,3.0,1389.19,0.1,71.43,0.15,1148.48,Payday Promo,Card,Completed,,4384.85,
ORD-0002060,C11710,2025-11-29 00:00:00,Fatima,Naidoo,Johannesburg,Small Business,Store,Headset,3.0,2602.02,0.1,36.47,0.15,1856.02,Payday Promo,EFT,Pending,Rep B,8115.73,
ORD-0002021,C10668,2024-01-28 00:00:00,Aisha,Botha,Bloemfontein,Consumer,Store,Printer,3.0,2619.46,0.2,,0.15,1778.41,Summer Sale,Card,Completed,Rep D,7370.59,
ORD-0004004,C10551,2024-01-18 00:00:00,Zanele,Patel,Cape Town,Small Business,Phone,Printer,4.0,4876.79,0.08,104.15,0.15,3494.58,None,EFT,Cancelled,,20742.75,
ORD-0003869,C10931,2025-10-06 00:00:00,Daniel,Mokoena,Johannesburg,Consumer,Online,Mouse,4.0,726.33,0.0,73.03,0.15,552.03,Black Friday,EFT,Completed,,3414.15,
ORD-0005744,C12769,2024-01-20 00:00:00,,Pillay,Johannesburg,Consumer,Online,SSD,1.0,3410.68,0.0,121.16,0.15,2326.19,None,Card,Pending,,4043.45,
ORD-0005642,C11209,2024-09-22 00:00:00,Lerato,Mthembu,Nelspruit,Small Business,Online,Mouse,1.0,483.77,0.1,63.7,0.15,392.34,None,Card,Returned,,564.4,
ORD-0001840,C10113,2025-02-23 00:00:00,Lerato,Naidoo,Gqeberha,Corporate,Online,Headset,8.0,1679.47,0.1,108.83,0.15,1401.42,None,EFT,Completed,,14014.83,
ORD-0005086,C10256,2024-05-11 00:00:00,Siyanda,Mthembu,Johannesburg,Consumer,Store,Tablet,3.0,8917.12,0.05,137.72,0.15,6361.85,None,Card,Cancelled,Rep E,29363.58,
ORD-0005772,C11484,2024-12-28 00:00:00,Mpho,Mthembu,Durban,Corporate,Phone,Monitor,10.0,4535.12,0.15,63.74,0.15,3599.57,None,Mobile Wallet,Cancelled,,44394.55,
ORD-0002108,C12208,2024-04-03 00:00:00,Jason,Naidoo,Nelspruit,Consumer,Online,Laptop,6.0,,0.08,12.61,0.15,8257.28,None,Card,Completed,,66571.43,
ORD-0003942,C11949,2024-12-04 00:00:00,Naledi,Smith,Cape Town,Small Business,Online,Router,10.0,1017.26,0.0,17.16,0.15,608.92,Summer Sale,Card,Returned,,11715.6,
ORD-0003934,C12116,2025-12-14 00:00:00,Mpho,Williams,Benoni,Corporate,Phone,Laptop,2.0,20459.15,0.0,117.83,0.15,12578.1,Black Friday,Card,Pending,,47173.87,
ORD-0000662,C10563,2025-12-23 00:00:00,Andile,Smith,Johannesburg,Consumer,Online,Tablet,1.0,10446.1,0.15,60.54,0.15,6666.05,Clearance,Card,Completed,,10271.6,
ORD-0001636,C11119,2025-08-10 00:00:00,Kabelo,Smith,Johannesburg,Corporate,Marketplace,Keyboard,4.0,1013.06,0.08,61.48,0.15,776.72,None,Bank Transfer,Completed,,4348.73,
ORD-0000349,C12423,2024-06-20 00:00:00,Daniel,Mthembu,Durban,Consumer,Online,Monitor,1.0,5180.85,0.0,165.59,0.14,3697.99,None,Card,Completed,,6071.76,
ORD-0000298,C10163,2025-05-10 00:00:00,Kabelo,Patel,Bloemfontein,Consumer,Marketplace,Laptop,2.0,10313.94,0.1,73.61,0.15,8301.13,None,Card,Completed,,21423.46,
ORD-0002584,C12150,2025-06-08 00:00:00,Lerato,Mthembu,Polokwane,Consumer,Store,SSD,1.0,2273.97,0.05,194.31,0.15,1953.53,None,Card,Completed,Rep A,2678.62,
ORD-0003619,C12535,2024-01-13 00:00:00,Thabo,Patel,Johannesburg,Consumer,Marketplace,Router,1.0,3496.52,0.08,112.56,0.15,2859.92,None,Cash,Completed,,3811.88,
ORD-0004301,C10663,2025-01-15 00:00:00,Siyanda,Naidoo,Nelspruit,Consumer,Online, monitor ,5.0,2627.39,0.1,120.31,0.15,1766.78,Black Friday,Card,Completed,,13717.03,
ORD-0005003,C10917,08-11-2024,Jason,Botha,Benoni,Consumer,Online,Monitor,3.0,7266.63,0.0,140.91,0.15,5102.29,Back to School,Bank Transfer,Returned,,25210.79,
ORD-0005010,C12661,2025-03-06 00:00:00,Kabelo,Mokoena,Pretoria,Consumer,Marketplace,Docking Station,7.0,5035.78,0.0,56.55,0.15,3986.0,None,Cash,Returned,,40594.61,
ORD-0003678,C10951,2025-10-16 00:00:00,Sipho,Smith,Johannesburg,Consumer,Phone,Laptop,4.0,20063.6,0.05,112.09,0.15,15472.01,None,Card,Completed,,87790.03,
ORD-0002403,C12704,2025-11-15 00:00:00,Nomsa,Nkosi,Cape Town,Consumer,Online,Router,1.0,1439.84,0.15,207.1,0.15,1169.66,None,Card,Pending,,1614.55,
ORD-0000104,C10377,2024-09-08 00:00:00,Kabelo,Nkosi,Cape Town,Corporate,Phone,Tablet,6.0,3337.32,0.08,120.97,0.15,1952.6,Summer Sale,EFT,Pending,,21306.26,
ORD-0001034,C11561,2024-12-03 00:00:00,Daniel,Naidoo,Nelspruit,Consumer,Online,Keyboard,2.0,485.06,0.2,209.96,0.15,312.61,Black Friday,EFT,Completed,,1102.48,
ORD-0004688,C10611,2024-02-20 00:00:00,Priya,Patel,Johannesburg,Corporate,Marketplace,Tablet,5.0,8046.38,0.05,21.9,0.15,6110.13,None,Card,Cancelled,,43975.28,
ORD-0005401,C10305,2025-11-03 00:00:00,Zanele,Naidoo,Cape Town,Consumer,Online,Tablet,1.0,5548.11,0.1,182.51,0.15,3702.23,Back to School,Card,Completed,,5924.8,
ORD-0003703,C11738,2025-09-05 00:00:00,,Naidoo,Johannesburg,Small Business,Online,Monitor,2.0,8381.43,0.03,190.51,0.15,6720.17,None, card ,Pending,,18889.47,
ORD-0003818,C11639,2025-08-11 00:00:00,Kabelo,Molefe,Johannesburg,Consumer,Online,Laptop,1.0,12849.91,0.15,109.27,0.15,8885.03,Clearance,EFT,Completed,,12670.06,
ORD-0001234,C11212,2024-12-22 00:00:00,Chloe,Mokoena,Benoni,Consumer,Online,Tablet,5.0,10869.28,0.15,91.23,0.15,7605.62,Summer Sale,EFT,Completed,,53214.83,
ORD-0005746,C10486,2025-05-02 00:00:00,Daniel,Mokoena,Pretoria,Consumer,Online,Tablet,4.0,5279.92,0.1,94.58,0.15,3717.19,None,EFT,Cancelled,,21953.44,
ORD-0003801,C10168,2024-12-27 00:00:00,Lerato,Nkosi,Johannesburg,Consumer,Online,Printer,3.0,4172.05,0.0,23.83,0.15,3322.5,Clearance,Mobile Wallet,Completed,,14417.41,
ORD-0001586,C11705,2025-03-31 00:00:00,Megan,Pillay,Durban,Consumer,Online,Tablet,1.0,4061.56,0.2,193.47,0.0,2413.31,None,EFT,Cancelled,,3442.71,
ORD-0001947,C10619,2025-12-09 00:00:00,Kabelo,Botha,Gqeberha,Consumer,Online,Tablet,3.0,4186.47,0.0,145.74,0.15,3387.01,None,Bank Transfer,Completed,,14589.07,
ORD-0001592,C11255,2025-04-01 00:00:00,Zanele,Pillay,Durban,Small Business,Phone,Laptop,2.0,21493.06,0.0,126.81,0.15,15218.32,None,Card,Completed,,49560.84,
ORD-0004218,C10372,2024-04-03 00:00:00,Fatima,Dlamini,Pretoria,Consumer,Marketplace,Webcam,1.0,2388.3,0.08,204.32,0.14,1893.57,None,Card,Completed,,2709.17,
ORD-0000657,C11568,2025-10-09 00:00:00,Sipho,Pillay,Benoni,Consumer,Phone,Docking Station,1.0,3902.09,0.05,134.71,0.15,2578.72,Summer Sale,Card,Completed,,4397.74,
ORD-0002200,C10490,2025-04-14 00:00:00,Mpho,Naidoo,Cape Town,Corporate,Phone,Router,1.0,836.18,0.0,193.9,0.0,653.66,None,Bank Transfer,Completed,,1030.08,
ORD-0005835,C10662,2024-01-23 00:00:00,Fatima,Smith,Johannesburg,Corporate,Online,Keyboard,1.0,1794.92,0.0,202.02,0.15,1247.99,New Customer,Cash,Completed,,2266.18,
ORD-0003185,C11398,2024-08-31 00:00:00,Andile,Williams,Benoni,Consumer,Online,Laptop,1.0,10509.98,0.1,170.22,0.15,7144.92,Black Friday,Cash,Pending,,11048.06,
ORD-0001897,C12347,2025-11-28 00:00:00,Megan,Williams,Pretoria,Corporate,Marketplace,Laptop,1.0,18462.67,0.0,114.54,0.15,11865.28,Clearance,Cash,Pending,,21346.6,
ORD-0003559,C10980,2025-08-25 00:00:00,Zanele,Patel,Benoni,Consumer,Online,Monitor,1.0,2675.06,0.2,99.89,0.15,2064.28,Summer Sale,Card,Completed,,2560.95,
ORD-0004227,C11453,2024-02-29 00:00:00,Zanele,Botha,Johannesburg,Corporate,Marketplace,Tablet,2.0,8210.92,0.15,87.26,0.0,5306.28,Back to School,Card,Completed,,14045.83,
ORD-0001723,C12720,2025-09-26 00:00:00,Lerato,Mokoena,Benoni,Consumer,Online,Mouse,7.0,486.98,0.0,127.95,0.15,333.0,None,Mobile Wallet,Completed,,4048.13,3408.86
ORD-0000134,C10333,2024-09-13 00:00:00,Andile,Patel,Bloemfontein,Consumer,Online,Router,5.0,2719.42,0.1,107.08,0.15,2326.87,Summer Sale,Card,Completed,,14180.06,13597.1
ORD-0004097,C12726,2024-09-19 00:00:00,Chloe,Khumalo,Pretoria,Corporate,Store,Laptop,1.0,9396.25,0.0,81.26,0.15,7297.11,None,Cash,Returned,Rep E,10886.94,
ORD-0004348,C10118,2025-12-29 00:00:00,Fatima,Dlamini,Polokwane,Small Business,Marketplace,Webcam,4.0,735.38,0.15,15.97,0.15,581.98, none ,Card,Pending,,2891.3,
ORD-0005166,C11794,2025-07-10 00:00:00,Fatima,Williams,Johannesburg,Corporate,Phone,Mouse,1.0,739.3,0.05,204.7,0.15,592.32,Payday Promo,Card,Completed,,1012.38,
ORD-0001888,C10781,2025-07-04 00:00:00,Kabelo,Dlamini,Cape Town,Consumer,Online,Monitor,4.0,8096.11,0.1,105.44,0.14,5589.72,Back to School,EFT,Completed,,33331.86,
ORD-0004796,C12951,2025-08-14 00:00:00,Priya,Botha,Polokwane,Consumer,Store,Tablet,2.0,3548.15,0.2,187.13,0.15,2819.89,Summer Sale,Mobile Wallet,Completed,Rep B,6715.73,
ORD-0005528,C12721,09-14-2024,Ryan,Dlamini,Nelspruit,Consumer,Marketplace,Tablet,1.0,8937.18,0.03,168.41,0.15,6655.18,Payday Promo,Bank Transfer,Completed,,10137.83,
ORD-0000578,C11120,2025-08-09 00:00:00,Daniel,Mokoena,Johannesburg,Consumer,Phone,Headset,2.0,2714.84,0.0,64.76,0.15,1659.18,Summer Sale,Card,Completed,,6308.89,
ORD 0003144,C10611,2025-10-11 00:00:00,Jason,Patel,Johannesburg,Consumer,Online,Router,1.0,919.55,0.05,151.3,0.15,762.18,None,EFT, pending ,,1155.91,
ORD-0000239,C11182,2025-10-30 00:00:00,Aisha,Naidoo,Gqeberha,Consumer,Store,Keyboard,4.0,1236.62,0.0,0.39,0.15,756.31,Summer Sale,Card,Completed,Rep E,5688.86,
ORD-0002371,C11718,2025-04-06 00:00:00,Lerato,Mthembu,Gqeberha,Corporate,Online,Headset,1.0,"R 1,808.08",0.1,141.07,0.0,1164.78,Clearance,Cash,Completed,,1768.34,
ORD-0005496,C11529,2025-05-03 00:00:00,Fatima,Naidoo,Gqeberha,Corporate,Store,Webcam,7.0,1889.1,0.08,42.53,0.15,1613.37,None,Bank Transfer,Cancelled,Rep A,14033.19,
ORD-0000957,C11209,2025-04-06 00:00:00,Chloe,Naidoo,Pretoria,Small Business,Online,Webcam,3.0,2346.9,0.08,135.36,0.15,1609.05,None,EFT,Cancelled,,7584.43,
ORD-0005159,C11397,2024-05-16 00:00:00,Nomsa,Williams,Cape Town,Small Business,Marketplace,Headset,1.0,2332.88,0.1,104.55,0.15,1873.0,None,Bank Transfer,Pending,,2519.08,
ORD-0001954,C11986,2025-02-28 00:00:00,Lerato,Molefe,Benoni,Consumer,Online,Docking Station,1.0,4412.75,0.2,159.23,0.15,3205.89,None,Card,Completed,,4218.96,
ORD-0003290,C10933,2025-01-13 00:00:00,Siyanda,Naidoo,Cape Town,Corporate,Marketplace,Monitor,2.0,2563.34,0.03,60.14,0.15,2198.63,Clearance,Card,Cancelled,,5778.95,
ORD-0005643,C11386,2024-06-05 00:00:00,Ryan,Khumalo,Benoni,Consumer,Store,Router,3.0,R 973.28,0.1,121.05,0.14,569.23,None,Mobile Wallet,Returned,Rep E,3116.79,
ORD-0001879,C12823,2025-12-27 00:00:00,Naledi,Botha,Johannesburg,Corporate,Store,Monitor,3.0,6941.43,0.0,76.33,0.15,4094.63,None,EFT,Returned,Rep E,24024.27,
ORD-0000730,C11014,2025-12-09 00:00:00,Siyanda,Mthembu,Pretoria,Consumer,Store,Mouse,1.0,282.09,0.05,112.17,0.15,202.89,None,Mobile Wallet,Completed,Rep A,420.36,
ORD-0005544,C12280,2024-04-25 00:00:00,Siyanda,Nkosi,Nelspruit,Corporate,Marketplace,Office Chair,3.0,8109.13,0.1,110.66,0.0,6841.79,None,EFT,Completed,,22005.31,
ORD-0001010,C10873,2024-09-28 00:00:00,Lerato,Dlamini,Pretoria,Consumer,Store,Mouse,1.0,1158.5,0.0,119.9,0.15,695.57,None,Card,Cancelled,Rep C,1452.18,
ORD-0000550,C12246,2025-05-25 00:00:00,Priya,Smith,Johannesburg,Consumer,Online,Laptop,3.0,21169.32,0.08,32.99,0.15,16570.28,None,Cash,Cancelled,,67224.43,
ORD-0005434,C10559,2025-02-16 00:00:00,Priya,Mthembu,Pretoria,Corporate,Store,Headset,3.0,1886.72,0.15,44.23,0.15,1167.83,None,Card,Completed,Rep B,5577.03,
ORD-0005066,C11085,05-23-2024,Mpho,Patel,Nelspruit,Consumer,Online,Office Chair,5.0,8947.84,0.0,61.37,0.15,6507.0,None,Card,Completed,,51511.43,
ORD-0001360,C12917,2025-01-09 00:00:00,Nomsa,Williams,Gqeberha,Corporate,Marketplace, office chair ,1.0,6460.19,0.08,175.91,0.14,4131.69,Payday Promo,Bank Transfer,Returned,,6951.36,
ORD-0003109,C12036,2024-11-27 00:00:00,Lerato,Naidoo,Durban,Corporate,Online,Monitor,1.0,6782.29,0.05,90.64,0.15,4558.95,Back to School,Card,Completed,,7500.29,
ORD-0004207,C11553,2024-05-29 00:00:00,Lerato,Naidoo, polokwane ,Corporate,Online,Monitor,6.0,3274.5,0.2,5.89,0.15,2200.29,Back to School,Cash,Returned,,18081.1,
ORD-0000160,C10248,2025-02-10 00:00:00,Mpho,Dlamini,Pretoria,Consumer,Online,Laptop,1.0,15119.98,0.05,46.71,0.15,9575.13,Payday Promo,Mobile Wallet,Completed,,16565.29,
ORD-0002937,C11344,2024-03-30 00:00:00,Daniel,Mokoena,Nelspruit,Consumer,Marketplace,Headset,2.0,2628.71,0.05,170.19,0.15,1565.64,None,Card,Completed,,5913.92,
ORD-0000610,C11764,2025-05-16 00:00:00,Priya,Khumalo,Johannesburg,Corporate,Online,Printer,4.0,4435.61,0.0,131.33,0.15,2794.92,None,Card,Pending,,20535.13,
ORD-0005012,C10018,2024-06-30 00:00:00,Siyanda,Patel,Bloemfontein,Corporate,Online,Headset,3.0,"R 2,738.26",0.03,0.56,0.15,1982.58,None,Cash,Completed,,9164.14,
ORD-0000292,C12633,2024-05-29 00:00:00,Siyanda,Patel,Johannesburg,Consumer,Phone,Laptop,2.0,9804.66,0.08,159.83,0.15,5869.31,Clearance,Mobile Wallet,Completed,,20906.48,
ORD-0002975,C12513,2024-08-14 00:00:00,Sipho,Dlamini,Gqeberha,Consumer,Store,Webcam,1.0,2117.91,0.15,188.42,0.15,1801.8,None,Card,Completed,Rep A,2258.68,
ORD-0000746,C10603,2024-11-29 00:00:00,Aisha,Khumalo,Durban,Corporate,Online,Monitor,3.0,7907.9,0.0,10.77,0.15,5610.01,None,EFT,CANCELLED,,27293.03,
ORD-0000776,C11077,2024-09-10 00:00:00,Fatima,Khumalo,Cape Town,Small Business,Marketplace,Router,2.0,3064.65,0.25,79.44,0.15,2313.47,None,Bank Transfer,Completed,,5365.96,
ORD-0002747,C10946,2025-12-11 00:00:00,Sipho,Molefe,Polokwane,Small Business,Marketplace,Office Chair,1.0,3321.66,0.1,124.97,0.15,2690.88,Payday Promo,Card,Completed,,3562.89,
ORD-0003442,C11651,2025-02-20 00:00:00,Megan,Mokoena,Johannesburg,Consumer,Online,Tablet,2.0,5363.79,0.05,149.67,0.15,3178.64,None,Bank Transfer,Pending,,11869.56,
ORD-0004674,C10734,2024-12-12 00:00:00,Fatima,Williams,Pretoria,Consumer,Phone,Router,1.0,2560.89,0.08,188.97,0.14,1503.22,None,Bank Transfer,Returned,,2874.84,
ORD-0001458,C10545,2025-04-08 00:00:00,Aisha,Molefe,Cape Town,Corporate,Marketplace,Printer,1.0,2512.01,0.0,32.12,0.15,1624.01,Summer Sale,Mobile Wallet,Completed,,2920.92,
ORD-0003236,C10047,2025-11-11 00:00:00,Megan,Molefe,Johannesburg,Corporate,Online,Laptop,2.0,19368.4,0.08,68.1,0.15,13025.94,Black Friday,Mobile Wallet,Completed,,41051.64,
ORD-0000264,C11297,2025-05-19 00:00:00,Naledi,Dlamini,Nelspruit,Small Business,Online,Laptop,4.0,19607.82,0.0,83.17,0.15,15390.18,New Customer,Card,Completed,,90279.15,
ORD-0001256,C11288,2024-10-02 00:00:00,Jason,Khumalo,Pretoria,Consumer,Online,Laptop,2.0,16232.63,0.15,141.97,0.15,10130.02,None,Card,Returned,,31876.76,
ORD-0004399,C11726,2025-02-15 00:00:00,Siyanda,Nkosi,Polokwane,Consumer,Phone,Monitor,2.0,8292.03,0.2,130.43,0.15,6658.53,None,Bank Transfer,Pending,,15387.76,
ORD-0001772,C10190,2025-11-03 00:00:00,Thabo,Khumalo,Pretoria,Small Business,Store,Mouse,7.0,266.76,0.0,42.69,0.15,195.11,None,Cash,Returned,Rep C,2190.1,
ORD-0004085,C12561,2024-10-26 00:00:00,Zanele,Dlamini,Johannesburg,Corporate,Online,Dock station,5.0,2120.56,0.03,37.78,0.15,1488.67,None,Card,Cancelled,,11865.21,
ORD-0002976,C12425,2024-12-16 00:00:00,Siyanda,Smith,Cape Town,Consumer,Online,Printer,1.0,6043.62,0.1,61.15,0.15,4780.3,Back to School,EFT,Completed,,6316.3,
ORD-0001200,C12290,2025-11-10 00:00:00,Andile,Nkosi,Johannesburg,Small Business,Online,Laptop,1.0,21146.07,0.05,,0.15,13859.27,Summer Sale,Card,Completed,,23263.5,
ORD-0005646,C12520,2025-01-05 00:00:00,Naledi,Dlamini,Benoni,Corporate,Phone,Webcam,1.0,1468.16,0.2,119.56,0.15,883.19,None,Card,Pending,,1470.26,
ORD-0004246,C10001,2024-09-02 00:00:00,Sipho,Williams,Johannesburg,Consumer,Store,Keyboard,2.0,371.48,0.05,86.22,0.15,230.57,Clearance,EFT,Completed,Rep E,897.91,
ORD-0004911,C11511,2025-02-12 00:00:00,Priya,Nkosi,Pretoria,Consumer,Store,Printer,2.0,2448.84,0.1,211.95,0.15,1470.3,None,Card,Returned,Rep A,5281.05,
ORD-0004168,C11775,2025-02-27 00:00:00,Thabo,Mthembu,Johannesburg,Consumer,Online,Mouse,6.0,981.01,0.1,5.35,0.15,652.46,None,Card,Completed,,6097.43,
ORD-0000090,C12846,2025-09-05 00:00:00,Mpho,Smith,Durban,Consumer,Marketplace,Printer,3.0,5831.79,0.1,123.4,0.15,4224.86,None,EFT,Cancelled,,18231.1,
ORD-0004214,C11665,2024-05-08 00:00:00,,Dlamini,Cape Town,Small Business,Online,Docking Station,2.0,2978.52,0.0,76.59,15%,2543.66,None,Card,Completed,,6927.18,
ORD-0001512,C10490,2025-09-13 00:00:00,Kabelo,Mthembu,Pretoria,Consumer,Online,Monitor,1.0,3546.92,0.15,108.56,0.15,2649.29,Summer Sale,Cash,Completed,,3575.67,
ORD-0002370,C12672,2024-09-11 00:00:00,Megan,Khumalo,Pretoria,Small Business,Store,Webcam,4.0,1620.2,0.08,57.76,0.15,1358.89,Back to School,Card,Pending,Rep E,6914.44,
ORD-0005716,C10404,2024-03-20 00:00:00,Mpho,Smith,Johannesburg,Corporate,Store,Monitor,2.0,3964.59,0.1,152.91,0.15,2907.31,Payday Promo,EFT,Returned,Rep B,8359.61,
ORD-0000460,C12884,2024-12-30 00:00:00,Naledi,Pillay,Pretoria,Consumer,Phone,Mouse,2.0,1057.77,0.08,47.09,0.15,900.62,None,Card,Completed,,2285.32,
ORD-0002218,C12715,2025-11-24 00:00:00,Naledi,Naidoo,Pretoria,Small Business,Online,Monitor,1.0,5201.06,0.03,58.66,0.14,4105.13,None,EFT,Completed,,5809.99,
ORD-0004325,C10339,2024-05-06 00:00:00,Aisha,Mthembu,Pretoria,Consumer,Marketplace,Keyboard,3.0,2003.39,0.0,7.79,0.15,1494.83,Payday Promo,Card,Completed,,6919.5,
ORD-0003646,C10161,2025-09-30 00:00:00,Andile,Mokoena,Johannesburg,Corporate,Store,Headset,1.0,"R 2,593.32",0.08,158.43,0.15,1515.77,Black Friday,EFT,Completed,Rep E,2902.16,
ORD-0004338,C11678,2025-11-25 00:00:00,Priya,Khumalo,Johannesburg,Consumer,Store,Monitor,3.0,2595.57,0.03,44.09,0.15,1684.2,None,Card,Completed,Rep E,8730.16,
ORD-0004938,C11884,2025-10-14 00:00:00,Jason,Botha,Bloemfontein,Consumer,Store,Monitor,3.0,8483.38,0.0,132.73,0.15,6271.43,,Mobile Wallet,Completed,Rep B,29400.38,
ORD-0001938,C11370,2024-01-20 00:00:00,Jason,Molefe,Gqeberha,Small Business, online ,Printer,1.0,2478.29,0.0,218.79,0.15,1962.92,None,EFT,Completed,,3068.83,
ORD-0004841,C10537,2024-10-01 00:00:00,Kabelo,Pillay,Cape Town,Corporate,Marketplace,Headset,1.0,1638.56,0.03,158.07,0.15,1151.09,New Customer,Cash,Cancelled,,1985.88,
ORD-0003028,C10290,2025-10-19 00:00:00,Fatima,Patel,Benoni,Corporate,Online,Tablet,10.0,10913.38,0.0,27.47,0.15,9373.14,None,Card,Completed,,125531.28,
ORD-0004095,C10405,2025-09-16 00:00:00,Fatima,Mokoena,Benoni,Consumer,Store,Tablet,6.0,4719.59,0.05,47.07,0.15,3765.79,Summer Sale,Bank Transfer,Cancelled,,30983.95,
ORD-0002319,C11029,2025-03-04 00:00:00,Priya,Nkosi,Benoni,Small Business,Phone,Laptop,1.0,19275.88,0.2,110.21,0.15,12142.62,None,EFT,Completed,,17844.02,
ORD-0003184,C10271,2024-08-01 00:00:00,Naledi,Pillay,Gqeberha,Consumer,Online,Printer,2.0,6423.31,0.15,84.46,0.15,3759.58,None,Card,Returned,,12642.03,
ORD-0004882,C12689,2025-03-06 00:00:00,,Williams,Gqeberha,Consumer,Online,Keyboard,3.0,1723.52,0.08,47.23,0.15,1120.6,New Customer,Card,Completed,,5517.68,
ORD-0003589,C10945,2025-01-25 00:00:00,Daniel,Botha,Pretoria,Corporate,Phone,Laptop,7.0,21010.98,0.15,2.34,0.14,15503.58,Back to School,MobileWallet,Returned,,142519.82,
ORD-0000497,C10880,2024-04-21 00:00:00,Mpho,Nkosi,Pretoria,Corporate,Online,SSD,3.0,1010.79,0.2,2.64,0.15,835.03,None,Card,Cancelled,,2792.43,
ORD-0000221,C12952,2024-12-21 00:00:00,Siyanda,Molefe,Johannesburg,Consumer,Online,SSD,1.0,3935.76,0.0,33.08,0.15,3320.37,None,Card,Returned,,6349.21,
ORD-0004501,C10287,2024-02-15 00:00:00,Thabo,Patel,Gqeberha,Consumer,Online, docking station ,2.0,3537.67,0.05,148.89,0.0,3033.97,,Card,Cancelled,,9489.41,
ORD-0005457,C11821,2025-02-15 00:00:00,Chloe,Molefe,Pretoria,Consumer,Online,Printer,1.0,3104.63,0.03,113.04,0.15,2619.22,None,Card,Cancelled,,4093.7,
ORD-0002926,C10802,2024-04-17 00:00:00,Mpho,Mthembu,Gqeberha,Consumer,Store,Headset,6.0,2137.04,0.08,147.26,0.15,1501.08,Summer Sale,Mobile Wallet,Completed,Rep A,14631.87,
ORD-0000921,C10641,2025-04-24 00:00:00,Siyanda,Nkosi,Cape Town,Consumer,Online,Tablet,1.0,7359.18,0.0,123.93,0.15,4835.68,Black Friday,Card,Completed,,8586.99,
ORD-0005638,C12840,2024-10-22 00:00:00,Lerato,Nkosi,Durban,Consumer,Store,Laptop,3.0,7606.48,0.08,140.79,0.15,4806.27,Black Friday,EFT,Completed,Rep C,24283.76,
ORD-0000985,C12403,2024-10-05 00:00:00,Naledi,Patel,Polokwane,Consumer,Online,Printer,7.0,6364.53,0.03,69.73,0.15,4176.31, none ,EFT,Completed,,49767.17,
ORD-0005659,C12816,2025-11-03 00:00:00,,Patel,Pretoria,Corporate,Phone,Monitor,2.0,2678.37,0.05,207.12,0.15,1723.77,Summer Sale,Card,Completed,,6059.36,
ORD-0005430,C11725,2025-01-13 00:00:00,Thabo,Mokoena,Pretoria,Consumer,Online,Laptop,2.0,15532.43,0.15,56.64,0.15,12642.81,None,Bank Transfer,Pending,,30422.55,
ORD-0001916,C11981,2025-09-08 00:00:00,Priya,Molefe,Johannesburg,Consumer,Marketplace,Monitor,1.0,2607.23,0.0,55.9,0.15,1732.76,Summer Sale,Mobile Wallet,Returned,,3054.22,
ORD-0000313,C10793,2024-09-24 00:00:00,Priya,Williams,Cape Town,Small Business,Marketplace,Webcam,2.0,2304.88,0.0,37.62,0.15,1427.92,None,Card,Cancelled,,5338.84,
ORD-0003214,C11667,2024-08-27 00:00:00,Naledi,Mthembu,Polokwane,Corporate,Marketplace,Printer,3.0,4710.29,0.05,148.56,0.15,3535.28,New Customer,Card,Returned,,15586.55,
ORD-0002442,C11763,2025-11-18 00:00:00,Siyanda,Patel, johannesburg ,Consumer,Online,Mouse,7.0,1021.6,0.08,66.28,0.15,641.61,Summer Sale,Card,Completed,,7632.23,
ORD-0003455,C10841,2025-08-15 00:00:00,Mpho,Nkosi,Nelspruit,Consumer,Online,Headset,2.0,2360.71,0.08,110.35,0.15,1583.26,None,Card,Returned,,5105.61,
ORD-0003829,C12394,2024-07-06 00:00:00,Mpho,Dlamini,Polokwane,Consumer,Online,Laptop,1.0,18057.62,0.03,193.35,0.15,15309.81,None,Card,Cancelled,,20336.62,
ORD-0000678,C12097,2024-06-21 00:00:00,Nomsa,Nkosi,Johannesburg,Small Business,Online,Webcam,4.0,1371.23,0.08,95.1,0.15,926.84,None,MobileWallet,Completed,,5898.15,
ORD-0000166,C10789,2025-04-30 00:00:00,Ryan,Khumalo,Cape Town,Consumer,Marketplace,SSD,1.0,1012.1,0.15,199.11,0.0,859.89,None,Card,Completed,,1059.39,
ORD-0004425,C11083,2024-10-28 00:00:00,Nomsa,Dlamini,Johannesburg,Consumer,Online,Laptop,5.0,18547.44,0.1,89.75,0.15,11494.7,Black Friday,EFT,Completed,,96072.76,
ORD-0005133,C12835,2024-05-10 00:00:00,Zanele,Patel,Durban,Consumer,Phone,Mouse,1.0,381.99,0.0,163.9,0.15,266.34,None,Card,Returned,,603.18,
ORD-0002134,C10884,2025-08-04 00:00:00,Ryan,Mthembu,Johannesburg,Corporate,Online,Headset,4.0,970.81,0.0,5.83,0.15,699.07,Back to School,Card,Completed,,4471.56,
ORD-0002132,C12065,2024-11-12 00:00:00,Nomsa,Mokoena,Johannesburg,Small Business,Marketplace,Keyboard,1.0,374.77,0.1,45.87,0.15,236.1,New Customer,EFT,Completed,,433.76,
ORD-0002255,C10487,2024-08-03 00:00:00,Ryan,Khumalo,Cape Town,Consumer,Online,SSD,1.0,"R 1,691.16",0.0,103.56,0.15,1172.56,None,Bank Transfer,Pending,,2048.39,
ORD-0004200,C10626,2024-03-06 00:00:00,Nomsa,Khumalo,Johannesburg,Consumer,Marketplace,Mouse,4.0,781.9,0.15,35.8,0.14,486.8,None,Cash,Completed,,3066.45,
ORD-0003267,C12855,2024-08-18 00:00:00,Naledi,Pillay,Polokwane,Consumer,Marketplace,Monitor,1.0,3437.9,0.2,177.84,0.15,2401.28,None,nan,Completed,,3340.7,
ORD-0000735,C10868,2024-03-08 00:00:00,Daniel,Naidoo,Pretoria,Consumer,Phone,Monitor,4.0,5490.57,0.0,50.16,0.15,3298.22,Summer Sale,EFT,Completed,,25306.78,
ORD-0003738,C10827,2025-09-03 00:00:00,Chloe,Patel,Cape Town,Corporate,Online,Tablet,4.0,10854.28,0.08,55.79,0.0,8353.77,Payday Promo,Card,Completed,,39999.55,
ORD-0005301,C12352,2024-04-28 00:00:00,Sipho,Khumalo,Cape Town,Corporate,Online,Monitor,1.0,3902.3,0.08,187.57,0.15,3078.49,Payday Promo,Card,Cancelled,,4316.21,
ORD-0000695,C10047,2024-06-30 00:00:00,Kabelo,Khumalo,Pretoria,Consumer,Phone,Keyboard,4.0,969.52,0.1,46.32,0.15,616.36,None,Card,Completed,,4060.15,
ORD-0003238,C11165,2024-04-20 00:00:00,Nomsa,Mokoena,Johannesburg,Consumer,Online,Webcam,10.0,1873.68,0.0,11.08,0.15,1261.38,None,EFT,Completed,,21558.42,
ORD-0003916,C12800,2024-06-15 00:00:00,,Naidoo,Joburg,Corporate,Marketplace,Headset,5.0,931.49,0.2,47.34,0.14,573.66,None,Card,Completed,,4294.92,
ORD-0004594,C12218,2024-03-03 00:00:00,Naledi,Naidoo,Johannesburg,Consumer,Online, router ,2.0,1031.4,0.05,65.38,0.0,707.77,None,Bank Transfer,Completed,,2025.04,2062.8
ORD-0005437,C10287,2024-06-02 00:00:00,Andile,Mthembu,Gqeberha,Small Business,Online,Laptop,3.0,7698.2,0.08,33.36,0.15,6448.05,Payday Promo,Card,Completed,,24467.44,
ORD-0005262,C10804,2025-06-25 00:00:00,Naledi,Khumalo,Durban,Small Business,Store,Mouse,1.0,436.64,0.05,121.94,0.15,312.77,Black Friday,Bank Transfer,Completed,Rep D,598.97,
ORD-0004057,C11268,2024-06-18 00:00:00,Lerato,Mthembu,Gqeberha,Consumer,Marketplace,Office Chair,2.0,5659.18,0.08,163.98,0.15,4637.44,New Customer,EFT,Cancelled,,12138.8,
ORD-0001349,C12036,2025-07-28 00:00:00,Jason,Dlamini,Nelspruit,Consumer,Phone,Office Chair,1.0,3775.73,0.0,98.18,0.15,2299.49,None,Bank Transfer,Returned,,4440.27,
ORD-0004443,C10266,2024-09-06 00:00:00,Aisha,Mthembu, nelspruit ,,Store,Headset,1.0,525.12,0.1,39.13,0.15,397.63,None,EFT,Completed,Rep C,582.62,
ORD-0004000,C11001,2025-04-04 00:00:00,Naledi,Smith,Cape Town,Corporate,Marketplace,Tablet,1.0,5957.97,0.05,146.48,0.15,3466.41,None,Card,Pending,,6655.56,
ORD-0002259,C10697,2024-02-19 00:00:00,Kabelo,Pillay,Pretoria,Corporate,Store,Docking Station,1.0,3444.4,10%,104.38,0.15,2064.61,None,Mobile Wallet,Returned,Rep D,3669.33,
ORD-0002616,C10964,2024-08-31 00:00:00,Kabelo,Dlamini,Nelspruit,Corporate,Online, headset ,4.0,859.2,0.1,50.31,0.15,570.12,New Customer,Card,Completed,,3607.38,
ORD-0000515,C12699,2025-10-13 00:00:00,Megan,Dlamini,Pretoria,Consumer,Store,Monitor,3.0,7382.05,0.05,28.9,0.15,4479.63,None,Card,Completed,Rep B,24223.55,
ORD-0005125,C12601,2025-03-16 00:00:00,Aisha,Mokoena,Gqeberha,Small Business,Online,Headset,1.0,1347.24,0.15,215.94,0.15,1142.1,None,Card,Completed,,1532.87,
ORD-0004961,C11642,2024-03-14 00:00:00,Lerato,Molefe,Benoni,Consumer,Marketplace,Laptop,1.0,20979.16,0.15,83.47,0.15,12765.96,,Card,Pending,,20590.6,
ORD-0005323,C10859,2025-04-14 00:00:00,Fatima,Botha,Benoni,Consumer,Online,Laptop,3.0,12389.59,0.15,145.99,15%,9329.13,Back to School,Card,Completed,,36478.46,
ORD 0002863,C10457,2025-01-09 00:00:00,Thabo,Smith,Cape Town,Consumer,Online,Laptop,10.0,20578.83,0.05,10.75,0.15,14710.69,Back to School,Card,Cancelled,,224834.5,
ORD-0003950,C10046,2025-08-24 00:00:00,Chloe,Mokoena,Nelspruit,Corporate,Phone,Keyboard,1.0,1710.06,0.08,119.85,0.15,1137.18,None,Mobile Wallet,Completed,,1929.1,
ORD-0003431,C10255,2025-04-27 00:00:00,Fatima,Patel,Gqeberha,Corporate,Online,Monitor,1.0,2720.35,0.05,201.18,0.0,2111.34,None,Card,Completed,,2785.51,
ORD-0004660,C11727,2025-06-11 00:00:00,Naledi,Williams,Pretoria,Consumer,Online,Dock station,1.0,615.12,0.2,56.31,0.15,470.34,None,EFT,Completed,,622.22,
ORD-0005570,C11066,2025-03-30 00:00:00,Sipho,Williams,Johannesburg,Consumer,Phone,Headset,2.0,1531.63,0.05,181.89,0.15,1229.63,Black Friday,Card,Completed,,3528.49,
ORD-0001012,C11646,2024-09-13 00:00:00,Thabo,Mthembu,Durban,Corporate,Online,Docking Station,4.0,1981.2,0.2,73.3,0.15,1238.65,New Customer,Mobile Wallet,Returned,,7364.12,
ORD-0005400,C12154,2024-08-20 00:00:00,Siyanda,Mokoena,Nelspruit,Corporate,Online,Laptop,2.0,17832.99,0.0,36.54,0.15,11813.93,None,Bank Transfer,Returned,,41052.42,
ORD-0000891,C10026,2024-08-30 00:00:00,Lerato,Botha,Gqeberha,Consumer,Online,Laptop,2.0,19186.97,0.05,182.7,0.15,14326.7,Back to School,Card,Pending,,42106.23,
ORD-0002792,C11985,2024-05-05 00:00:00,Aisha,Smith,Johannesburg,Consumer,Marketplace,Keyboard,5.0,1220.24,0.0,52.59,0.15,1045.76,None,EFT,Completed,,7068.95,
ORD-0005358,C12133,2024-01-03 00:00:00,Zanele,Mokoena,Pretoria,Consumer,Store,Tablet,3.0,5704.61,0.15,18.98,0.15,4747.29,None,Card,Cancelled,Rep D,16747.75,
ORD 0005999,C12861,2024-05-10 00:00:00,Andile,Molefe,Johannesburg,Consumer,Phone,Keyboard,1.0,363.4,0.0,113.53,0.0,272.96,Clearance,Card,Completed,,476.93,
ORD-0003461,C11820,2025-12-04 00:00:00,Megan,Dlamini,Cape Town,Small Business,Online,Office Chair,1.0,4924.87,0.0,48.31,0.15,3460.99,New Customer,Card,Completed,,5711.91,
ORD-0004729,C12403,2024-07-13 00:00:00,Andile,Patel,Bloemfontein,Small Business,Online,Laptop,10.0,10232.41,0.05,8.75,0.0,8308.76,None,EFT,Completed,,97216.67,
ORD-0003966,C11813,2024-06-23 00:00:00,Chloe,Molefe,Pretoria,Consumer,Marketplace,Mouse,6.0,1162.19,0.0,63.71,0.15,677.4,None,Card,Completed,,8082.84,
ORD-0000195,C11164,2025-11-04 00:00:00,Zanele,Dlamini,Johannesburg,Consumer,Online,Keyboard,7.0,985.77,0.25,122.47,0.15,807.94,None,Card,Completed,,6074.05,
ORD-0000514,C11045,2024-01-09 00:00:00,Sipho,Nkosi,Johannesburg,Small Business,Marketplace,Office Chair,1.0,7018.11,0.25,173.47,0.15,4336.58,Summer Sale,EFT,Completed,,6226.59,
ORD-0001639,C11388,2024-12-10 00:00:00,Lerato,Naidoo,Durban,Consumer,Store,Monitor,2.0,3246.09,0.1,50.76,0.15,2464.29,Clearance,EFT,Returned,Rep D,6770.16,
ORD-0001456,C11203,2025-02-27 00:00:00,Kabelo,Botha,Benoni,Consumer,Online,Headset,1.0,2123.57,0.1,78.58,0.15,1610.01,, card ,Pending,,2276.48,
ORD-0004306,C12590,2025-02-25 00:00:00,Siyanda,Nkosi,Cape Town,Consumer, online ,Monitor,4.0,6477.79,0.25,137.05,0.15,4533.81,None,Mobile Wallet,Completed,,22485.43,
ORD-0004045,C11726,2025-10-07 00:00:00,Sipho,Khumalo,Johannesburg,Corporate,Marketplace,Monitor,,,0.1,49.03,0.15,1091.64,None,Card,Completed,,7738.85,
ORD-0005283,C10071,2025-10-20 00:00:00,Chloe,Mthembu,Johannesburg,Corporate,Online,Headset,1.0,2674.37,0.05,67.43,0.14,1777.9,None,Card,Pending,,2963.78,
ORD-0000636,C12062,2024-06-13 00:00:00,Andile,Mthembu,Durban, small business ,Online,Headset,3.0,1886.01,0.0,90.62,0.15,1501.54,Summer Sale,EFT,Cancelled,,6597.36,
ORD-0005711,C12002,2025-10-29 00:00:00,Megan,Pillay,Johannesburg,Consumer,Store,Router,1.0,2132.63,0.15,157.32,0.14,1495.7,None,Card,Completed,Rep D,2223.84,
ORD-0005218,C12223,2024-11-25 00:00:00,Fatima,Mokoena,Johannesburg, consumer ,Online,Keyboard,4.0,317.84,0.2,49.64,0.15,267.56,None,Mobile Wallet,Returned,,1219.28,
ORD-0000088,C10377,2025-06-17 00:00:00,Chloe,Khumalo,Johannesburg,Small Business,Marketplace,Router,7.0,3080.19,0.1,95.39,0.15,2167.35,None,Card,Pending,,22411.37,
ORD-0001370,C11607,2025-04-30 00:00:00,Thabo,Smith,Bloemfontein,Corporate,Online,SSD,1.0,3284.49,0.08,141.27,0.15,2092.01,Payday Promo,EFT,Completed,,3616.26,
ORD-0004567,C12756,2025-06-15 00:00:00,Lerato,Naidoo,Polokwane,Small Business,Store,Monitor,1.0,4365.41,0.0,87.62,0.15,3486.03,None,Card,Returned,Rep A,5107.84,
ORD-0000191,C10133,2025-10-29 00:00:00,Priya,Mthembu,Johannesburg,Corporate,Marketplace,Laptop,2.0,19047.98,0.08,159.32,0.15,14786.28,New Customer,Mobile Wallet,Completed,,40464.85,
ORD-0003825,C12349,2024-07-08 00:00:00,Zanele,Patel,Durban,Consumer,Store,Printer,1.0,3491.7,0.0,141.1,0.15,2431.08,None,Card,Completed,Rep E,4156.55,
ORD-0000179,C10681,2024-08-29 00:00:00,Lerato,Mokoena,Nelspruit,Consumer,Online,Headset,3.0,2716.7,0.0,100.62,0.15,1867.77,None,Card,Completed,,9473.24,
ORD-0003925,C12983,2024-10-28 00:00:00,Ryan,Naidoo, johannesburg ,Consumer,Marketplace,Laptop,3.0,14114.95,0.2,76.83,0.15,10506.56,None,Card,Returned,,39034.09,
ORD-0003841,C10576,2025-06-04 00:00:00,Jason,Smith,Johannesburg,Consumer,Online,Tablet,1.0,3873.28,0.03,68.17,0.0,2717.36,Summer Sale,Bank Transfer,Completed,,3825.25,
ORD-0002589,C12372,2025-12-31 00:00:00,Megan,Williams,Johannesburg,Consumer,Online,Headset,3.0,994.4,0.0,94.76,0.15,807.32,Back to School,Cash,Completed,,3525.44,
ORD-0003465,C11835,2025-01-17 00:00:00,Naledi,Naidoo,Johannesburg,Consumer, online ,Mouse,5.0,566.34,0.1,22.33,0.15,435.06,None,Card,Completed,,2325.16,
ORD-0001688,C11239,2025-05-22 00:00:00,Siyanda,Mokoena,Johannesburg,Consumer,Online,Tablet,3.0,3264.0,0.15,123.74,0.15,2710.69,None,EFT,Cancelled,,9695.43,
ORD-0003322,C11407,2024-12-18 00:00:00,Nomsa,Botha,Bloemfontein,Small Business,Online,Monitor,3.0,5956.79,0.03,76.75,0.15,4669.51,Payday Promo,Card,Completed,,20011.14,
ORD-0001129,C10408,2025-10-24 00:00:00,Daniel,Botha,Gqeberha,Consumer,Phone,Keyboard,1.0,1725.71,3%,212.28,0.15,1262.48,None,EFT,Completed,,2137.32,
ORD-0003068,C10792,2024-11-14 00:00:00,Thabo,Molefe,Johannesburg,Small Business,Phone,Laptop,2.0,21404.68,0.05,130.23,0.14,15978.43,Payday Promo,Bank Transfer,Completed,,46492.78,
ORD-0003146,C11429,2024-10-26 00:00:00,Zanele,Smith,Durban,Consumer,Store,Monitor,1.0,6240.85,0.0,214.6,0.15,4613.58,Payday Promo,Card,Pending,Rep D,7391.58,
ORD-0002560,C11225,2024-01-15 00:00:00,Aisha,Molefe,Cape Town,Small Business,Online,Webcam,1.0,826.35,0.0,82.93,0.15,494.0,Clearance,EFT,Completed,,1033.22,
ORD-0005403,C12633,2025-12-01 00:00:00,Nomsa,Nkosi,Cape Town,Consumer,Marketplace,Laptop,3.0,9014.88,0.0,115.75,0.15,5620.88, none ,Card,Cancelled,,31217.07,
ORD-0001024,C12674,2024-05-30 00:00:00,Siyanda,Patel,Johannesburg,Consumer,Online,Mouse,4.0,1137.56,0.05,13.21,0.15,729.94,None,Mobile Wallet,Cancelled,,4984.33,
ORD-0004568,C10665,2024-01-28 00:00:00,Naledi,Pillay,Benoni,Consumer,Online,Tablet,1.0,10732.63,0.05,171.91,0.15,7466.28,None,EFT,Cancelled,,11897.31,10732.63
ORD-0000399,C12457,2025-03-17 00:00:00,Jason,Mthembu, cape town ,Consumer,Marketplace,Printer,1.0,2230.7,0.25,58.5,0.15,1332.64,None,Card,Completed,,1982.48,
ORD-0000036,C11799,2025-02-26 00:00:00,Daniel,Nkosi,Durban,Consumer, online ,Laptop,3.0,12782.51,0.15,0.3,0.15,10783.15,Black Friday,Mobile Wallet,Pending,,37485.02,
ORD-0002254,C12683,2024-12-31 00:00:00,Megan,Smith,Nelspruit,Small Business,Online,Keyboard,4.0,1309.65,0.25,6.04,0.15,996.02,None,Card,Returned,,4524.33,
ORD-0002657,C10402,2025-07-18 00:00:00,Ryan,Molefe,Polokwane,Consumer,Phone,Webcam,1.0,1624.09,0.1,80.93,0.15,1085.81,None,Card,Completed,,1761.86,
ORD-0000253,C10831,2024-10-01 00:00:00,Thabo,Patel,Gqeberha,Consumer,Marketplace,Tablet,3.0,6757.26,0.05,90.45,0.15,5475.37,None,Bank Transfer,Returned,,22237.36,
ORD-0005164,C12098,2024-08-04 00:00:00,Kabelo,Mokoena,Gqeberha,Corporate,Online,Office Chair,1.0,5974.48,0.0,74.83,0.15,3580.68,Clearance,Mobile Wallet,Returned,,6945.48,
ORD-0005382,C11952,2024-06-05 00:00:00,Priya,Pillay,Benoni, small business ,Store,Laptop,1.0,18857.53,0.25,70.67,0.15,12153.16,None,Mobile Wallet,Pending,Rep E,16335.29,
ORD-0002941,C11009,2024-09-23 00:00:00,Daniel,Pillay,Nelspruit,Consumer,Marketplace,Headset,2.0,2381.74,0.05,31.22,0.15,1778.05,Payday Promo,Card,Pending,,5235.32,
ORD-0001876,C10772,2025-03-21 00:00:00,Lerato,Khumalo,Johannesburg,Small Business,Online,Headset,1.0,855.82,0.0,31.4,0.15,567.49,None,EFT,Completed,,1015.6,
ORD-0000229,C12312,2024-05-08 00:00:00,Chloe,Dlamini,Johannesburg,Corporate,Store,SSD,2.0,1280.8,0.08,129.48,0.15,945.74,None,EFT,Completed,Rep E,2839.65,
ORD-0003052,C10638,2025-02-19 00:00:00,Sipho,Botha,Johannesburg,Small Business,Online,Docking Station,1.0,3906.14,0.0,163.36,0.15,3080.95,Payday Promo,Card,Completed,,4655.43,
ORD-0001749,C11618,2025-09-05 00:00:00,Jason,Dlamini,Polokwane,Corporate,Online,Office Chair,1.0,2266.34,0.05,124.19,0.15,1889.0,None,Mobile Wallet,Pending,,2600.17,
ORD-0004870,C11870,2025-02-04 00:00:00,Jason,Williams,Bloemfontein,Corporate,Phone,Office Chair,2.0,5626.93,0.08,137.97,0.15,4367.86,Payday Promo,EFT,Completed,,12044.56,
ORD-0001645,C12186,2025-02-22 00:00:00,Zanele,Nkosi,Port Elizabeth,Consumer,Online,SSD,8.0,2476.1,8%,84.04,0.0,1633.25,Back to School,Bank Transfer,Completed,,18308.15,
ORD-0004156,C10994,2025-05-06 00:00:00,Daniel,Mthembu,Bloemfontein,Consumer,Online,Monitor,7.0,3278.58,0.0,76.86,0.15,2250.98,New Customer,EFT,Completed,,26469.4,
ORD-0005361,C11608,2024-08-16 00:00:00,Megan,Khumalo,Johannesburg,Consumer,Online,Laptop,4.0,11709.82,0.08,84.06,0.15,9718.34,None,Card,Cancelled,,49640.02,
ORD-0001610,C10894,2024-09-09 00:00:00,Lerato,Botha,Johannesburg,Corporate,Store,Laptop,4.0,10157.88,0.1,79.15,0.15,7514.34,New Customer,Card,Completed,Rep D,42132.79,
ORD-0002367,C12235,2025-02-17 00:00:00,Siyanda,Molefe,Cape Town,Corporate,Online,Monitor,1.0,7868.61,0.05,203.51,0.15,6024.82,Summer Sale,Cash,Completed,,8799.96,
ORD-0004726,C12216,2024-02-27 00:00:00,Naledi,Patel,Johannesburg,Corporate,Marketplace,Docking Station,7.0,3597.43,10%,52.12,0.15,2127.28,None,Card,Completed,,26115.5,
ORD-0005022,C10654,2024-09-04 00:00:00,Nomsa,Naidoo,Bloemfontein,Consumer,Online,Mouse,3.0,1315.09,0.0,71.91,0.15,1099.54,None,mobile wallet,Returned,,4608.97,
ORD-0001020,C10749,2024-11-10 00:00:00,Priya,Patel,Johannesburg,Corporate,Store,Laptop,2.0,14848.69,0.1,75.7,0.15,10347.96,Payday Promo,Cash,Completed,Rep A,30812.48,
ORD-0005935,C10550,2025-06-13 00:00:00,Jason,Naidoo,Johannesburg,Consumer,Store,Laptop,3.0,12020.76,0.03,49.4,0.0,7890.64,Clearance,Card,Pending,Rep A,35029.82,
ORD-0002083,C11077,2024-04-22 00:00:00,,Williams,Polokwane,Corporate,Online,Keyboard,1.0,782.3,0.1,168.79,0.15,543.35,None,Card,Completed,,978.47,
ORD-0003995,C10487,2025-09-11 00:00:00,Chloe,Pillay,Johannesburg,Corporate,Online,SSD,2.0,946.9,0.0,149.87,0.15,736.67,None,Card,Completed,,2327.73,
ORD-0001787,C11555,2024-02-02 00:00:00,Naledi,Smith,Bloemfontein,Corporate,Marketplace,Webcam,2.0,1408.33,0.03,66.96,0.15,1005.94,None,Card,Completed,,3208.95,
ORD-0002124,C12959,2024-08-26 00:00:00,Fatima,Botha,Durban,Small Business,Marketplace,Docking Station,3.0,1947.06,0.05,84.64,0.15,1649.3,Clearance,EFT, completed ,,6466.14,
ORD-0002222,C10310,2025-12-25 00:00:00,Zanele,Molefe,Bloemfontein,Consumer,Online,Laptop,2.0,8104.8,0.05,165.3,0.15,6797.29,None,Mobile Wallet,Cancelled,,17874.28,
ORD-0005923,C10957,2025-11-24 00:00:00,Naledi,Patel,Gqeberha,Corporate,Marketplace,Headset,5.0,421.17,0.05,98.37,0.15,249.01,Black Friday,Card,Returned,,2398.98,
ORD-0001076,C12078,2024-04-18 00:00:00,Priya,Mthembu,Bloemfontein,Consumer,Store,SSD,2.0,2437.91,0.05,216.16,0.15,1729.3,None,Card,Completed,Rep E,5542.99,
ORD-0002950,C10953,2024-05-29 00:00:00,Chloe,Williams,Durban,Consumer,Phone,Laptop,1.0,11363.15,0.0,115.06,0.15,7246.28,None,Mobile Wallet,Pending,,13182.68,
ORD-0003861,C11302,2024-12-05 00:00:00,Nomsa,Khumalo,Nelspruit,Consumer,Online,Keyboard,2.0,383.11,0.03,100.77,0.15,255.02,New Customer,Mobile Wallet,Completed,,955.5,
ORD-0005878,C11259,2024-04-23 00:00:00,Sipho,Botha,Johannesburg,Small Business,Phone,Laptop,3.0,12667.94,0.05,41.13,0.15,7803.82,Payday Promo,mobile wallet,Completed,,41560.3,
ORD-0003904,C10692,2024-05-30 00:00:00,Naledi,Molefe,Johannesburg,Consumer,Store,Laptop,1.0,14308.09,0.15,95.57,0.15,9382.14,None, mobile wallet ,Completed,Rep D,14081.73,
ORD-0001850,C11692,2024-04-13 00:00:00,Fatima,Williams,Pretoria,Consumer,Online,Headset,1.0,2784.34,0.2,161.68,0.15,1805.99,Black Friday,EFT,Cancelled,,2723.27,
ORD-0005987,C11591,2025-01-21 00:00:00,Lerato,Patel,Johannesburg,Small Business,Store,Mouse,1.0,1321.8,0.05,169.71,0.15,874.71,None,Card,Completed,Rep A,1613.78,
ORD-0002796,C10229,2025-11-25 00:00:00,Daniel,Pillay,Gqeberha,Consumer,Online, tablet ,5.0,8607.49,0.05,123.51,0.15,5486.72,Payday Promo,EFT,Completed,,47141.94,
ORD-0005341,C10814,2025-10-22 00:00:00,Mpho,Williams,Cape Town,Consumer,Online, office chair ,5.0,5014.53,0.05,6.07,0.15,4036.14,New Customer,Cash,Completed,,27397.92,
ORD-0005937,C10751,2024-01-07 00:00:00,Siyanda,Williams,Gqeberha,Small Business,Online,Docking Station,2.0,1365.58,0.0,147.24,0.15,1107.27,None,Mobile Wallet,Pending,,3288.06,
ORD-0004605,C12043,2025-03-01 00:00:00,Jason,Naidoo,Gqeberha,Small Business,Store,Keyboard,6.0,761.41,0.15,28.47,0.15,636.62,Summer Sale,Card,Returned,Rep D,4494.15,
ORD-0004807,C12078,2024-09-15 00:00:00,Siyanda,Mokoena,Pretoria,Small Business,Marketplace,Office Chair,2.0,2032.31,0.15,211.31,0.15,1526.19,Clearance,Card,Returned,,4184.48,
ORD-0005832,C10097,2024/04/15,Ryan,Botha,Polokwane,Consumer,Online,Printer,4.0,6157.65,0.15,88.81,0.15,5166.64,None,Card,Completed,,24165.2,
ORD-0000608,C12393,2024-06-08 00:00:00,Fatima,Naidoo,Polokwane,Consumer,Online,Tablet,2.0,7695.99,0.2,161.77,0.15,4972.43,None,Mobile Wallet,Completed,,14322.4,
ORD-0004484,C12898,2025-10-03 00:00:00,Mpho,Pillay,Benoni,Consumer,Online,Office Chair,2.0,6863.44,0.05,159.36,0.15,5826.62,None,EFT,Pending,,15155.98,
ORD-0000868,C12399,2025-05-22 00:00:00,Zanele,Nkosi,Bloemfontein, corporate ,Online,Monitor,4.0,3334.68,0.1,75.13,0.0,2848.21,None,Mobile Wallet,Completed,,12079.99,
ORD-0002800,C11807,2025-05-09 00:00:00,Lerato,Patel,Benoni,Consumer,Marketplace,Monitor,4.0,1944.33,0.08,25.08,0.14,1655.3,None,Cash,Pending,,8181.91,
ORD-0005008,C12232,2024-10-10 00:00:00,Kabelo,Mthembu,Cape Town,Consumer,Marketplace,Headset,1.0,1488.04,0.03,152.52,0.15,908.5,Clearance,Card,Pending,,1812.42,
ORD-0004245,C12303,2025-12-12 00:00:00,Megan,Pillay,Johannesburg,Consumer,Marketplace,Tablet,6.0,,0.05,50.34,0.15,5348.47,None,EFT,Completed,,54622.69,
ORD-0004850,C10195,2025-05-30 00:00:00,Andile,Mokoena,Durban,Small Business,Store,Webcam,4.0,984.46,0.05,106.09,0.15,841.55,None,Card,Pending,Rep C,4408.2,
ORD-0003555,C11684,2025-07-08 00:00:00,Naledi,Dlamini,Durban,Consumer,Online,Webcam,1.0,756.96,0.0,217.29,0.15,592.07,None,Bank Transfer,Completed,,1087.78,
ORD-0001274,C12114,2024-11-06 00:00:00,Thabo,Pillay,Bloemfontein,Corporate,Online,Keyboard,3.0,1790.44,0.03,11.43,0.15,1377.51,,EFT,Returned,,6003.13,
ORD-0004437,C10048,,Priya,,Johannesburg,Consumer,Online,Monitor,3.0,3808.07,0.1,58.55,0.15,2631.87,New Customer,Card,Completed,,11882.61,
ORD-0001116,C11754,2025-09-03 00:00:00,Sipho,Naidoo,Johannesburg,Corporate,Online,Mouse,3.0,965.99,0.0,80.37,0.15,758.26,None,Card,Cancelled,,3413.03,
ORD-0000541,C10938,2025-10-20 00:00:00,Mpho,Naidoo,Cape Town,Corporate,Online,Laptop,3.0,17680.83,0.08,91.34,0.15,15051.74,Clearance,Card,Returned,,56210.31,
ORD-0002740,C12179,2025-04-14 00:00:00,Naledi,Molefe,Cape Town,Corporate,Online,SSD,4.0,1801.52,0.0,142.76,0.15,1260.56,None,Card,Cancelled,,8429.74,
ORD-0003657,C12105,2025-01-24 00:00:00,Sipho,Patel,Benoni,Small Business,Marketplace,Tablet,3.0,2802.73,0.1,146.26,0.15,2317.89,,Mobile Wallet,Cancelled,,8848.73,
ORD-0001467,C11869,2025-07-13 00:00:00,Kabelo,Botha,Cape Town,Small Business,Online,Tablet,2.0,3946.35,0.0,175.91,0.0,2835.83,None,Card,Returned,,8068.61,7892.7
ORD-0002658,C11470,2025-03-19 00:00:00,Chloe,Botha,Pretoria,Consumer,Phone,Monitor,4.0,2610.58,0.15,42.42,0.0,2003.01,Black Friday,Card,Completed,,8918.41,
ORD-0005052,C10657,2024-05-30 00:00:00,Nomsa,Molefe,Johannesburg,Small Business,Online,SSD,2.0,4186.28,3%,211.61,0.15,2631.95,None,Card,Completed,,9551.21,
ORD-0000281,C12751,2025-07-21 00:00:00,Lerato,Williams,Pretoria,Corporate,Online,Laptop,8.0,14114.99,0.05,84.83,0.15,8632.02,New Customer,Bank Transfer,Completed,,123449.87,
ORD-0002459,C12416,2024-11-10 00:00:00,Fatima,Patel,Gqeberha,Corporate,Phone,Printer,2.0,4154.58,0.15,156.79,0.15,3422.85,Black Friday,Card,Completed,,8279.0,
ORD-0000511,C10973,2024-12-14 00:00:00,Priya,Naidoo,Pretoria,Corporate,Online,Headset,2.0,931.71,0.1,39.67,0.15,764.05,Summer Sale,Card,Cancelled,,1968.31,
ORD-0004066,C10270,2025-05-12 00:00:00,Kabelo,Mokoena,Cape Town,Corporate,Marketplace,Headset,1.0,1855.05,0.0,208.6,0.15,1114.43,New Customer,EFT,Completed,,2341.9,
ORD-0002135,C10858,2024-07-23 00:00:00,Naledi,Dlamini,Nelspruit,Consumer,Phone,Laptop,5.0,20494.6,0.1,139.63,0.15,16914.08,None,Card,Completed,,106199.16,
ORD-0002606,C12440,2024-10-24 00:00:00,Fatima,Naidoo,Johannesburg,Consumer,Online,Keyboard,56.0,443.83,0.05,131.83,0.14,299.01,None,Card,Completed,,612.5,
ORD-0003767,C12332,2025-10-17 00:00:00,Aisha,Botha,Johannesburg,Consumer,Online,Router,6.0,714.64,0.2,120.99,0.15,543.09,None,EFT,Completed,,4065.8,
ORD-0001515,C11743,2024-12-22 00:00:00,Andile,Williams,Johannesburg,Corporate,Phone,Docking Station,1.0,3328.52,0.03,99.42,0.15,2116.44, back to school ,Bank Transfer,Cancelled,,3812.38,
ORD-0000688,C11981,2025-06-23 00:00:00,Kabelo,Molefe,Cape Town,Consumer,Online,Headset,1.0,1490.6,0.1,95.09,0.15,952.77,None,EFT,Completed,,1637.87,
ORD-0000336,C12721,2025-04-01 00:00:00,Ryan,Molefe,Bloemfontein,Corporate,Online,Tablet,1.0,9845.22,0.03,159.0,0.15,6661.31,None,Card,Completed,,11141.34,
ORD-0004739,C12406,2025-04-12 00:00:00,Thabo,Mthembu,Johannesburg,Corporate,Marketplace,Office Chair,5.0,8272.35,0.05,27.43,0.15,4944.27,None,Card,Completed,,45215.14,
ORD-0002363,C10592,2024-12-23 00:00:00,Andile,Mthembu,Pretoria,Corporate,Store,Keyboard,1.0,1147.15,0.2,34.17,0.15,871.18,None,Card,Pending,Rep C,1089.55,
ORD-0002028,C10068,2025-09-16 00:00:00,Megan,Williams,Johannesburg,Small Business, store ,Monitor,1.0,3408.02,0.2,51.31,0.15,2621.33,Black Friday,Card,Completed,Rep B,3186.69,
ORD-0000783,C10569,2025-10-08 00:00:00,Daniel,Khumalo,Cape Town,Consumer,Online,Laptop,1.0,10145.42,0.03,82.62,0.15,6920.42,New Customer,Card,Pending,,11399.84,
ORD-0005697,C11320,2024-03-26 00:00:00,Lerato,Botha,Cape Town,Small Business,Online,Headset,2.0,2439.56,0.1,110.83,0.15,2027.07,Payday Promo,Card,Returned,,5160.72,
ORD-0005990,C12584,2024-05-07 00:00:00,Jason,Mokoena,Johannesburg,Corporate,Online,Headset,1.0,1436.75,0.0,114.97,0.0,1206.84,None,Bank Transfer,Completed,,1551.71,
ORD-0004718,C11540,2024-09-18 00:00:00,Naledi,Molefe,Johannesburg,Consumer,Online,Laptop,1.0,15999.89,0.03,55.31,0.15,12640.07,None,Card,Completed,,17903.18,
ORD-0003579,C12005,2025-03-16 00:00:00,Ryan,Mokoena,Johannesburg,Consumer,Marketplace,Docking Station,3.0,5089.22,0.25,59.59,0.15,3356.12,Payday Promo,Card,Pending,,13227.94,
ORD-0001158,C11270,2024-06-29 00:00:00,Lerato,Nkosi,Durban,Small Business,Phone,SSD,1.0,3459.88,0.2,177.87,0.15,2243.59,Back to School,EFT,Pending,,3360.97,
ORD-0000835,C10106,2024-12-03 00:00:00,Priya,Pillay,Durban,Consumer,Marketplace,Monitor,2.0,5985.7,0.08,116.64,0.15,3891.17,New Customer,Card,pending,,12782.39,
ORD-0002044,C11600,2025-02-06 00:00:00,Jason,Mthembu,Bloemfontein,Consumer,Online,HEADSET,1.0,2056.56,0.15,201.41,0.15,1210.57,None,Card,Returned,,2211.69,
ORD-0005547,C12526,2025-02-03 00:00:00,Mpho,Patel,Nelspruit,Consumer,Online,Laptop,1.0,8554.45,0.0,170.39,0.15,7034.33,None,Card,Completed,,10008.0,
ORD-0004491,C12118,2024-12-13 00:00:00,Megan,Botha,Polokwane,Corporate,Marketplace, monitor ,1.0,8037.63,0.08,211.18,0.15,5953.76,None,Bank Transfer,Completed,,8714.99,
ORD-0004942,C11973,2025-05-24 00:00:00,Siyanda,Botha,Durban,Consumer, online ,Mouse,2.0,570.36,0.0,41.11,0.15,336.52,None,Card,Returned,,1352.93,
ORD-0002624,C12154,2025-10-05 00:00:00,Andile,Botha,Durban,Consumer,Online,Docking Station,5.0,2692.04,0.0,149.11,0.15,1785.06,Clearance,Card,Completed,,15628.34,
ORD-0004033,C10532,2024-05-25 00:00:00,Daniel,Molefe,Durban,Consumer,Online,Webcam,2.0,1378.54,0.0,216.12,0.15,1145.23,Clearance,Card,Completed,,3386.75,
ORD-0002622,C11426,2025-03-01 00:00:00,Mpho,Smith,Nelspruit,Small Business,Phone,Headset,1.0,2008.36,0.1,93.57,0.15,1614.95,None,Card,Completed,,2172.22,
ORD-0004981,C11665,2024-09-09 00:00:00,Siyanda,Mokoena,Polokwane,Consumer,Phone,Laptop,1.0,,0.0,35.91,0.15,10221.0,Payday Promo,Mobile Wallet,Returned,,19267.4,
ORD-0003351,C11883,2024-06-27 00:00:00,Fatima,Patel,Nelspruit,Consumer,Store,Mouse,2.0,488.04,0.1,38.7,0.15,307.84,None,Mobile Wallet,Completed,Rep C,1048.94,
ORD-0002784,C12811,2024-09-23 00:00:00,Nomsa,Pillay,Bloemfontein,Consumer,Store,Mouse,1.0,856.42,0.1,42.59,0.15,596.15,None,EFT,Completed,Rep A,928.98,
ORD-0000950,C10436,2025-11-11 00:00:00,Siyanda,Botha,Cape Town,Corporate,Marketplace,Mouse,3.0,282.61,15%,33.38,0.15,175.16,Payday Promo,Card,Completed,,862.13,
ORD-0001762,C10109,2024-05-29 00:00:00,Zanele,Khumalo,Durban,Corporate,Store,Office Chair,3.0,8786.28,0.15,35.22,0.15,7273.69,None,Card,Completed,Rep A,25800.99,
ORD-0004079,C10399,2025-06-16 00:00:00,Thabo,Khumalo,Pretoria,Consumer,Online,Monitor,3.0,2447.95,0.05,5.53,0.0,1543.92,None,Card,Completed,,6982.19,
ORD-0002328,C12212,2025-08-08 00:00:00,Ryan,Nkosi,Pretoria,Corporate,Online,Docking Station,1.0,2266.28,0.1,57.09,0.15,1366.63,None,EFT,Pending,,2402.68,
ORD-0003712,C12804,2024-07-19 00:00:00,Kabelo,Botha,Benoni,Small Business,Store,Laptop,1.0,11112.38,0.2,217.1,0.15,9301.27,None,EFT,Pending,Rep D,10440.49,
ORD-0000338,C11661,2024-05-11 00:00:00,Thabo,Botha,Cape Town,Consumer,Marketplace,Docking Station,2.0,3736.22,0.0,174.75,0.15,3115.45,None,Cash,Cancelled,,8768.06,
ORD-0003771,C10582,2025-12-19 00:00:00,Mpho,Nkosi,Nelspruit,Consumer,Store,Laptop,3.0,8378.87,0.1,103.51,0.15,5124.15,None,EFT,Completed,Rep D,26119.88,
ORD-0002057,C12725,2024-04-28 00:00:00,Megan,Dlamini,Pretoria,Consumer,Online,Headset,4.0,1872.04,0.1,144.16,0.15,1384.32,Clearance,Mobile Wallet,Cancelled,,7894.42,
ORD-0005206,C10602,2025-01-02 00:00:00,Thabo,Molefe,Gqeberha,Corporate,Online,Monitor,2.0,4547.89,0.0,183.67,0.14,3180.87,None,Card,Completed,,10552.86,
ORD-0005776,C12739,2024-10-18 00:00:00,Naledi,Mthembu,Bloemfontein,Consumer,Phone,Office Chair,1.0,4778.83,0.1,47.01,0.15,4090.45,Back to School,Mobile Wallet,Returned,,4993.1,
ORD-0000294,C11178,2025-12-30 00:00:00,,Williams,Benoni,Consumer,Online,Headset,3.0,2454.47,0.1,21.94,0.15,1892.23,New Customer,Card,Completed,,7643.08,
ORD-0002206,C12629,2024-08-22 00:00:00,Daniel,Naidoo,Johannesburg,Corporate,Marketplace,Monitor,3.0,7607.1,0.1,79.47,0.15,5566.73,Summer Sale,Card,Completed,,23699.5,
ORD-0003414,C12836,2024-06-28 00:00:00,Daniel,Smith,Polokwane,Consumer,Marketplace,Headset,1.0,2777.34,0.0,187.66,0.15,2208.52,Summer Sale,Card,Pending,,3381.61,
ORD-0003194,C11345,2024-05-25 00:00:00,Sipho,Smith,Benoni,Consumer,Marketplace,Printer,3.0,3838.04,0.05,72.63,0.0,2587.86,None,Card,Pending,,11011.04,
ORD-0002594,C10568,2024-12-08 00:00:00,Naledi,Smith,Cape Town,Consumer,Marketplace,SSD,6.0,3840.53,0.0,55.13,0.15,2761.89,Back to School,Mobile Wallet,Completed,,26554.79,
ORD-0002073,C11749,2024-10-11 00:00:00,Lerato,Smith,Johannesburg,Consumer,Online,Webcam,2.0,1929.61,0.1,32.07,0.15,1331.13,None,Card,Completed,,4026.37,
ORD-0000471,C12570,2025-05-16 00:00:00,Mpho,Naidoo,Cape Town,Small Business,Marketplace,Keyboard,3.0,1377.33,0.0,14.11,0.15,1036.46,New Customer,Bank Transfer,Completed,,4765.91,
ORD-0000558,C10909,2024-03-30 00:00:00,Ryan,Mokoena,Bloemfontein,Consumer,Online,Webcam,1.0,1830.43,0.08,140.96,0.0,1488.86,None,Mobile Wallet,Returned,,1824.96,
ORD-0005902,C10482,2024-05-21 00:00:00,Lerato,Molefe,Benoni,Corporate,Online,Router,5.0,2623.66,0.15,76.3,0.14,2203.28,Summer Sale,Mobile Wallet,Pending,,12787.94,
ORD-0001263,C10032,2024-11-24 00:00:00,Nomsa,Patel,Cape Town,Consumer,Online,SSD,1.0,3264.2,0.05,193.47,0.0,2458.7,Back to School,EFT,Completed,,3294.46,
ORD-0005973,C10582,2025-06-25 00:00:00,Jason,Patel,Benoni,Consumer,Online,Tablet,1.0,4076.77,0.03,53.48,0.0,3295.38,None, bank transfer ,Completed,,4007.95,
ORD-0003237,C10819,2025-02-06 00:00:00,Zanele,Dlamini,Johannesburg,Corporate,Marketplace,SSD,3.0,3702.37,0.15,86.68,0.15,2679.43,None,EFT,Pending,,10943.87,
ORD-0001023,C10736,2025-07-02 00:00:00,Aisha,Dlamini,Johannesburg,Consumer,Online,Printer,3.0,5088.96,0.0,115.56,0.0,3890.51,Payday Promo,Card,Completed,,15382.45,
ORD-0000121,C12423,2025-08-11 00:00:00,Jason,Nkosi,Gqeberha,Consumer,Online,Keyboard,1.0,1285.52,0.0,157.77,0.15,1072.52,Summer Sale,Mobile Wallet,Cancelled,,1636.11,
ORD-0000906,C11342,2025-11-12 00:00:00,Kabelo,Mokoena,Bloemfontein,Corporate,Online,Tablet,1.0,9070.95,0.2,183.14,0.15,7416.49,Clearance,Mobile Wallet,Completed,,8528.41,
ORD-0003769,C11987,,Naledi,Botha,Bloemfontein,Consumer,Online,Mouse,1.0,479.45,0.08,140.95,0.15,348.29,Black Friday,Card,Completed,,648.2,
ORD-0001307,C12350,2025-01-05 00:00:00,Chloe,,Pretoria,Consumer,Online, ssd ,3.0,3915.12,0.05,146.91,0.15,2966.46,None,Card,Returned,,12978.72,
ORD-0005485,C10309,2025-05-29 00:00:00,Aisha,Mokoena,Durban,Consumer,Marketplace,Webcam,1.0,1735.02,0.1,151.86,0.15,1071.55,None,Card,Completed,,1947.61,
ORD-0003819,C10679,2025-07-22 00:00:00,Lerato,Patel,Johannesburg,Small Business,Marketplace,Printer,7.0,6016.39,0.0,138.14,0.15,4204.15,None,Card,Completed,,48570.08,
ORD-0005431,C12886,2024-03-27 00:00:00,Nomsa,Williams,Pretoria,Corporate,Store,Docking Station,3.0,1234.4,0.03,25.34,0.15,767.24,Clearance,Card,Completed,Rep D,4156.27,
ORD-0002559,C11857,2025-10-27 00:00:00,Daniel,Botha,Polokwane,Small Business,Store,Tablet,1.0,9673.77,0.15,206.77,0.15,6679.34,Payday Promo,Card,Cancelled,Rep A,9662.88,
ORD-0001936,C12744,2025-05-30 00:00:00,Nomsa,Botha,Pretoria,Corporate,Marketplace,Laptop,1.0,14792.02,0.08,88.27,0.15,11368.16,Payday Promo,Card,Pending,,15738.22,
ORD-0003882,C10375,2024-06-12 00:00:00,Naledi,Molefe,Pretoria,Small Business,Phone,Docking Station,3.0,"R 1,290.73",0.25,19.3,0.0,1086.88,None,Card,Cancelled,,2923.44,
ORD-0003893,C11576,2025-12-23 00:00:00,Fatima,Smith,Durban,Consumer,Phone,SSD,7.0,2478.81,0.1,104.72,0.0,1624.22,None,Mobile Wallet,Completed,,15721.19,
ORD-0001094,C12604,2024-05-17 00:00:00,Kabelo,Botha,Benoni,Consumer,Phone,Keyboard,7.0,1604.68,0.0,21.15,0.15,1073.99,None,Mobile Wallet,Cancelled,,12938.84,
ORD-0003856,C10984,2025-11-27 00:00:00,Nomsa,Molefe,,Consumer,Online,Mouse,2.0,994.74,0.1,175.34,0.15,799.84,New Customer,Card,Completed,,2234.45,
ORD-0004037,C12087,2024-02-08 00:00:00,Megan,Naidoo,Bloemfontein,Consumer,Phone,Mouse,1.0,1126.08,0.03,158.96,0.15,918.32,None,Card,Completed,,1415.1,1126.08
ORD-0005656,C12106,2024-02-01 00:00:00,Thabo,Patel,Johannesburg,Small Business,Store,Tablet,10.0,4034.21,0.0,70.53,0.15,2633.62,None,Card,Completed,Rep C,46464.0,
ORD-0000816,C12988,2024-08-09 00:00:00,Ryan,Naidoo,Durban,Consumer,Online,Monitor,1.0,3834.85,0.0,199.81,0.15,2307.5,Summer Sale,Card,Completed,,4609.89,
ORD-0005517,UNKNOWN-4,2024-06-02 00:00:00,Chloe,Pillay,Pretoria,Consumer,Phone,Tablet,2.0,4422.76,0.15,94.62,0.15,3648.29,None,Card,Completed,,8741.12,
ORD-0004960,C12451,2025-12-14 00:00:00,Ryan,Pillay,Johannesburg,Small Business,Marketplace,Headset,3.0,2584.73,0.2,78.71,0.15,1821.31,Summer Sale,Card,Completed,,7212.58,
ORD-0001083,C11921,2024-12-25 00:00:00,,Smith,Bloemfontein,Consumer,Store,Keyboard,1.0,1155.71,0.0,188.49,0.0,725.23,Payday Promo,Bank Transfer,Returned,Rep B,1344.19,
ORD-0001209,C11350,2024-04-29 00:00:00,Ryan,Nkosi,Pretoria,Consumer,Marketplace,Monitor,,7367.01,0.0,117.9,0.15,4920.33,None,Card,Completed,,25534.09,
ORD-0005484,C12087,2025-11-04 00:00:00,Megan,Dlamini,Pretoria,Consumer,Store,Keyboard,1.0,1905.18,0.05,174.13,0.15,1256.2,None,Card,Returned,Rep C,2255.54,
ORD-0001290,C10311,2024-11-03 00:00:00,Daniel,Molefe,Polokwane,Consumer,Phone,Keyboard,2.0,1516.41,0.1,138.79,0.0,892.64,None,EFT,Returned,,2868.33,
ORD-0004192,C10190,2025-04-12 00:00:00,Megan,Khumalo,Nelspruit,Consumer,Online,Tablet,5.0,,0.0,81.71,0.15,3787.44,None,Card,Pending,,27954.78,
ORD-0002429,C12429,2025-01-25 00:00:00,Fatima,Khumalo,Pretoria,Corporate,Online,Monitor,3.0,3061.32,0.2,124.35,0.15,1817.78,None,Mobile Wallet,Completed,,8573.58,
ORD-0000605,C12829,2024-06-27 00:00:00,Thabo,Nkosi,Benoni,Consumer,Online,Keyboard,1.0,1684.39,0.1,162.17,0.15,1057.47,New Customer,Card,Returned,,1905.51,
ORD-0002115,C12450,2025-11-05 00:00:00,Kabelo,Khumalo,Johannesburg,Small Business,Online,SSD,3.0,3289.48,0.25,135.13,0.15,2525.02,None,Card,Completed,,8646.66,
ORD-0000551,C10261,2025-06-21 00:00:00,Priya,Naidoo,Pretoria,Corporate,Online,Monitor,1.0,2848.05,0.15,39.37,0.15,2013.0,Summer Sale,Card,Completed,,2823.34,
ORD-0002300,C11548,2024-07-15 00:00:00,Jason,Patel,Johannesburg,Small Business,Marketplace,,10.0,381.18,0.0,111.63,0.15,273.03,None,Card,Completed,,4495.16,
ORD-0000476,C10844,2024-06-17 00:00:00,Ryan,Mokoena,Johannesburg,Corporate,Marketplace,Mouse,1.0,257.74,0.0,153.55,0.15,149.73,Clearance,Card,Returned,,449.95,
ORD-0005596,C10575,2024-12-12 00:00:00,Priya,Nkosi,Durban,Corporate,Store,Keyboard,5.0,1452.84,0.03,94.79,0.15,1109.84,None,EFT,Pending,Rep C,8198.0,
ORD-0000213,C11917,2024-03-18 00:00:00,Megan,Botha,Benoni,Consumer,Online,Laptop,5.0,21928.0,0.03,56.58,0.15,13712.92,None,EFT,Completed,,122359.99,
ORD-0003513,C11379,2025-07-21 00:00:00,Mpho,Naidoo,Benoni, consumer ,Online,Monitor,2.0,5066.46,0.15,9999,0.15,3687.53,Clearance,Card,Completed,,10056.8,
ORD-0005822,C11306,2024-04-09 00:00:00,Andile,Williams,Pretoria,Consumer,Marketplace,Keyboard,4.0,1083.69,0.03,82.54,0.15,930.19,None,EFT,Returned,,4917.95,
ORD-0005685,C12046,2025-08-25 00:00:00,Andile,Patel,Cape Town,Consumer,Online,SSD,4.0,4004.24,0.0,31.52,0.15,2818.86,Black Friday,EFT,Completed,,18451.04,
ORD-0002025,C11238,2024-10-13 00:00:00,Megan,Nkosi,Nelspruit,Consumer,Store,Docking Station,2.0,1840.41,0.0,189.98,0.15,1547.05,Black Friday,Card,Completed,Rep C,4422.91,
ORD-0002481,C10296,2024-05-17 00:00:00,Sipho,Nkosi,Benoni,Corporate,Marketplace,Monitor,2.0,5299.59,0.05,219.39,0.15,3914.13,None,Card,Completed,,11799.01,
ORD-0000277,C10302,2024-03-10 00:00:00,Naledi,Nkosi,Pretoria,Consumer,Marketplace,Laptop,3.0,13375.19,0.1,3.13,0.15,10456.81,None,Cash,Pending,,41533.08,
ORD-0004602,C11067,2025-05-31 00:00:00,Mpho,Khumalo,Johannesburg,Consumer,Marketplace,Headset,3.0,619.12,0.0,55.19,0.15,521.54,None,Cash,Completed,,2191.16,
ORD-0005432,C12624,2025-05-12 00:00:00,Priya,Williams,Pretoria,Small Business,Marketplace, keyboard ,3.0,1413.63,0.2,128.4,0.15,993.25,Payday Promo,EFT,Completed,,4030.02,
ORD-0005750,C10211,2025-10-18 00:00:00,Fatima,Williams,Bloemfontein,Consumer,Online,Keyboard,1.0,1934.33,0.1,202.33,0.15,1479.94,None,Mobile Wallet,Returned,,2204.36,
ORD-0002340,C11658,2025-01-27 00:00:00,Andile,Pillay,Johannesburg,Consumer,Marketplace,Mouse,1.0,1262.84,0.0,217.49,0.15,842.41,None,Card,Completed,,1669.75,
ORD-0000902,C10256,2024-10-24 00:00:00,Kabelo,Patel,Pretoria,Consumer,Store,Headset,1.0,735.28,0.0,71.9,0.15,568.23,None,EFT,Cancelled,,917.47,
ORD-0004545,C12639,2024-11-30 00:00:00,Chloe,Botha,Pretoria,Small Business,Online,Mouse,2.0,343.43,0.08,185.1,0.15,256.75,Clearance,Card,Completed,,911.8,
ORD-0001410,C10341,2024-10-18 00:00:00,Naledi,Nkosi,Johannesburg,Consumer,Marketplace,Tablet,3.0,3428.66,0.0,99.37,0.15,2806.63,Clearance,Card,Completed,,11928.25,
ORD-0000990,C12127,2025-02-26 00:00:00,Lerato,Dlamini,Cape Town,Small Business,Phone,Headset,1.0,2687.32,0.0,119.35,0.15,1929.77,Black Friday,Cash,Cancelled,,3209.76,
ORD-0000304,C12686,2024-06-30 00:00:00,Daniel,Dlamini,Gqeberha,Corporate,Store,Webcam,1.0,597.22,0.05,196.64,0.15,352.84,None,Cash,complete,Rep C,849.1,
ORD-0003560,C11975,2025-10-20 00:00:00,Siyanda,Naidoo,Pretoria,Small Business,Online,Tablet,1.0,5593.17,0.25,214.83,0.15,3786.05,None,Card,Completed,,5038.94,
ORD-0004492,C11619,2024-04-13 00:00:00,,Smith,Durban,Small Business,Phone,DockingStation,7.0,725.49,0.05,18.15,0.15,422.57,None,Bank Transfer,Returned,,5566.36,
ORD-0005957,C12697,2024-01-15 00:00:00,Megan,Smith,Johannesburg,Consumer,Marketplace,Mouse,7.0,941.2,0.08,43.79,0.15,686.8,Clearance,Card,Cancelled,,7014.32,
ORD-0001997,C10927,2024/03/04,Aisha,Nkosi,Pretoria,Corporate,Online,Monitor,3.0,5779.38,0.05,123.07,0.15,3644.63,None,Card,Cancelled,,19064.98,
ORD-0002116,C10457,2025-09-09 00:00:00,Zanele,Smith,Pretoria,Corporate,Online,Mouse,1.0,833.84,0.05,118.07,0.15,641.65,Clearance,Mobile Wallet,Completed,,1029.05,
ORD-0001902,C10167,2025-08-15 00:00:00,Siyanda,Pillay,Johannesburg,Corporate,Phone,SSD,2.0,1004.5,0.05,33.52,0.15,862.72,None,Mobile Wallet,Pending,,2228.35,
ORD-0000325,C10859,2025-11-05 00:00:00,Nomsa,Botha,Polokwane,Corporate,Phone,Mouse,1.0,1200.97,0.03,164.45,0.15,726.39,Payday Promo,Card,Completed,,1504.13,
ORD-0003333,C11111,2025-05-14 00:00:00,Lerato,Dlamini,Johannesburg,Corporate,Marketplace,Headset,1.0,2172.58,0.0,218.88,0.15,1824.27,Clearance,Card,Cancelled,,2717.35,
ORD-0001155,C11902,2024-03-15 00:00:00,Zanele,Molefe,Polokwane,Consumer,Online,Router,3.0,1239.47,0.15,77.88,0.15,942.77,None,Card,Completed,,3712.62,
ORD-0005530,C11854,2024-07-25 00:00:00,Nomsa,Patel,Johannesburg,Consumer,Online,Printer,2.0,6092.76,0.08,184.93,0.15,4309.55,Payday Promo,Card,Completed,,13077.21,
ORD-0003473,C12800,2025-03-29 00:00:00,Megan,Khumalo,Cape Town,Corporate,Online,Laptop,1.0,10921.59,0.0,170.13,0.15,6684.07,New Customer,Card,Returned,,12729.96,
ORD-0001474,C11607,2025-07-31 00:00:00,Siyanda,,Johannesburg,Consumer,Store,Mouse,2.0,372.1,0.05,156.44,0.15,253.53,Back to School,EFT,Completed,Rep B,969.48,
ORD-0003012,C11643,2024-01-02 00:00:00,Aisha,Pillay,Nelspruit,Small Business,Phone,Keyboard,4.0,1280.87,0.03,62.81,0.15,802.16,None,Card,Completed,,5778.04,
ORD-0005962,C10388,2024-12-07 00:00:00,Sipho,Khumalo,Johannesburg,Small Business,Online,Webcam,10.0,2023.6,0.05,13.23,0.15,1671.42,Payday Promo,Card,Completed,,22121.08,
ORD-0000151,C10236,2024-08-20 00:00:00,Priya,Molefe,Pretoria,Consumer,Online,Monitor,3.0,5924.43,0.08,23.56,0.15,3997.02,None,EFT,Completed,,18827.7,
ORD-0001122,C11088,2024-08-19 00:00:00,Sipho,Molefe,Pretoria,Consumer,Online,Keyboard,3.0,1797.47,0.1,123.95,0.15,1164.35,Clearance,Card,Completed,,5705.09,
ORD-0004557,C10283,2024-06-24 00:00:00,Mpho,Mokoena,Bloemfontein,Consumer,Store,Laptop,2.0,"R 7,869.76",0.08,210.7,0.15,4600.08,Summer Sale,Card,Cancelled,Rep E,16863.11,
ORD-0004075,C11321,2025-12-01 00:00:00,Fatima,Patel,Johannesburg,Corporate,Online,Keyboard,7.0,613.45,0.1,127.13,0.15,387.3,None,Mobile Wallet,Completed,,4571.57,
ORD-0001131,C11448,2025-07-20 00:00:00,Lerato,Khumalo,Durban,Consumer,Online,Mouse,2.0,1094.79,0.08,185.36,0.15,670.48,Clearance,Card,Pending,,2501.93,
ORD-0003955,C10773,2025-08-20 00:00:00,Naledi,Nkosi,Pretoria,Small Business,Phone,Monitor,2.0,8137.06,0.1,100.36,0.15,5266.28,New Customer,Card,Pending,,16944.08,
ORD-0005564,C12903,2024-08-29 00:00:00,Siyanda,Mthembu,Nelspruit,Small Business,Marketplace, laptop ,4.0,21889.66,0.05,110.17,0.0,14389.13,Payday Promo,Mobile Wallet,Completed,,83290.88,
ORD-0002798,C12929,2025-01-17 00:00:00,Chloe,Pillay,Johannesburg,Consumer,Online,Mouse,4.0,1298.49,0.08,26.96,0.15,979.96,New Customer,Card,Completed,,5522.17,
ORD 0002804,C12173,2024-04-17 00:00:00,Mpho,Nkosi,Johannesburg,Consumer,Marketplace,SSD,2.0,3199.74,0.08,47.1,0.15,2008.99,None,Card,Completed,,6817.75,
ORD-0001049,C11992,2024-03-17 00:00:00,Sipho,Smith,Polokwane,Consumer,Online,Mouse,5.0,1167.5,0.2,33.64,0.0,729.81,Summer Sale,Mobile Wallet,Completed,,4703.63,
ORD-0000812,C12018,2025-02-04 00:00:00,Daniel,Smith,Polokwane,Small Business,Marketplace,Monitor,5.0,3109.43,0.0,94.59,0.0,2183.66,Back to School,Mobile Wallet,Completed,,15641.72,
ORD-0002710,C11760,2024-04-17 00:00:00,Kabelo,Khumalo,Pretoria,Consumer,Marketplace,Office Chair,1.0,1822.15,0.1,178.01,0.15,1524.42,None,Card,Returned,,2063.93,
ORD-0003911,C11471,2024/08/27,Siyanda,Patel,Johannesburg,Corporate,Store,Monitor,4.0,3649.05,0.05,37.51,0.15,2811.87,Black Friday,Card,Completed,Rep C,21518.48,
ORD-0001558,C11970,2025-12-16 00:00:00,Sipho,Williams,Cape Town,Consumer,Marketplace,Keyboard,1.0,1008.23,0.05,186.7,0.15,717.06,None,EFT,Cancelled,,1288.19,
ORD-0001064,C11787,2025-01-29 00:00:00,Jason,Mthembu,Durban,Consumer,Online,Tablet,1.0,9050.83,0.15,44.95,0.0,5936.0,Payday Promo,Card,Returned,,7738.16,
ORD-0003155,C10201,2024-05-04 00:00:00,Fatima,Smith,Nelspruit,Consumer,Store,Tablet,1.0,6816.75,0.08,177.83,0.15,4556.06,None,Card,Completed,Rep C,7389.95,
ORD-0002304,C10024,2025-03-26 00:00:00,Priya,Naidoo,Johannesburg,Consumer,Store,Tablet,1.0,8242.29,0.15,52.46,0.14,6756.99,Back to School,Cash,Completed,Rep E,8039.24,
ORD-0002983,C10996,2025-09-27 00:00:00,Zanele,Botha,Durban,Consumer,Online,Router,6.0,3180.73,0.2,60.49,0.15,2458.53,None,EFT,Cancelled,,17618.09,
ORD-0004966,C10454,2024-04-27 00:00:00,Daniel,Molefe,Pretoria,Consumer,Phone,Printer,3.0,5133.57,0.1,124.85,0.15,4292.98,Back to School,Card,Returned,,16064.58,
ORD-0005938,C12993,2025-08-01 00:00:00,Megan,Mokoena,Johannesburg,Consumer,Online,Monitor,4.0,5099.08,0.0,99.14,0.15,3652.8,Summer Sale,Card,Completed,,23554.91,
ORD-0000893,C12827,2024-01-26 00:00:00,Zanele,Williams,Johannesburg,Consumer,Online,Office Chair,5.0,,0.03,146.14,0.15,6923.35,Clearance,EFT,Completed,,49796.31,
ORD-0002922,C11459,2024-02-01 00:00:00,Priya,Williams,Gqeberha,Consumer,Online,Laptop,1.0,12822.0,0.25,139.68,0.15,9658.03,None,Card,Pending,,11198.65,
ORD-0005500,C10253,2025-10-26 00:00:00,Naledi,Khumalo,Cape Town,Consumer,Store,Mouse,2.0,729.82,,132.35,0.0,441.87,Summer Sale,EFT,Cancelled,Rep A,1591.99,
ORD-0001101,C11313,2024-05-18 00:00:00,Chloe,Khumalo,Pretoria,Consumer,Store,Keyboard,1.0,1366.0,0.05,38.99,2.5,962.63,None,Card,Completed,Rep B,1531.35,
ORD-0002437,C11107,2025-03-19 00:00:00,Chloe,Patel,Johannesburg,Consumer,Marketplace,Router,4.0,2727.42,20%,109.29,0.0,2171.29,None,Mobile Wallet,Completed,,8837.05,
ORD-0002985,C12976,2024-06-21 00:00:00,Mpho,Naidoo,Benoni,Corporate,Store,Laptop,1.0,20120.48,0.08,164.1,0.15,14612.73,None,Card,Cancelled,Rep E,21451.56,
ORD-0001316,C10657,2024-09-08 00:00:00,Aisha,Molefe,Benoni,Small Business,Phone,Router,6.0,1719.15,0.05,61.33,0.15,1445.51,New Customer,Mobile Wallet,Completed,,11330.33,
ORD-0005231,C12800,2025-03-26 00:00:00,Kabelo,Dlamini,Bloemfontein,Small Business,Marketplace,Webcam,2.0,1773.91,0.1,73.09,0.15,1411.32,Clearance,Card,Completed,,3745.08,
ORD-0001649,C12259,2024-09-22 00:00:00,Chloe,Khumalo,Benoni,Consumer,Store,Tablet,2.0,5748.72,0.1,65.14,0.0,3434.64,None,Card,Completed,Rep E,10412.85,
ORD-0005120,C10626,2025-07-19 00:00:00,Aisha,Mthembu,Bloemfontein,Corporate,Online,Headset,3.0,1894.33,0.1,75.15,0.15,1240.42,None,Card,Completed,,5957.05,
ORD-0003104,C11222,2024-04-15 00:00:00,Thabo,Pillay,Joburg,Consumer,Phone,Office Chair,7.0,7779.99,0.05,60.42,0.15,5535.18,None,Card,Completed,,59557.9,
ORD-0000963,C10939,2025-11-10 00:00:00,Mpho,Pillay, johannesburg ,Corporate,Marketplace,Keyboard,1.0,1128.48,0.05,138.24,0.15,705.92,Summer Sale,Bank Transfer,Returned,,1371.1,
ORD-0004343,C12087,2025-08-03 00:00:00,Kabelo,Mthembu,Durban,Consumer,Store,Tablet,6.0,10490.3,0.05,43.91,0.15,7139.38,Black Friday,Card,Pending,Rep D,68807.84,
ORD-0004242,C11505,2024-10-06 00:00:00,Lerato,Mthembu,Gqeberha,Consumer,Online,Laptop,2.0,16470.16,0.03,184.07,0.15,13391.97,None,Card,Completed,,36928.99,
ORD-0000796,C12607,2024-09-03 00:00:00,Fatima,Williams,Benoni,Consumer,Online,Mouse,1.0,972.32,0.1,100.3,0.0,632.61,New Customer, card ,Cancelled,,975.39,
ORD-0000590,C10126,2024-06-25 00:00:00,Chloe,Naidoo,Pretoria,Consumer,Online,Printer,2.0,3854.62,0.15,121.22,0.15,2687.29,New Customer,Bank Transfer,Pending,,7657.0,
ORD-0000074,C10118,2024-12-19 00:00:00,Naledi,Botha,Pretoria,Consumer,Online,Printer,3.0,2579.59,0.03,147.28,0.0,1842.16,Summer Sale,Card,Pending,,7653.9,
ORD-0000461,C12309,2024-07-19 00:00:00,Megan,Khumalo,Pretoria,Consumer,Marketplace,Printer,1.0,4356.35,0.1,153.92,0.15,3044.2,None,Bank Transfer,Completed,,4662.74,
ORD-0000487,C10135,,Chloe,Naidoo,Benoni,Consumer,Online,Tablet,2.0,6055.16,0.0,130.67,0.15,4020.12,Back to School,EFT,Returned,,17487.81,
ORD-0004543,C12349,2024-08-01 00:00:00,Zanele,Williams,Johannesburg,Consumer,Online,Laptop,6.0,8257.42,0.2,72.55,0.15,6542.9,None,EFT,Completed,,45653.51,
ORD-0002139,C11132,2025-02-22 00:00:00,Andile,Molefe,Johannesburg,Consumer,Online,Keyboard,7.0,315.16,0.25,134.16,0.15,221.74,None,Bank Transfer,Cancelled,,2036.94,
ORD-0001230,C10667,2024-04-02 00:00:00,Sipho,Pillay,Johannesburg,Consumer,Online,Router,4.0,2403.1,0.15,63.85,0.15,1430.1,None,Card,Cancelled,,9459.96,
ORD-0000493,C12370,2025-06-16 00:00:00,Zanele,Khumalo,Johannesburg,Consumer,Store,Mouse,1.0,1200.52,0.05,149.87,0.15,835.28,New Customer,Card,Completed,Rep C,1461.44,
ORD-0004267,C12783,2025-03-17 00:00:00,Fatima,Khumalo,Bloemfontein,Corporate,Online,SSD,3.0,1693.61,0.1,111.53,0.15,1021.95,None,Bank Transfer,Completed,,5370.18,
ORD-0003694,C12701,2024-07-03 00:00:00,Thabo,Pillay,Johannesburg,Corporate,Online,Mouse,4.0,182.35,0.1,76.21,0.15,129.95,None,Mobile Wallet,Completed,,831.14,
ORD-0002709,C11396,2024-11-21 00:00:00,Sipho,Mthembu,Johannesburg,Consumer,Phone,Docking Station,3.0,2452.28,0.03,77.69,0.15,1592.77,None,Card,Completed,,8284.24,
ORD-0002105,C12408,2024-04-15 00:00:00,Siyanda,Molefe,Johannesburg,Consumer,Marketplace,Laptop,1.0,9440.81,0.0,130.51,0.15,8050.56,None,EFT,Completed,,10987.44,
ORD-0001266,C10313,2025-11-16 00:00:00,Kabelo,Nkosi,Gqeberha, consumer ,Online,Tablet,1.0,4179.7,0.05,43.58,0.15,3544.23,,Mobile Wallet,Completed,,4609.9,
ORD-0005112,C10870,2025-11-02 00:00:00,Naledi,Smith,Pretoria,Consumer,Online,Mouse,1.0,389.95,0.0,177.15,0.15,267.84,Payday Promo,Cash,Completed,,625.59,389.95
ORD-0003419,C10231,2025-02-03 00:00:00,Aisha,Molefe,Gqeberha, corporate ,Online,Monitor,1.0,6046.98,0.0,169.17,0.15,5095.35,Payday Promo,Bank Transfer,Completed,,7123.2,
ORD-0000098,C11267,17 Sep 2024,Sipho,Molefe,Polokwane,Consumer,Phone,Webcam,5.0,"R 2,127.27",0.15,50.9,0.15,1341.02,None,Card,Pending,,10447.92,
ORD-0003274,C10920,2024-07-02 00:00:00,Mpho,Molefe,Bloemfontein,Corporate,Phone,Office Chair,1.0,8449.78,0.15,104.97,0.15,6803.9,None,Bank Transfer,Returned,,8364.64,
ORD-0005960,C12074,2024-01-10 00:00:00,Naledi,Smith,Gqeberha,Corporate,Online,SSD,1.0,2175.02,0.2,49.64,0.15,1787.98,None,Mobile Wallet,Completed,,2050.66,
ORD-0002528,C10446,2024-11-25 00:00:00,Zanele,Patel,Durban,Consumer, store ,Laptop,2.0,15901.88,0.15,50.22,0.15,10000.04,None,Card,Cancelled,Rep D,39922.08,
ORD-0005314,C12251,2025-12-08 00:00:00,Daniel,Molefe,Benoni,Consumer,Online,Headset,7.0,1346.06,0.15,47.17,0.15,1114.61,None,Bank Transfer,Completed,,9257.58,
ORD-0001773,C12559,2024-07-05 00:00:00,Megan,Mokoena,Cape Town,Consumer,Online,Webcam,1.0,1659.18,0.0,44.73,0.15,1008.97,None,Card,Completed,,1952.79,
ORD-0001468,C11181,2024/08/17,Siyanda,Smith,,Small Business,Online,Docking Station,2.0,2735.58,0.0,105.23,0.15,2129.8,Summer Sale,EFT,Returned,,6397.06,
ORD-0001750,UNKNOWN-18,2024-10-14 00:00:00,Megan,Botha,Nelspruit,Small Business,Phone,Docking Station,2.0,2311.94,0.0,190.15,0.15,1516.83,None,Mobile Wallet,Pending,,5507.61,
ORD-0005896,C12513,2025-02-05 00:00:00,Jason,Williams,Nelspruit,Small Business,Online,Laptop,,21727.01,0.1,82.53,0.14,18685.02,None,Card,Cancelled,,89250.2,
ORD-0001479,C12074,01-31-2024,Megan,Smith,Pretoria,Consumer,Online,Monitor,1.0,6281.23,0.05,167.69,0.15,3706.04,New Customer,Card,Completed,,7029.94,
ORD-0001891,C12521,2024-09-29 00:00:00,Zanele,Smith,Pretoria,Consumer,Store,Docking Station,1.0,4875.28,0.2,128.23,0.0,3923.85,Clearance,EFT,Completed,Rep C,4028.46,
ORD-0004195,C11621,2025-12-09 00:00:00,Kabelo,Naidoo,Nelspruit,Consumer,Online,Printer,1.0,5874.01,0.1,67.91,0.15,4815.68,None,EFT,Pending,,6147.51,
ORD-0003141,C11213,2024-12-21 00:00:00,Sipho,Khumalo,Cape Town,Corporate,Online,Tablet,1.0,4296.87,0.0,113.51,0.15,3444.77,Summer Sale,Card,Completed,,5054.92,
ORD-0002345,C10892,2025-08-26 00:00:00,Andile,Smith,Bloemfontein,Consumer,Store,Docking Station,1.0,3324.34,0.03,137.22,0.15,2263.05,None,EFT,Completed,Rep D,3845.52,
ORD-0004444,C11612,2024-03-02 00:00:00,Chloe,Mthembu,Durban,Consumer,Online,Monitor,1.0,3196.98,0.0,219.05,0.0,2353.57,None,Card,Cancelled,,3416.03,
ORD-0002951,C11567,2025-08-03 00:00:00,Siyanda,Nkosi,Cape Town,Consumer,Store,Mouse,3.0,1129.91,0.05,103.65,0.15,928.9,Clearance, card ,Completed,Rep A,3806.94,
ORD-0000602,C11487,2024-01-23 00:00:00,Siyanda,Smith,Pretoria,Small Business,Marketplace,Laptop,2.0,21178.89,0.1,47.64,0.0,13019.49,None,Mobile Wallet,Completed,,38169.64,
ORD-0003943,C12915,2024-07-15 00:00:00,Mpho,Molefe,Johannesburg,Corporate,Online,Headset,3.0,2577.88,0.03,37.4,0.15,2155.13,None,EFT,Returned,,8664.29,
ORD-0003222,C10646,2024-02-08 00:00:00,Fatima,Naidoo,Polokwane,Consumer,Online,Docking Station,4.0,4806.6,0.1,123.92,0.15,3024.33,None,Cash,Returned,,20023.26,
ORD-0000396,C12624,2024-10-30 00:00:00,Andile,Khumalo,Benoni,Corporate,Store,Tablet,3.0,10284.9,0.03,7.89,0.15,8268.64,None,EFT,Returned,Rep A,34426.32,
ORD-0000427,C12408,2024-10-11 00:00:00,Aisha,Khumalo,Bloemfontein,Corporate,Online,SSD,1.0,3875.1,0.08,216.83,0.15,2386.73,Back to School,EFT,Completed,,4316.68,
ORD-0000022,C12123,2025-03-21 00:00:00,Andile,Molefe,Durban,Consumer,Online,Tablet,4.0,7174.76,0.08,97.72,0.14,5182.16,None,Cash,Completed,,30197.26,
ORD-0005680,C10386,2024-03-30 00:00:00,Daniel,Mokoena,Johannesburg,Small Business,Marketplace,Mouse,6.0,662.57,0.05,92.66,0.15,544.51,None,Card,Pending,,4435.84,
ORD-0001039,C10298,2025-08-02 00:00:00,Lerato,Naidoo,Gqeberha,Consumer,Online,Laptop,3.0,11359.87,0.2,20.28,0.15,9126.84,Back to School,EFT,Cancelled,,31373.52,
ORD-0002301,C12084,2024-02-24 00:00:00,Sipho,Naidoo,Johannesburg,Corporate,Marketplace,Laptop,2.0,10956.16,0.05,37.19,0.15,6537.1,Summer Sale,Mobile Wallet,Completed,,23976.39,
ORD-0005241,C10295,2025-03-21 00:00:00,Nomsa,Dlamini,Nelspruit,Corporate,Store,Monitor,3.0,4162.65,0.0,100.33,0.15,2532.16,Clearance,Card,Completed,Rep E,14461.47,
ORD-0000845,C11744,2025-07-06 00:00:00,Kabelo,Dlamini,Pretoria,Consumer,Marketplace,Mouse,2.0,1119.18,0.0,65.69,0.15,710.73,None,Mobile Wallet,Completed,,2639.8,
ORD-0003358,C10952,2025-09-13 00:00:00,Kabelo,Mokoena,Johannesburg,Consumer, online ,Router,2.0,2376.31,0.05,176.19,0.15,2024.08,Payday Promo,EFT,Completed,,5368.43,
ORD-0002894,C11026,2024-12-05 00:00:00,Daniel,Botha,Durban,Small Business, online ,Office Chair,3.0,4008.04,0.05,128.23,0.15,2972.43,None,EFT,Cancelled,,13264.6,
ORD-0002603,C11171,2024-10-27 00:00:00,Chloe,Naidoo,Pretoria,Small Business,Online,Monitor,1.0,1845.21,5%,69.67,0.15,1172.8,None,EFT,Pending,,2085.56,1845.21
ORD-0005317,C10485,2024-11-02 00:00:00,Fatima,Nkosi,Polokwane,Corporate,Online,Printer,6.0,3549.96,0.05,26.36,0.15,2262.49,None,Card,Completed,,23296.37,
ORD-0003418,C10380,2024-11-15 00:00:00,Kabelo,Mokoena, johannesburg ,Corporate,Online,Laptop,2.0,16754.52,0.08,215.75,0.0,11815.75,None,EFT,Completed,,31044.08,
ORD-0004347,C12404,2024-07-03 00:00:00,Fatima,Nkosi,Johannesburg,Corporate,Online,Laptop,1.0,10262.3,0.03,125.07,0.15,7974.64,None,Bank Transfer,Completed,,11572.67,
ORD-0004836,C11488,2025-01-21 00:00:00,Chloe,Dlamini,Johannesburg,Consumer,Store,Monitor,4.0,7538.63,0.1,99.2,0.15,4615.52,None,Card,Completed,Rep E,31309.13,
ORD-0005061,C11312,2024-01-28 00:00:00,Mpho,Molefe,Pretoria,Consumer,Phone,Webcam,6.0,2097.11,0.08,141.71,0.15,1675.46,Clearance,Card,Returned,,13454.17,
ORD-0001670,C12171,2025-10-25 00:00:00,Sipho,Mthembu,Pretoria,Small Business,Phone,Headset,2.0,2022.18,0.2,162.73,0.15,1312.23,Payday Promo,Cash,Completed,,3883.55,
ORD-0003485,C10073,2025-05-28 00:00:00,Megan,Nkosi,Johannesburg,Small Business,Store,Monitor,1.0,4152.92,0.1,192.72,0.15,2531.03,Back to School,Card,Returned,Rep E,4490.99,
ORD-0005606,C10120,2025-10-22 00:00:00,Kabelo,Patel,Pretoria,Consumer,Online,SSD,2.0,1482.58,0%,103.96,0.0,1111.67,None,Card,Pending,,3069.11,
ORD-0003503,C10786,2024-05-08 00:00:00,Fatima,Pillay,Johannesburg,Small Business,Store,Docking Station,4.0,4438.04,0.1,94.95,0.15,3138.24,Payday Promo,Mobile Wallet,Completed,Rep E,18468.45,
ORD-0005853,C12837,2024-08-18 00:00:00,Lerato,Patel,Pretoria,Corporate,Online,Headset,1.0,1261.6,0.08,78.47,0.14,875.98,None,Card,Cancelled,,1401.63,
ORD-0001315,C12685,2024-01-01 00:00:00,Priya,Williams,Johannesburg,Corporate,Store,Monitor,1.0,6630.56,0.1,200.63,0.15,4817.52,Back to School,Mobile Wallet,Completed,Rep E,7063.26,
ORD-0001847,C12183,2024-08-16 00:00:00,Daniel,Khumalo,Pretoria,Consumer,Online,Webcam,10.0,896.88,0.1,131.62,0.15,724.25,None,Card, cancelled ,,9414.31,
ORD-0003089,C11604,2024-09-20 00:00:00,Kabelo,Khumalo,Johannesburg,Small Business,Marketplace,Headset,2.0,771.76,0.1,47.56,0.15,643.09,Black Friday, mobile wallet ,Pending,,1645.1,
ORD-0005279,C10229,2025-06-03 00:00:00,Mpho,Molefe,Pretoria,Consumer,Online,Webcam,3.0,2066.92,0.05,54.56,0.15,1583.31,Clearance,Card,Pending,,6828.88,
ORD-0000244,C12246,2025-01-17 00:00:00,Siyanda,Patel,Johannesburg,Consumer,Online,Monitor,2.0,7851.82,0.0,86.58,0.15,4706.57,Clearance,Card,Returned,,18145.77,
ORD-0004163,C11920,2024-03-13 00:00:00,Megan,Dlamini,Benoni,Corporate,Store,Router,2.0,2170.74,0.03,215.13,0.15,1379.54,Clearance,EFT,Returned,Rep C,5058.06,
ORD-0004755,C12604,2024-01-19 00:00:00,Naledi,Patel,Cape Town,Consumer,Online,Router,2.0,3277.01,0.1,107.31,0.15,2320.78,None,Mobile Wallet,Returned,,6890.73,
ORD-0000934,C12524,2025-11-10 00:00:00,Jason,Molefe,Cape Town,Small Business,Marketplace,Router,8.0,3149.64,0.03,17.3,0.15,2367.88,None,EFT,Pending,,28124.65,
ORD-0002408,C10515,2025-12-21 00:00:00,Andile,Pillay,Gqeberha,Corporate,Online,Monitor,2.0,1886.67,10%,111.52,0.15,1312.32,Back to School,EFT,Completed,,4016.92,
ORD-0002144,C12537,2025-02-24 00:00:00,Ryan,Khumalo,Benoni,Corporate,Marketplace,Monitor,1.0,4274.56,0.0,187.54,0.15,3189.1,None,Cash,Pending,,5103.29,
ORD-0005752,C12117,2024-07-17 00:00:00,Fatima,Pillay,Durban,Corporate,Marketplace,Printer,4.0,3772.65,0.15,18.71,0.15,3150.48,None,Card,Completed,,14769.78,
ORD-0001529,C11790,2025-12-31 00:00:00,Siyanda,Molefe,Durban,Consumer,Online,Tablet,2.0,4901.59,0.1,96.54,0.0,3675.25,None,Card,Completed,,8919.41,
ORD-0001497,C11084,2024-04-20 00:00:00,Aisha,Naidoo,Polokwane,Consumer,Online,Mouse,4.0,1108.21,0.0,3.41,0.14,932.34,Clearance,Card,Completed,,5056.82,
ORD-0005026,C10256,2024-09-22 00:00:00,Chloe,Botha,Benoni,Consumer,Online,Mouse,2.0,1290.43,0.15,129.88,0.15,932.15,None,Card,Completed,,2652.67,
ORD-0002570,C10645,2025-06-25 00:00:00,Lerato,Smith,Johannesburg,Small Business,Marketplace,SSD,3.0,2708.53,0.05,70.11,0.15,1720.37,None,Card,Returned,,8947.32,
ORD-0005441,C12382,2025-03-15 00:00:00,Sipho,Mthembu,Benoni,Corporate,Phone,Webcam,1.0,1999.82,0.0,86.91,0.15,1213.98,Summer Sale,Bank Transfer,Cancelled,,2386.7,
ORD-0001555,C10864,2024-07-13 00:00:00,Daniel,Smith,Johannesburg,Consumer,Marketplace,Monitor,2.0,7853.07,0.05,201.95,0.15,6358.8,None,Cash,Completed,,17360.92,
ORD-0005529,C12316,2024-07-15 00:00:00,Andile,Naidoo,Polokwane,Consumer,Online,Monitor,6.0,4588.91,0.03,44.74,0.15,3172.16,Payday Promo,Mobile Wallet,Pending,,30758.33,
ORD-0003023,C12635,2024-09-03 00:00:00,Daniel,Nkosi,Johannesburg,Consumer,Online,Laptop,2.0,13705.39,0.05,138.36,0.15,11080.95,Black Friday,Card,Completed,,30084.64,
ORD-0004458,C11464,2025-01-08 00:00:00,Lerato,Nkosi,Cape Town,Consumer,Online,Router,5.0,1550.33,0.05,1.92,0.15,1287.2,Back to School,Card,Completed,,8470.62,
ORD-0005553,C10315,2024-01-05 00:00:00,Ryan,Naidoo, johannesburg ,Small Business,Online,Mouse,3.0,1358.66,0.1,10.59,0.15,820.42,Summer Sale,Cash,Completed,,4229.24,
ORD-0004581,C12245,2024-08-20 00:00:00,Naledi,Pillay,Nelspruit,Small Business,Phone,Laptop,4.0,12877.14,0.1,71.62,0.15,10029.52,None,Card,Pending,,53383.0,
ORD-0003224,C10258,2024-06-10 00:00:00,Siyanda,Mthembu,Pretoria,Corporate,Marketplace,Tablet,2.0,5485.27,0.0,49.27,0.0,3781.41,New Customer,Bank Transfer,Pending,,11019.81,
ORD-0003400,C11937,2024-12-30 00:00:00,Daniel,Williams,Gqeberha,Corporate,Store,Laptop,6.0,"R 8,404.22",0.0,120.35,0.15,6373.56,Summer Sale,Card,Completed,Rep B,58109.49,
ORD-0003329,C10233,2024-11-22 00:00:00,Chloe,Molefe,Durban,Corporate,Store,Printer,1.0,4887.36,0.05,57.13,0.15,2885.59,None,Card,Completed,Rep E,5396.57,
ORD-0002360,C11292,2024-06-30 00:00:00,Priya,Botha,Cape Town,Consumer,Online,Laptop,1.0,17513.99,0.0,168.3,0.15,11351.72,None,Mobile Wallet,Completed,,20309.38,
ORD-0001809,C11509,2025-11-28 00:00:00,Jason,Dlamini,Johannesburg,Consumer,Online,Router,1.0,1017.67,0.0,216.06,0.15,702.69,Payday Promo,EFT,Completed,,1386.38,
ORD-0002891,C11605,2025-12-12 00:00:00,Thabo,Khumalo,Durban,Consumer,Online,Keyboard,8.0,869.06,0.25,113.13,0.15,533.2,None,Card,Completed,,6109.65,
ORD-0002462,C11878,2025-03-25 00:00:00,Daniel,Patel,Cape Town,Consumer,Marketplace,Keyboard,2.0,1022.75,0.05,80.63,0.15,806.38,None,Card,Completed,,2315.33,
ORD-0005254,C12123,2024-05-09 00:00:00,Nomsa,Dlamini,Pretoria,Consumer,Online,Monitor,1.0,6165.54,0.0,47.17,0.15,3826.45,None,Card,Completed,,7137.54,
ORD-0004862,C10883,2024-09-09 00:00:00,Naledi,Khumalo,Johannesburg,Corporate,Store,Webcam,10.0,1595.35,0.03,63.06,0.15,980.45,None,Mobile Wallet,Cancelled,Rep C,17859.15,
ORD-0002507,C10966,2024-12-15 00:00:00,Daniel,Botha,Johannesburg,Consumer,Store,Printer,7.0,3615.84,0.1,71.17,0.15,2294.93,Payday Promo,EFT Transfer,Completed,Rep E,26267.94,
ORD-0001186,C11108,2024-10-25 00:00:00,Kabelo,Patel,Bloemfontein,Consumer,Marketplace,Mouse,7.0,677.25,0.08,83.7,0.15,432.72,Back to School,Card,Completed,,6938.0,
ORD-0002388,C12192,2024-06-10 00:00:00,Ryan,,Pretoria,,Marketplace,Printer,5.0,6318.91,0.15,141.68,0.15,5387.16,None,Card,Cancelled,,31025.36,
ORD-0004383,C10256,2025-08-19 00:00:00,Mpho,Pillay,Durban,Small Business,Store,Headset,1.0,1400.76,0.05,71.12,0.15,1165.61,None,Card,Completed,Rep A,1601.45,
ORD-0003321,C10315,2024-10-24 00:00:00,Sipho,Nkosi,Cape Town,Consumer,Marketplace,Tablet,2.0,5464.37,0.15,43.99,0.15,4271.15,Clearance,Card,Cancelled,,10726.84,
ORD-0002554,C10169,2024-10-16 00:00:00,Sipho,Dlamini,Johannesburg,Consumer,Marketplace,Monitor,1.0,2537.45,0.0,155.76,0.15,2137.94,Summer Sale,Bank Transfer,Completed,,3073.83,
ORD-0005046,C10860,2025-07-28 00:00:00,Kabelo,Nkosi,Polokwane,Consumer,Marketplace,Office Chair,1.0,4877.23,0.15,172.8,0.15,3266.95,None,EFT,Completed,,4940.3,
ORD-0005700,C11628,2025-07-14 00:00:00,Sipho,Khumalo,Polokwane,Small Business,Online,SSD,1.0,2490.17,0.25,157.04,0.0,1561.04,None,Card,Cancelled,,2024.66,
ORD-0004236,C11181,2024-10-05 00:00:00,Ryan,Dlamini,Durban,Small Business,Store,Laptop,,10542.97,0.0,88.92,0.14,8658.44,Back to School,Mobile Wallet,Completed,Rep B,36145.89,
ORD-0003926,C10545,2025-11-24 00:00:00,Thabo,Patel,Gqeberha,Small Business,Marketplace,Keyboard,1.0,1636.03,0.0,149.31,0.15,1088.07,None,Bank Transfer,Completed,,2030.75,
ORD-0004945,C11366,2024-06-24 00:00:00,Kabelo,Naidoo,Durban,Consumer,Phone,Monitor,2.0,6198.88,0.2,177.44,0.15,4221.65,None,Mobile Wallet,Cancelled,,11583.39,
ORD-0005784,C12530,2025-04-26 00:00:00,Sipho,Botha,Durban,Consumer,Store,Printer,5.0,2233.61,0.1,39.8,0.0,1325.12,New Customer,Bank Transfer,Completed,Rep E,10091.03,
ORD-0001761,C11329,2025-12-11 00:00:00,Megan,Khumalo,Pretoria,Corporate,Online,Headset,2.0,1233.6,0.03,100.79,0.15,899.07,Back to School,Card, completed ,,2852.95,
ORD-0003280,C10870,2025-02-01 00:00:00,Sipho,Mokoena,Johannesburg,Corporate,Online,SSD,1.0,1958.38,0.0,71.88,0.15,1516.6,None,Cash,Completed,,2324.02,
ORD-0001966,C10097,2024-05-16 00:00:00,Megan,Williams,Cape Town,Consumer,Online,Tablet,2.0,8973.24,0.1,144.14,0.0,5720.31,None,Cash,Completed,,16295.98,
ORD-0005235,C10026,2024-11-15 00:00:00,Mpho,Patel,Johannesburg,Small Business,Online,Headset,3.0,-100,0.03,136.2,0.15,612.3,None,Card,Cancelled,,3014.36,
ORD-0002949,C12387,2025-09-24 00:00:00,Mpho,Pillay,Polokwane,Corporate,Online,Docking Station,3.0,3936.86,0.1,89.19,0.15,2877.4,Back to School,Card,Returned,,12313.14,
ORD-0003143,C11879,2025-10-05 00:00:00,Ryan,Molefe,Johannesburg,Consumer,Online,Headset,1.0,2456.25,0.2,112.87,0.15,1930.33,New Customer,Mobile Wallet,Completed,,2372.62,
ORD-0005761,C11508,2024-08-26 00:00:00,Kabelo,Khumalo,Johannesburg,Consumer,Store,SSD,1.0,2537.27,0.15,147.1,0.15,1574.48,None,EFT,Completed,Rep E,2627.29,
ORD-0000445,C10867,2025-09-01 00:00:00,Siyanda,Mthembu,Johannesburg,Consumer,Marketplace,Keyboard,3.0,1021.98,0.0,133.61,0.15,728.8,Back to School,Card,Completed,,3659.44,
ORD-0002088,C12329,2024-08-26 00:00:00,Thabo,Molefe,Cape Town,Small Business,Online,Keyboard,1.0,1924.88,0.1,214.07,0.15,1444.89,Back to School,Card,Pending,,2206.33,
ORD-0005219,C11412,2025-05-19 00:00:00,Chloe,Mokoena,Nelspruit,Small Business,Store,Headset,1.0,1764.69,0.08,84.54,0.0,1305.34,None,Mobile Wallet,Pending,Rep D,1708.06,
ORD-0001265,UNKNOWN-17,2024-01-24 00:00:00,Megan,Naidoo,Pretoria,Consumer,Marketplace,Webcam,2.0,2228.15,0.05,105.51,0.0,1511.96,None,Card,Completed,,4339.0,
ORD-0002754,C11119,2025-12-28 00:00:00,Chloe,Nkosi,Polokwane,Small Business,Online,Office Chair,2.0,7193.85,0.08,113.69,0.15,4546.07,None,EFT,Completed,,15335.88,
ORD-0005535,C10709,2025-03-25 00:00:00,Sipho,Khumalo,Pretoria,Small Business,Store,Printer,7.0,3008.71,0.05,91.99,0.15,2401.24,None,Card,Completed,Rep C,23101.09,
ORD-0002566,C10815,2025-09-12 00:00:00,Chloe,Mthembu,Benoni,Small Business,Store,Laptop,7.0,17111.21,0.05,87.25,0.15,14457.14,None,Bank transfer,Completed,Rep D,130945.2,
ORD-0005270,C11966,2024-04-19 00:00:00,Nomsa,Khumalo,Benoni,Consumer,Phone,SSD,1.0,3301.82,0.08,191.91,0.15,2397.94,None,Card,Completed,,3685.24,
ORD-0005768,C12293,2025-11-18 00:00:00,Lerato,Khumalo,Bloemfontein,Corporate,Online,Docking Station,1.0,2070.36,0.03,141.41,0.15,1286.77,None,Card,Completed,,2450.9,
ORD-0004451,C10693,2024-12-18 00:00:00,Jason,Dlamini,Cape Town,Consumer,Online,Monitor,1.0,7941.1,0.2,55.45,0.15,4807.09,None,Card, cancelled ,,7361.26,
ORD-0003930,C10087,2024-07-20 00:00:00,Andile,Mthembu,,Consumer,Online,Webcam,1.0,546.83,0.1,129.08,0.15,405.11,Back to School,Card,Returned,,695.05,
ORD-0001077,C11855,2024-07-04 00:00:00,Andile,Botha,Gqeberha,Corporate,Phone,Monitor,2.0,3444.79,0.05,198.28,0.15,2447.67,None,Mobile Wallet,Returned,,7725.15,
ORD-0002888,C11437,2025-06-16 00:00:00,Daniel,Molefe,Cape Town,Small Business,Online,Monitor,2.0,5869.26,0.05,149.0,0.15,3654.77,Back to School,Bank Transfer,Returned,,12973.33,
ORD-0003271,C12996,2024-05-18 00:00:00,Lerato,Botha,Cape Town,Consumer,Store,Laptop,7.0,17058.76,0%,9.62,0.15,14529.02,None,Card,Completed,Rep C,137332.6,
ORD-0001228,C12078,2024-09-07 00:00:00,Chloe,Mokoena,Benoni,Consumer,Marketplace,Headset,1.0,572.07,0.0,191.64,0.15,373.16,Payday Promo,Card,Returned,,849.53,
ORD-0005188,C10763,2025-12-04 00:00:00,Aisha,Williams,Gqeberha,Consumer,Online,Mouse,4.0,1308.16,0.0,15.21,0.15,882.32,None,Bank Transfer,Returned,,6032.76,
ORD-0001152,C11242,2025-09-20 00:00:00,Zanele,Smith,Durban,Consumer,Phone,Laptop,4.0,21685.91,0.03,111.68,0.15,16777.59,None,Card,Completed,,96874.2,
ORD-0003728,C12908,2025-02-06 00:00:00,Daniel,Dlamini,Nelspruit,Corporate,Online,Mouse,2.0,605.22,0.03,51.04,0.15,405.76,Summer Sale,Card,Cancelled,,1401.29,
ORD-0004031,C12244,2024-05-30 00:00:00,Lerato,Botha,Nelspruit,Small Business,Marketplace,Docking Station,7.0,2147.49,0.0,79.22,0.15,1256.44,None,Card,Completed,,17366.55,
ORD-0003935,C10766,2024-07-24 00:00:00,Fatima,Williams,Cape Town,Consumer,Marketplace,Laptop,2.0,8872.86,0.03,157.97,0.15,5574.15,Back to School,Card,Completed,,19953.31,
ORD-0000418,C11657,2024-10-27 00:00:00,Naledi,Mokoena,Cape Town,Consumer,Online,Webcam,1.0,1486.22,0.25,70.83,0.15,1021.59,None, card ,Cancelled,,1352.69,
ORD-0005063,C12363,2025-07-17 00:00:00,Andile,Mokoena,Polokwane,Consumer,Online,Mouse,6.0,1397.97,0.2,67.56,0.15,896.91,None,Card,Completed,,7784.36,
ORD-0001243,C11147,2024-12-21 00:00:00,Thabo,Smith,Pretoria,Consumer,Online,Printer,3.0,5926.5,0.05,51.39,0.15,5006.68,Payday Promo,EFT,Returned,,19475.49,
ORD-0005667,C10367,2024-12-21 00:00:00,Zanele,Mokoena,Cape Town,Small Business,Online,Laptop,3.0,9840.79,0.0,60.97,0.15,5967.88,None,EFT,Returned,,34011.69,
ORD-0001867,C11583,2025-01-15 00:00:00,Fatima,Dlamini,Benoni,Consumer,Store,Headset,1.0,1565.43,0.05,145.81,0.15,1092.27,Black Friday,Card,Completed,Rep B,1856.04,
ORD-0004254,C10352,2025-04-20 00:00:00,Aisha,Williams,Johannesburg,Small Business,Online,Headset,5.0,1678.43,0.0,21.74,0.15,1431.9,None,Bank Transfer,Completed,,9672.71,
ORD-0003167,C12205,2024-08-16 00:00:00,Zanele,,PE,Corporate,Phone,Laptop,6.0,7546.08,0.1,80.06,0.15,6409.22,None,EFT,Completed,,46941.19,
ORD-0003664,C11130,2024-02-26 00:00:00,Andile,Mthembu,Pretoria,Corporate,Online,Monitor,2.0,1950.88,0.15,39.0,0.15,1506.84,None,EFT,Completed,,3852.97,
ORD-0003716,C10865,2025-11-08 00:00:00,Megan,Khumalo,Pretoria,Consumer,Store,Keyboard,4.0,1418.4,0.15,137.64,0.15,862.43,Black Friday,Card,Cancelled,Rep E,5683.59,
ORD-0005859,C12115,2025-04-29 00:00:00,Aisha,Smith,Pretoria,Consumer,Online,Tablet,5.0,4535.74,0.1,54.91,0.15,3254.72,Payday Promo,EFT,Returned,,23527.37,
ORD-0005251,C11362,2025-09-27 00:00:00,Daniel,Naidoo,Benoni,Consumer,Store,Laptop,1.0,12652.57,0.0,139.4,0.15,7469.39,None,Bank Transfer,Completed,Rep B,14689.85,
ORD-0001279,C10730,2024-08-31 00:00:00,Naledi,Molefe,Gqeberha,Corporate,Phone,Laptop,1.0,9216.29,0.0,67.87,0.15,7390.07,New Customer,Card,Cancelled,,10666.61,
ORD-0002638,C12392,2024-08-30 00:00:00,Kabelo,Naidoo,Johannesburg,Consumer,Phone,SSD,7.0,3800.58,0.0,121.97,0.15,2506.59,None,,Completed,,30716.67,
ORD-0005523,C10680,2025-08-08 00:00:00,Lerato,Patel,Cape Town,Consumer,Phone,Monitor,3.0,6648.15,0.05,1.83,0.15,5438.01,Clearance,EFT,Completed,,21791.14,
ORD-0004857,C12737,2024-02-24 00:00:00,Jason,Dlamini,,Consumer,Marketplace,Mouse,5.0,1022.6,0.1,18.49,0.15,754.3,None,Mobile Wallet,Completed,,5310.45,
ORD-0003111,C12585,2025-11-28 00:00:00,Sipho,Pillay,Johannesburg,Consumer,Store,Mouse,2.0,1070.38,0.1,72.82,0.15,893.47,None,Bank Transfer,Pending,Rep D,2288.52,
ORD-0004339,C12760,2025-08-11 00:00:00,Nomsa,Williams,Durban,Small Business,Online,Mouse,7.0,1182.22,0.0,140.73,0.15,705.61,,Mobile Wallet,Completed,,9657.61,
ORD-0000885,C10444,2024-01-09 00:00:00,Jason,Khumalo,Benoni,Small Business,Online,Laptop,6.0,13780.03,0.2,142.48,0.15,9406.19,None,Cash,Cancelled,,76208.26,
ORD-0000621,C12503,2025-08-17 00:00:00,Zanele,Smith,Pretoria,Consumer,Store,Mouse,1.0,357.16,0.0,83.35,0.15,231.89,Summer Sale,Card,Completed,Rep D,494.09,
ORD-0002552,C11907,2024-08-10 00:00:00,Andile,Mthembu,Johannesburg,Consumer,Online,SSD,3.0,1819.89,0.1,109.78,0.15,1128.91,Summer Sale,Card,Returned,,5760.53,
ORD-0002971,C12152,2024-05-29 00:00:00,Chloe,Molefe,Johannesburg,Corporate,Online,Mouse,,858.46,0.08,30.14,0.15,589.86,None,Card,Completed,,938.39,
ORD-0002208,C10339,2025-04-02 00:00:00,Sipho,Nkosi,Johannesburg,Corporate,Store,Monitor,1.0,2150.33,0.1,198.77,0.15,1753.77,None,Mobile Wallet,Returned,Rep B,2424.36,
ORD-0003467,C12364,2024-12-21 00:00:00,Andile,Molefe,Nelspruit,Corporate,Online,Headset,3.0,2729.51,0.1,72.63,0.15,2035.25,None,Bank Transfer,Completed,,8547.77,
ORD-0000538,C12474,2024-07-23 00:00:00,Daniel,Mokoena,Johannesburg,Corporate,Marketplace,Monitor,5.0,3417.47,0.15,93.57,0.15,2804.32,None,Card,Returned,,16796.47,
ORD-0003768,C11348,2024-10-24 00:00:00,Aisha,Smith,Pretoria,Small Business,Store,Tablet,2.0,3843.74,0.15,56.99,0.15,2364.0,None,EFT,Completed,Rep A,7571.49,
ORD-0002289,C11316,2025-05-14 00:00:00,Lerato,Pillay,Durban,Corporate,Phone,Docking Station,2.0,3774.35,0.2,40.1,0.15,2759.95,Payday Promo,Cash,Pending,,6984.89,
ORD-0000014,C11448,2025-12-21 00:00:00,Naledi,Khumalo,Gqeberha,Corporate,Store,Laptop,1.0,14337.57,0.1,58.88,0.15,11211.32,None,Card,Cancelled,Rep C,14898.26,
ORD-0001682,C12939,2025-01-26 00:00:00,Daniel,Smith,Johannesburg,Consumer,Online,Mouse,4.0,338.17,0.0,59.91,0.15,256.79,None,Card,Completed,,1615.48,
ORD-0000741,C12456,2024-01-20 00:00:00,Jason,Dlamini,Johannesburg,Consumer,Marketplace,Keyboard,3.0,1250.72,0.05,105.21,0.0,904.47,Back to School,Cash,Completed,,4531.66,
ORD-0005497,C12623,2025-11-08 00:00:00,Naledi,Dlamini,Pretoria,Consumer,Online,Keyboard,3.0,1535.02,0.15,12.49,0.15,1170.52,None,Cash,Cancelled,,4513.94,
ORD-0002977,C11198,2024-02-05 00:00:00,Chloe,Williams,Johannesburg,Small Business,Marketplace,Monitor,1.0,4668.37,0.0,154.03,0.15,3719.02,Summer Sale,Cash,Completed,,5522.66,
ORD-0003387,C12875,2025-07-07 00:00:00,Mpho,Patel,Johannesburg,Consumer,Online,Mouse,1.0,253.42,0.0,35.44,0.15,206.79,None,Bank Transfer,Completed,,326.87,
ORD-0001386,C12278,2025-05-30 00:00:00,Megan,Smith,Johannesburg,Consumer,Online,Laptop,1.0,12639.21,0.05,141.9,0.15,9295.94,None,Card,Completed,,13950.24,
ORD-0002844,C12050,2025-01-07 00:00:00,Sipho,Patel,Gqeberha,Small Business,Marketplace,Laptop,1.0,15814.31,0.1,171.75,0.0,9634.48,None,EFT,Completed,,14404.62,
ORD-0005865,C11790,2024-09-17 00:00:00,Fatima,Botha,Johannesburg,Consumer,Online,Headset,1.0,771.53,0.05,57.0,0.15,465.02,None,EFT,Completed,,899.9,
ORD-0005793,C11584,2024-03-21 00:00:00,Naledi,Molefe, nelspruit ,Corporate,Store,Docking Station,1.0,1811.96,0.0,138.67,0.15,1243.64,Back to School,Card,Cancelled,Rep C,2222.42,
ORD-0002404,C10604,2024-12-01 00:00:00,Mpho,Nkosi,Bloemfontein,Consumer,Marketplace,Monitor,4.0,4588.78,0.0,59.96,0.15,3711.9,None,Card, completed ,,21168.33,
ORD-0000335,C12230,2024-08-05 00:00:00,Siyanda,Botha, cape town ,Corporate,Online,Mouse,1.0,1112.05,0.1,144.57,0.15,884.94,None,EFT,Completed,,1295.55,
ORD-0002737,C11632,2024-10-27 00:00:00,Megan,Dlamini,Gqeberha,Consumer,Marketplace,Laptop,5.0,20073.47,0.15,143.46,0.14,14632.39,None,Bank Transfer, completed ,,97399.41,
ORD-0004281,C11118,2025-07-04 00:00:00,Ryan,Mthembu,Johannesburg,Consumer,Online,Monitor,7.0,6117.39,0.0,147.87,0.15,4343.36,Summer Sale,Mobile Wallet,Pending,,49392.88,42821.73
ORD-0004920,C11914,2024-05-24 00:00:00,Aisha,Williams,Johannesburg,Consumer,Store, laptop ,1.0,13694.34,0.03,102.72,0.15,9469.68,Summer Sale,Card,Completed,Rep B,15378.75,
ORD-0003496,C11649,2024-12-12 00:00:00,Zanele,Williams,Benoni,Consumer,Marketplace,Keyboard,3.0,1578.94,0.0,134.46,0.15,1200.28,Back to School,Mobile Wallet,Completed,,5581.8,
ORD-0002990,C12844,2025-02-25 00:00:00,Ryan,Smith,Pretoria,Consumer,Marketplace,Laptop,1.0,20563.53,0.15,143.15,0.14,15448.51,None,Card,Completed,,20069.2,
ORD-0003398,C10086,2024-09-18 00:00:00,Naledi,Naidoo,Cape Town,Consumer,Store,Docking Station,5.0,3561.04,0.05,83.4,0.15,2535.34,None,Card,Completed,Rep B,19535.56,
ORD-0003050,C12791,2024-01-04 00:00:00,Megan,Khumalo,Johannesburg,Consumer,Phone,Webcam,1.0,2218.58,0.08,100.7,0.15,1425.99,Black Friday,Card,Pending,,2447.96,
ORD-0002236,C10512,2025-05-21 00:00:00,Aisha,Pillay,Cape Town,Consumer,Online,Laptop,1.0,13195.29,0.15,123.62,0.15,10716.58,None,EFT,Completed,,13022.02,
ORD-0000942,C11919,2024-07-03 00:00:00,Aisha,Molefe,Johannesburg,Consumer,Online,Docking Station,4.0,2909.58,0.25,120.65,0.15,2146.06,None,Bank Transfer,Completed,,10158.69,
ORD-0004381,C11002,2025-03-05 00:00:00,Andile,Nkosi,Pretoria,Consumer,Online,Tablet,1.0,3975.03,0.0,136.4,0.15,3187.79,New Customer,Mobile Wallet,Completed,,4707.68,
ORD-0002948,C10514,2025-12-24 00:00:00,Nomsa,Khumalo,Polokwane,Consumer,Online,Docking Station,2.0,5041.15,0.0,177.65,0.0,3181.54,Summer Sale,Bank Transfer,Completed,,10259.95,
ORD-0001185,C12775,2025-10-04 00:00:00,Kabelo,Patel,Durban,Consumer,Online,Docking Station,7.0,5067.84,0.0,83.4,0.15,4063.48,New Customer,EFT,Returned,,40879.54,
ORD-0004262,C12444,2024-12-13 00:00:00,Kabelo,Smith,Gqeberha,Consumer,Online,Mouse,1.0,1289.45,0.1,210.26,0.15,1080.27,New Customer,Card,Completed,,1544.84,
ORD-0002278,C12522,2024-08-16 00:00:00,Aisha,Patel,Durban,Small Business,Store,Laptop,2.0,8286.03,0.1,191.22,0.15,6544.48,None,Bank transfer,Returned,Rep A,17343.3,
ORD-0003932,C10694,2024-02-27 00:00:00,Thabo,Naidoo,Benoni,Consumer,Marketplace,Router,2.0,2978.98,0.15,150.72,0.15,2344.17,Payday Promo,EFT,Cancelled,,5974.62,
ORD-0001852,C10548,2025-06-09 00:00:00,Siyanda,Pillay,Cape Town,Corporate,Phone,SSD,1.0,1320.11,0.1,49.52,0.0,946.03,New Customer,Card,Completed,,1237.62,
ORD-0005815,C10629,2025-08-07 00:00:00,Nomsa,Nkosi,Johannesburg,Consumer, online ,Webcam,1.0,2031.18,0.03,93.99,0.15,1200.39,None,Card,Completed,,2359.77,
ORD-0004138,C12813,2025-04-14 00:00:00,Jason,Molefe,Johannesburg,Corporate,Phone,Office Chair,1.0,"R 4,630.22",0.0,190.19,0.0,3568.83,New Customer,Card,Completed,,4820.41,
ORD-0002797,C10351,2025-04-23 00:00:00,Ryan,Smith,Cape Town,Consumer,Marketplace,Monitor,8.0,5655.03,0.0,49.86,0.15,3549.39,None,EFT,Completed,,52076.16,
ORD-0004876,C12439,2024-02-05 00:00:00,Ryan,Khumalo,Cape Town,Corporate,Store,Webcam,7.0,734.73,0.0,80.18,0.15,464.37,None,Card,Completed,Rep E,5994.73,
ORD-0001887,C12655,2025-08-10 00:00:00,Daniel,Williams,Cape Town,Consumer,Online,Mouse,1.0,896.64,0.05,125.78,0.15,729.11,Back to School,Bank Transfer,Returned,,1105.36,
ORD-0003660,C12609,2025-06-11 00:00:00,Aisha,Pillay,Polokwane,Consumer,Store,Headset,4.0,2224.15,0.1,86.19,0.15,1540.05,Clearance,EFT,Completed,Rep E,9294.16,
ORD-0003616,C10167,2024-01-03 00:00:00,Mpho,Mokoena,Johannesburg,Small Business,Online,Laptop,4.0,11799.39,0.1,50.14,0.15,7258.0,Summer Sale,Mobile Wallet,Completed,,48899.6,
ORD-0003520,C11800,2024-06-23 00:00:00,Jason,Smith,Johannesburg,Corporate,Online,Keyboard,10.0,2029.25,0.15,85.04,0.15,1180.26,Black Friday,Card,Completed,,19920.97,
ORD-0002398,C11867,2025-11-24 00:00:00,Priya,Nkosi,Nelspruit,Consumer,Store,Laptop,1.0,8982.13,0.0,55.48,0.15,7065.39,None,Card,Completed,Rep E,10384.94,
ORD-0002094,C11126,2024-04-23 00:00:00,Ryan,Mthembu,Nelspruit, consumer ,Online,Mouse,2.0,1008.24,0.0,160.64,0.15,817.35,None,Card,Completed,,2479.59,
ORD-0002157,C12993,2024-02-04 00:00:00,Ryan,Patel,Pretoria, consumer ,Online,Mouse,5.0,1283.65,0.08,18.84,0.15,879.57,Summer Sale,Mobile Wallet,Completed,,6809.33,
ORD-0003690,C12598,2025-04-21 00:00:00,Kabelo,Smith,Johannesburg,Consumer,Phone,SSD,1.0,1496.74,0.0,46.13,0.15,933.64,New Customer,Card,Pending,,1767.38,
ORD-0005782,C11007,2024-03-21 00:00:00,Siyanda,Pillay,Johannesburg,Consumer,Online,Laptop,1.0,15302.03,0.2,182.92,0.15,12763.47,None,Card,Completed,,14260.79,
ORD-0000030,C10635,2024-04-02 00:00:00,Aisha,Molefe,Durban,Consumer,Marketplace,Printer,5.0,2155.19,0.0,81.82,0.0,1511.52,Back to School,Card,Completed,,10857.79,
ORD-0004278,C12766,2025-03-01 00:00:00,Zanele,Dlamini,JHB,Corporate,Online,Monitor,,3093.51,0.08,37.66,0.15,2333.31,None,Bank Transfer,Returned,,9856.46,
ORD-0002670,C10408,2025-10-19 00:00:00,Thabo,Khumalo,Gqeberha,Consumer,Online,Headset,1.0,2039.59,0.08,149.25,0.15,1387.67,New Customer,Card,Cancelled,,2307.14,
ORD-0003492,C12086,2024-06-20 00:00:00,Siyanda,Mokoena,Gqeberha,Consumer,Phone,Webcam,1.0,651.73,0.05,146.71,0.15,539.89,Back to School,Mobile Wallet,Pending,,858.73,
ORD-0004731,C12928,2024-02-10 00:00:00,Siyanda,Molefe,Benoni,Consumer,Store,Mouse,3.0,743.39,0.05,147.03,0.15,532.98,New Customer,EFT,Completed,Rep E,2583.48,
ORD-0004201,C12684,2025-07-04 00:00:00,Chloe,Botha,Durban,Consumer,Online,Tablet,6.0,9557.9,0.1,87.27,0.15,7216.03,None,Bank Transfer,Cancelled,,59441.84,
ORD-0004157,C11472,2025-06-28 00:00:00,Jason,Nkosi,Benoni,Small Business,Store,Webcam,5.0,824.08,0.0,105.03,0.0,586.52,New Customer, mobile wallet ,Pending,Rep C,4225.42,
ORD-0001108,C12362,2024-06-13 00:00:00,Naledi,Patel,Pretoria,Corporate,Marketplace,SSD,2.0,2886.75,0.0,,0.15,2301.22,None,Mobile Wallet,Completed,,6828.65,
ORD-0000491,C12026,2024-02-01 00:00:00,Naledi,Mokoena,Polokwane,Corporate,Online,Router,1.0,2414.21,0.0,64.84,0.15,1678.76,None,Card,Completed,,2841.18,
ORD-0000316,C12572,2025-05-01 00:00:00,Ryan,Nkosi,Bloemfontein,Small Business,Online,Monitor,4.0,6380.99,0.1,134.92,0.0,5405.98,Black Friday,Card,Completed,,23106.48,
ORD-0001475,C10437,2024-03-23 00:00:00,Andile,Smith,Johannesburg,Consumer,Marketplace,Printer,1.0,2099.42,0.05,84.04,0.0,1362.78,Back to School,Card,Completed,,2078.49,
ORD-0000382,C10958,23/09/2025,Daniel,Dlamini,Durban,Consumer,Store,Headset,4.0,1081.32,0.0,76.69,0.15,814.79,Black Friday,Card,Completed,Rep A,5050.75,
ORD-0004519,C12455,2024-01-17 00:00:00,Priya,Mokoena,Johannesburg,Consumer,Phone,Printer,1.0,5787.58,0.25,209.6,0.15,4472.71,Back to School,Bank Transfer,Cancelled,,5201.38,
ORD-0002187,C10820,2024-12-20 00:00:00,Chloe,Smith,Johannesburg,Small Business,Online,Headset,2.0,1274.59,0.0,119.48,0.15,935.22,,Card,Completed,,3051.05,
ORD-0003812,C12514,2024-08-31 00:00:00,Chloe,Mthembu,Pretoria,Small Business,Store,Laptop,1.0,19857.53,0.2,163.17,0.15,13506.8,None,EFT,Completed,Rep A,18432.1,
ORD-0003596,C11081,2025-01-24 00:00:00,Megan,Nkosi,Polokwane,Small Business,Online,Printer,1.0,2245.58,0.1,89.73,0.15,1663.24,None,Card,Returned,,2413.9,
ORD-0000446,C10736,2024-07-16 00:00:00,Ryan,Naidoo,Durban,Consumer,Marketplace,SSD,6.0,1504.49,0.1,130.81,0.15,1096.69,Payday Promo,Cash,Completed,,9473.68,
ORD-0004760,C12361,2024-06-22 00:00:00,Fatima,Naidoo,Benoni,Consumer,Store,Keyboard,3.0,1925.32,0.03,135.36,0.15,1345.33,None,Card,Completed,Rep B,6578.44,
ORD-0005121,C12127,2025-07-02 00:00:00,Mpho,Smith,Cape Town,Small Business,Phone,Webcam,2.0,1219.48,0.05,111.17,0.15,965.1,None,Card,Completed,,2775.73,
ORD-0002828,C10094,2024-10-15 00:00:00,Mpho,Dlamini,Johannesburg,Small Business, phone ,Webcam,4.0,694.24,0.1,21.06,0.15,576.38,None,EFT,Completed,,2895.21,
ORD-0004073,C12195,2025-07-05 00:00:00,Mpho,Naidoo, johannesburg ,Corporate,Online,Keyboard,1.0,492.28,0.15,53.08,0.15,399.92,None,Card,Returned,,534.28,
ORD-0000627,C11989,2025-09-14 00:00:00,Mpho,Patel,Cape Town, consumer ,Store,Webcam,1.0,1917.59,0.03,171.59,0.15,1183.46,None,EFT, returned ,Rep B,2310.67,
ORD-0005578,C10507,2025-05-09 00:00:00,Jason,Botha,Polokwane,Consumer,Online,Docking Station,5.0,3573.1,0.05,37.59,0.15,2563.79,None,Card,Completed,,19555.67,
ORD-0005609,C10376,2024-07-17 00:00:00,Nomsa,Nkosi,Pretoria,Corporate,Online,Monitor,2.0,1818.18,0.0,171.89,0.15,1434.0,None,Cash,Pending,,4353.7,
ORD-0001113,C10070,2024-03-28 00:00:00,Mpho,Mthembu,Johannesburg,Small Business,Store,Tablet,4.0,3959.93,0.15,14.83,0.15,3047.0,None,Card,Completed,Rep E,15498.16,
ORD-0005604,C12264,2024-04-21 00:00:00,Mpho,Nkosi,Durban,Corporate,Online,Monitor,4.0,2742.48,0.05,92.29,0.15,1684.57,Summer Sale,Card,Completed,,12076.92,
ORD-0001485,C10209,2024-10-21 00:00:00,Kabelo,Patel, johannesburg ,Consumer,Store,Webcam,1.0,1518.73,8%,218.95,0.0,1141.41,Payday Promo,Card,Returned,Rep E,1616.18,
ORD-0004365,C12292,2024-11-12 00:00:00,Chloe,Khumalo,Johannesburg,Corporate,Online,Monitor,2.0,3891.5,0.1,191.57,0.15,2939.0,Clearance,Card,Completed,,8246.98,
ORD-0002978,C12761,2024-01-17 00:00:00,Andile,Botha,Johannesburg,Consumer,Store,SSD,1.0,"R 3,551.42",0.2,61.52,0.15,2086.07,Back to School,Card,Returned,Rep D,3328.83,
ORD-0003196,C12475,2025-06-05 00:00:00,Aisha,Nkosi,Bloemfontein,Small Business,Phone,Laptop,2.0,17683.6,0.15,46.31,0.15,14539.38,None,Card,Pending,,34617.75,
ORD-0005418,C10151,2024-11-15 00:00:00,Andile,Mthembu,Nelspruit,Small Business,Marketplace,Laptop,3.0,9634.52,0.2,49.89,0.15,8015.58,Black Friday,Mobile Wallet,Completed,,26641.16,
ORD-0001611,C12713,2025-12-14 00:00:00,Megan,Dlamini,Pretoria,Small Business,Online,Router,2.0,673.99,0.05,132.39,0.15,520.99,Payday Promo,Card,Pending,,1605.07,
ORD-0005216,C11186,2025-04-05 00:00:00,Zanele,Dlamini,Johannesburg,Small Business,Store,Laptop,3.0,18775.94,0.0,94.75,0.15,15883.62,None,Card,Completed,Rep B,64871.73,
ORD-0003806,C12457,2024-06-30 00:00:00,Daniel,Dlamini,Polokwane,Consumer,Online,Tablet,1.0,7325.66,0.15,108.17,0.15,4964.16,None,EFT,Completed,,7269.0,
ORD-0000012,C12410,2025-03-19 00:00:00,Priya,Khumalo,Johannesburg,Small Business,Marketplace,Keyboard,1.0,827.88,0.1,82.28,0.15,701.02,None,EFT,Completed,,939.14,
ORD-0004211,C11021,2025-03-04 00:00:00,Fatima,Mokoena,Johannesburg,Consumer,Online,Headset,1.0,1690.45,0.0,159.28,0.0,1453.77,None,Mobile Wallet,Pending,,1849.73,
ORD-0000844,C11552,2024-09-18 00:00:00,Sipho,Nkosi,Durban,Corporate,Online,Printer,2.0,4078.34,0.15,184.43,0.15,2938.55,Clearance,Card,Completed,,8157.57,
ORD-0001453,C10482,2025-11-04 00:00:00,Siyanda,Williams, bloemfontein ,Consumer,Phone,Keyboard,2.0,1394.12,0.05,68.27,0.15,1091.91,None,EFT,Completed,,3114.43,
ORD-0005852,C12730,2025-12-08 00:00:00,Daniel,Smith,Durban,Consumer,Store,SSD,5.0,3909.11,0.0,20.22,0.15,3177.92,None,Card,Returned,Rep E,22497.59,
ORD-0001974,C10872,2024-05-22 00:00:00,Mpho,Naidoo,Nelspruit,Consumer,Marketplace,Tablet,5.0,10151.95,0.03,136.5,0.15,6873.05,None,EFT,Cancelled,,56759.0,
ORD-0001789,C10049,2024-01-06 00:00:00,Mpho,Khumalo,Polokwane,Consumer,Store,Office Chair,6.0,8094.46,0.2,122.45,0.15,6958.94,None,Cash,Completed,Rep C,44803.89,
ORD-0002401,C12085,2024-12-06 00:00:00,Sipho,Nkosi,Pretoria,Consumer,Store,Monitor,2.0,2639.38,0.15,167.79,0.14,2124.19,None,Mobile Wallet,Completed,Rep A,5282.91,
ORD-0002701,C12793,2025-05-25 00:00:00,Chloe,Molefe,Benoni,Consumer, phone ,Laptop,1.0,10252.87,0.05,212.55,0.15,6613.0,None,Mobile Wallet,Returned,,11413.81,
ORD-0000774,C12345,2024-06-17 00:00:00,Aisha,Williams,Cape Town, corporate ,Online,Laptop,3.0,9975.17,0.2,91.62,0.15,7315.08,None,Bank Transfer,Completed,,27623.08,
ORD-0004787,C10838,2025-10-01 00:00:00,Zanele,Smith,Johannesburg,Consumer,Online,Webcam,4.0,1194.04,0.15,125.29,0.15,826.31,None,EFT, completed ,,4793.98,
ORD-0000791,C10290,2025-09-25 00:00:00,Aisha,Khumalo,Benoni,Corporate,Store,Keyboard,6.0,306.83,0.05,28.24,0.0,188.13,None,EFT,Completed,Rep E,1777.17,
ORD-0002916,C10921,2025-04-21 00:00:00,Andile,Smith,Johannesburg,Consumer,Phone,Headset,5.0,2738.37,0.2,49.53,0.15,2120.38,None,Card,Pending,,12646.03,
ORD-0004266,C12186,2025-04-21 00:00:00,Aisha,Molefe,Johannesburg,Consumer,Phone,Docking Station,1.0,4643.83,0.05,68.09,0.15,3891.93,None,Card,Completed,,5141.48,
ORD-0003350,C10812,2025-01-19 00:00:00,Aisha,Pillay,Benoni,Consumer,Online,Tablet,1.0,6050.26,0.25,116.73,0.15,4319.37,,Card,Completed,,5335.07,
ORD-0005281,C10941,21 Mar 2024,Naledi,Pillay,Johannesburg,Consumer,Phone,Webcam,1.0,2070.43,0.2,149.34,0.15,1661.34,None,EFT,Completed,,2054.13,
ORD-0002122,C10142,2024-02-29 00:00:00,Sipho,Dlamini,Benoni,Consumer,Phone,Laptop,1.0,16112.06,0.0,214.16,0.15,11861.04,None,Card,Pending,,18743.03,
ORD-0001554,C10448,2025-02-04 00:00:00,Naledi,Mokoena,Johannesburg,Consumer,Online,SSD,2.0,1372.62,15%,197.73,0.15,1177.12,Clearance,EFT,Pending,,2881.21,
ORD-0003135,C11664,2025-11-04 00:00:00,Chloe,Williams,Durban,Corporate,Phone,Keyboard,4.0,1757.55,0.0,50.59,0.15,1384.91,None,Card,Returned,,8135.33,
ORD-0004847,C11116,2025-02-21 00:00:00,Lerato,Smith,Cape Town,Consumer,Phone,SSD,3.0,3666.43,0.0,116.0,0.0,3047.34,Back to School,Card,Completed,,11115.28,
ORD-0002879,C11182,2025-07-15 00:00:00,Zanele,Khumalo,Nelspruit,Consumer,Online,Office Chair,3.0,7249.42,0.0,36.0,0.15,4649.89,None,EFT,Completed,,25046.49,
ORD-0001820,C12096,2024-03-22 00:00:00,Thabo,Smith,Pretoria ,Small Business,Online,Office Chair,3.0,6710.7,0.0,116.64,0.15,4245.67,Payday Promo,Card,Completed,,23268.55,
ORD-0002811,C11615,2025-01-01 00:00:00,Megan,Mokoena,Johannesburg,Consumer,Store,Keyboard,4.0,1727.62,0.0,122.09,0.15,1187.13,Back to School,Cash,Completed,Rep D,8069.14,
ORD-0000592,C10731,2025-09-25 00:00:00,Nomsa,Dlamini,Cape Town,Consumer,Marketplace,Tablet,1.0,8202.9,0.0,141.87,0.15,4832.7,Summer Sale,EFT,Completed,,9575.21,
ORD-0004904,C10150,2024-01-27 00:00:00,Zanele,Dlamini,Cape Town,Consumer,Marketplace,Laptop,3.0,14299.27,0.1,120.66,0.15,9853.18,None,Mobile Wallet,Completed,,44519.89,
ORD-0005180,C11055,2024-12-23 00:00:00,Mpho,Nkosi,Bloemfontein,Consumer,Online,Monitor,4.0,8489.76,0.05,17.8,0.15,5407.33,Back to School,Bank Transfer,Completed,,37118.07,
ORD-0001045,C12073,2024-03-10 00:00:00,Naledi,Mthembu,Durban,Consumer,Online,Monitor,2.0,2256.42,0.25,43.27,0.15,1682.71,None,Mobile Wallet,Completed,,3935.59,
ORD-0004041,C11696,2024-03-19 00:00:00,Aisha,Williams,Durban,Small Business,Online,Router,6.0,1417.03,0.0,58.64,0.15,962.11,None,Cash,Completed,,9836.14,
ORD-0005545,C11559,2025-03-04 00:00:00,Kabelo,Smith,Nelspruit,Consumer,Marketplace,Office Chair,5.0,4696.02,0.1,127.21,0.0,3245.14,None,Cash,Completed,,21259.28,
ORD-0004749,C10450,2024-12-05 00:00:00,Priya,Patel,Durban,Small Business,Store,Keyboard,2.0,294.55,0.05,177.0,0.15,230.59,None,Mobile Wallet,Completed,Rep A,820.58,
ORD-0005763,C10929,2024-08-12 00:00:00,Naledi,Mthembu,Pretoria,Consumer,Online,Laptop,2.0,18164.49,0.1,175.96,0.15,12474.47,Summer Sale,EFT,Completed,,37776.45,
ORD-0005336,C11257,2025-04-05 00:00:00,Naledi,Williams,Cape Town,Consumer,Store,Printer,5.0,5205.73,0.08,125.3,0.15,4386.33,Clearance,EFT,Completed,Rep C,27663.62,
ORD-0000245,C12622,2024-01-14 00:00:00,Mpho,Khumalo,Benoni,Corporate,Online,Laptop,6.0,10941.59,0.03,28.95,,7139.55,None,EFT,Completed,,73261.01,
ORD-0001388,C10455,2025-09-05 00:00:00,Fatima,Khumalo, pretoria ,Consumer,Online,Laptop,2.0,14119.3,0.05,,0.15,9156.03,None,Bank Transfer,Pending,,31007.57,
ORD-0002023,C11788,2024-10-04 00:00:00,Aisha,Mthembu,Polokwane,Consumer,Marketplace,Laptop,3.0,12257.56,0.15,119.33,0.15,9903.48,None,Card,Cancelled,,36064.62,
ORD-0000060,C12471,2024-04-04 00:00:00,Ryan,Smith,Gqeberha,Small Business,Store,SSD,4.0,1554.53,0.08,145.56,0.15,1151.59,Payday Promo,Card,Completed,Rep B,6724.33,
ORD-0005342,C10635,2024-08-26 00:00:00,Priya,Pillay,Durban,Consumer,Online,Keyboard,7.0,871.28,0.05,32.36,0.15,560.9,None,Cash, completed ,,6695.46,
ORD-0000177,C12833,2024-01-06 00:00:00,Siyanda,Patel,Pretoria,Consumer,Online,Mouse,4.0,1049.13,0.0,86.36,0.15,764.01,None,Card,Completed,,4912.37,
ORD-0000450,C10200,2025-01-15 00:00:00,Kabelo,Naidoo,Johannesburg,Consumer,Online,Office Chair,3.0,5923.87,0.08,24.53,0.15,3512.38,None,Cash,Completed,,18826.89,
ORD-0004082,C11841,2024-08-12 00:00:00,Nomsa,Patel,Benoni,Consumer,Phone,Tablet,5.0,8216.38,0.0,19.71,0.15,5847.46,None,Card,Completed,,47263.89,
ORD-0000056,C12438,2024-03-28 00:00:00,Nomsa,Mthembu,Cape Town,Corporate,Store,Monitor,2.0,4040.87,0.05,66.99,0.15,2968.19,None,Mobile Wallet,Pending,Rep B,8896.3,
ORD-0003458,C10370,2024-09-01 00:00:00,Aisha,Khumalo,Johannesburg,Small Business,Online,Mouse,6.0,610.24,0.0,107.79,0.15,470.18,None,Card,Completed,,4318.47,
ORD-0005189,C11467,2025-03-28 00:00:00,Chloe,Botha,Bloemfontein,Consumer,Phone,Webcam,2.0,673.14,0.15,186.75,0.0,546.94,New Customer,Cash,Completed,,1331.1,
ORD-0001769,C11770,2024-11-28 00:00:00,Aisha,Khumalo,Pretoria,Corporate,Online,Keyboard,6.0,928.44,0.2,24.0,0.15,665.29,Payday Promo,Mobile Wallet,Cancelled,,5148.99,
ORD-0001738,C12685,2024-03-25 00:00:00,Ryan,Dlamini,Pretoria,Consumer,Online,SSD,6.0,2532.84,0.1,92.86,0.15,1962.28,None,Bank Transfer,Cancelled,,15821.77,
ORD-0003241,C10105,2025-12-18 00:00:00,Sipho,Pillay,Cape Town,Corporate,Marketplace,Keyboard,1.0,2029.73,0.05,31.85,0.15,1534.81,Back to School,Mobile Wallet,Completed,,2249.33,
ORD-0005306,C10083,2024-10-08 00:00:00,Chloe,Pillay,Durban,Consumer,Store,Keyboard,1.0,2088.97,0.0,133.4,0.15,1561.71,None,Card,Pending,Rep E,2535.72,
ORD-0004738,C12554,2024-06-19 00:00:00,Siyanda,Naidoo,Cape Town,Consumer,Online,Monitor,3.0,2532.55,,137.45,0.15,1480.42,Back to School,Card,Cancelled,,7564.15,
